id,section,cluster,wave,title,slug,primary_keyword,volume,kd,intent,evidence,angle_rationale,format,word_count,cta_primary,cta_secondary,hub_link,image_source,image_concept,og_treatment,meta_title,meta_description,schema,status,notes
H001,hyrox,Fundamentals & FAQ,1,What is HYROX? The complete beginner's explanation,what-is-hyrox-the-complete-beginners-explanation,what is a hyrox,1300,39,Informational,semrush,The definitive plain-English explainer; wins the featured snippet with a 40-word definition up top,pillar,2500,Free HYROX plan maker (branded PDF),Take the fitness assessment quiz,/hyrox/guide,own-photo,track/pair-frontal-colour.jpg,"photo + title band, brand dark/chartreuse, 1200x630",What is HYROX? The complete beginner's explanation | Suth Performance,The definitive plain-English explainer. From the Elite 15 HYROX coaching team at Suth Performance.,Article + FAQPage + BreadcrumbList,check-overlap,
H002,hyrox,Fundamentals & FAQ,1,"What does HYROX stand for? Name, meaning and origin",what-does-hyrox-stand-for-name-meaning-and-origin,what does hyrox stand for,5400,28,Informational,semrush,"5,400/mo question with a one-line answer nobody gives cleanly; snippet + AI-citation target",guide,1500,Free HYROX plan maker (branded PDF),Take the fitness assessment quiz,/hyrox/guide,ai-generate,"race-floor wide shot, competitors mid-transition, editorial grade","photo + title band, brand dark/chartreuse, 1200x630","What does HYROX stand for? Name, meaning and origin | Suth Performance","5,400/mo question with a one-line answer nobody gives cleanly. From the Elite 15 HYROX coaching team at Suth Performance.",Article + BreadcrumbList (+HowTo where stepped),check-overlap,
H003,hyrox,Fundamentals & FAQ,1,HYROX meaning: what the word actually refers to,hyrox-meaning-what-the-word-actually-refers-to,hyrox meaning,2900,41,Informational,semrush,"Sibling of the stand-for post targeting the distinct 2,900/mo phrasing; canonical-separate intents",guide,1500,Free HYROX plan maker (branded PDF),Take the fitness assessment quiz,/hyrox/guide,ai-generate,"close-up of chalked hands gripping sled rope, shallow depth","photo + title band, brand dark/chartreuse, 1200x630",HYROX meaning: what the word actually refers to | Suth Performance,"Sibling of the stand-for post targeting the distinct 2,900/mo phrasing. From the Elite 15 HYROX coaching team at Suth Performance.",Article + BreadcrumbList (+HowTo where stepped),check-overlap,
H004,hyrox,Fundamentals & FAQ,1,The 8 HYROX stations explained (with weights and standards),8-hyrox-stations-explained-with-weights-and-standards,hyrox stations,2900,29,Informational,semrush,Anchor listicle linking down to all 8 station guides; the internal-linking spine of the site,pillar,2500,Free HYROX plan maker (branded PDF),Take the fitness assessment quiz,/hyrox/guide,own-photo,guides/station-sled-push.jpg,"photo + title band, brand dark/chartreuse, 1200x630",The 8 HYROX stations explained (with weights and standards) | Suth Performance,Anchor listicle linking down to all 8 station guides. From the Elite 15 HYROX coaching team at Suth Performance.,Article + FAQPage + BreadcrumbList,planned,
H005,hyrox,Fundamentals & FAQ,1,"HYROX rules: the official standards, penalties and no-reps",hyrox-rules-the-official-standards-penalties-and-no-reps,hyrox rules,720,23,Navigational,semrush,"KD23 quick win; tabular rules summary formatted for snippets, updated each season",guide,1500,Free HYROX plan maker (branded PDF),Take the fitness assessment quiz,/hyrox/guide,ai-generate,"judge's-eye view of wall ball rep at target, gym light","photo + title band, brand dark/chartreuse, 1200x630","HYROX rules: the official standards, penalties and no-reps | Suth Performance",KD23 quick win. From the Elite 15 HYROX coaching team at Suth Performance.,Article + BreadcrumbList (+HowTo where stepped),check-overlap,
H006,hyrox,Fundamentals & FAQ,1,"HYROX race format: distances, order and how the race flows",hyrox-race-format-distances-order-and-how-the-race-flows,hyrox format,720,38,Informational,semrush,Format query cluster (format/race format/distances/events in order) consolidated into one canonical,guide,1500,Free HYROX plan maker (branded PDF),Take the fitness assessment quiz,/hyrox/guide,data-graphic,"course flow diagram, 8 runs + 8 stations loop","headline stat rendered as branded card, 1200x630","HYROX race format: distances, order and how the race flows | Suth Performance",Format query cluster (format/race format/distances/events in order) consolidated into one canonical. From the Elite 15 HYROX coaching team at Suth Performance,Article + BreadcrumbList (+HowTo where stepped),check-overlap,
H007,hyrox,Fundamentals & FAQ,1,"HYROX divisions explained: Open, Pro, Doubles and Relay",hyrox-divisions-explained-open-pro-doubles-and-relay,hyrox singles,140,50,Informational,semrush,Division chooser with honest guidance on which to enter first; feeds the quiz CTA,guide,1500,Free HYROX plan maker (branded PDF),Take the fitness assessment quiz,/hyrox/guide,own-photo,track/pair-bend-rear-colour.jpg,"photo + title band, brand dark/chartreuse, 1200x630","HYROX divisions explained: Open, Pro, Doubles and Relay | Suth Performance",Division chooser with honest guidance on which to enter first. From the Elite 15 HYROX coaching team at Suth Performance.,Article + BreadcrumbList (+HowTo where stepped),check-overlap,
H008,hyrox,Fundamentals & FAQ,1,"HYROX age groups: categories, cut-offs and what they mean for you",hyrox-age-groups-categories-cut-offs-and-what-they-mean-for-you,hyrox age groups,260,22,Informational,semrush,KD22; table of age brackets + how age-group placement works; masters cluster entry point,guide,1500,Free HYROX plan maker (branded PDF),Take the fitness assessment quiz,/hyrox/guide,ai-generate,"mixed-age athletes on race start line, documentary style","photo + title band, brand dark/chartreuse, 1200x630","HYROX age groups: categories, cut-offs and what they mean for you | Suth Performance",KD22. From the Elite 15 HYROX coaching team at Suth Performance.,Article + BreadcrumbList (+HowTo where stepped),check-overlap,
H009,hyrox,Fundamentals & FAQ,2,How does HYROX work? Race day from arrival to finish line,how-does-hyrox-work-race-day-from-arrival-to-finish-line,how does hyrox work,90,52,Informational,semrush,Narrative first-timer walkthrough; long-tail catcher for a dozen 'how does it work' phrasings,guide,1500,Free HYROX plan maker (branded PDF),Take the fitness assessment quiz,/hyrox/guide,own-photo,track/pair-distant-dusk-bw.jpg,"photo + title band, brand dark/chartreuse, 1200x630",How does HYROX work? Race day from arrival to finish line | Suth Performance,Narrative first-timer walkthrough. From the Elite 15 HYROX coaching team at Suth Performance.,Article + BreadcrumbList (+HowTo where stepped),planned,
H010,hyrox,Fundamentals & FAQ,2,Is HYROX CrossFit? The differences that actually matter,is-hyrox-crossfit-the-differences-that-actually-matter,is hyrox crossfit,210,28,Informational,semrush,KD28 question with clean yes/no answer; funnels to the full vs-CrossFit comparison,guide,1500,Free HYROX plan maker (branded PDF),Take the fitness assessment quiz,/hyrox/guide,ai-generate,"split scene sled lane vs barbell platform, same gym","photo + title band, brand dark/chartreuse, 1200x630",Is HYROX CrossFit? The differences that actually matter | Suth Performance,KD28 question with clean yes/no answer. From the Elite 15 HYROX coaching team at Suth Performance.,Article + BreadcrumbList (+HowTo where stepped),planned,
H011,hyrox,Fundamentals & FAQ,2,What does HYROX consist of? Every element of the race,what-does-hyrox-consist-of-every-element-of-the-race,what does hyrox consist of,210,38,Informational,semrush,Component checklist format for the 210/mo phrasing; snippet bait,guide,1500,Free HYROX plan maker (branded PDF),Take the fitness assessment quiz,/hyrox/guide,data-graphic,stations + runs visual checklist,"headline stat rendered as branded card, 1200x630",What does HYROX consist of? Every element of the race | Suth Performance,Component checklist format for the 210/mo phrasing. From the Elite 15 HYROX coaching team at Suth Performance.,Article + BreadcrumbList (+HowTo where stepped),planned,
H012,hyrox,Fundamentals & FAQ,2,The RoxZone explained: what it is and how not to lose minutes in it,roxzone-explained-what-it-is-and-how-not-to-lose-minutes-in-it,roxzone,,,Informational,longtail-unevidenced,Glossary+strategy hybrid; almost nobody covers transition time loss with data,guide,1500,Free HYROX plan maker (branded PDF),Take the fitness assessment quiz,/hyrox/guide,ai-generate,"athlete jogging through transition zone carrying grip, motion blur","photo + title band, brand dark/chartreuse, 1200x630",The RoxZone explained: what it is and how not to lose minutes in it | Suth Performance,Glossary+strategy hybrid. From the Elite 15 HYROX coaching team at Suth Performance.,Article + BreadcrumbList (+HowTo where stepped),planned,
H013,hyrox,Fundamentals & FAQ,2,HYROX scoring and rankings: how your time and placing work,hyrox-scoring-and-rankings-how-your-time-and-placing-work,hyrox ranking,40,,Informational,semrush,"Explains timing, age-group placement, world ranking; links to results pages",guide,1500,Free HYROX plan maker (branded PDF),Take the fitness assessment quiz,/hyrox/guide,data-graphic,sample results table annotated,"headline stat rendered as branded card, 1200x630",HYROX scoring and rankings: how your time and placing work | Suth Performance,"Explains timing, age-group placement, world ranking. From the Elite 15 HYROX coaching team at Suth Performance.",Article + BreadcrumbList (+HowTo where stepped),planned,
H014,hyrox,Fundamentals & FAQ,2,HYROX penalties: every way to get time added and how to avoid them,hyrox-penalties-every-way-to-get-time-added-and-how-to-avoid-them,hyrox penalties,,,Informational,longtail-unevidenced,Long-tail; judges' standards per station in one table; shareable in club chats,guide,1500,Free HYROX plan maker (branded PDF),Take the fitness assessment quiz,/hyrox/guide,ai-generate,judge holding no-rep signal beside sled lane,"photo + title band, brand dark/chartreuse, 1200x630",HYROX penalties: every way to get time added and how to avoid them | Suth Performance,Long-tail. From the Elite 15 HYROX coaching team at Suth Performance.,Article + BreadcrumbList (+HowTo where stepped),planned,
H015,hyrox,Fundamentals & FAQ,2,What to expect at your first HYROX: an honest hour-by-hour guide,what-to-expect-at-your-first-hyrox-an-honest-hour-by-hour-guide,first hyrox,,,Informational,longtail-unevidenced,Warm reassurance + logistics; the emotional on-ramp post; heavy quiz CTA,guide,1500,Free HYROX plan maker (branded PDF),Take the fitness assessment quiz,/hyrox/guide,own-photo,track/pair-close-frontal-colour.jpg,"photo + title band, brand dark/chartreuse, 1200x630",What to expect at your first HYROX: an honest hour-by-hour guide | Suth Performance,Warm reassurance + logistics. From the Elite 15 HYROX coaching team at Suth Performance.,Article + BreadcrumbList (+HowTo where stepped),planned,
H016,hyrox,Fundamentals & FAQ,2,How long does a HYROX take? Full duration guide by division,how-long-does-a-hyrox-take-full-duration-guide-by-division,how long does hyrox take,,,Informational,longtail-unevidenced,Question query answered with honest ranges by division and level,guide,1500,Free HYROX plan maker (branded PDF),Take the fitness assessment quiz,/hyrox/guide,data-graphic,finish time ranges by division,"headline stat rendered as branded card, 1200x630",How long does a HYROX take? Full duration guide by division | Suth Performance,Question query answered with honest ranges by division and level. From the Elite 15 HYROX coaching team at Suth Performance.,Article + BreadcrumbList (+HowTo where stepped),planned,
H017,hyrox,Fundamentals & FAQ,2,HYROX World Championship qualification: how it actually works,hyrox-world-championship-qualification-how-it-actually-works,hyrox world championship,390,53,Informational,semrush,"Season structure, majors, slots; updated annually; authority signal",guide,1500,Free HYROX plan maker (branded PDF),Take the fitness assessment quiz,/hyrox/guide,ai-generate,"packed arena race floor from spectator stand, dramatic light","photo + title band, brand dark/chartreuse, 1200x630",HYROX World Championship qualification: how it actually works | Suth Performance,"Season structure, majors, slots. From the Elite 15 HYROX coaching team at Suth Performance.",Article + BreadcrumbList (+HowTo where stepped),refresh,
H018,hyrox,Fundamentals & FAQ,2,Elite 15 explained: HYROX's professional tier,elite-15-explained-hyroxs-professional-tier,hyrox elite 15,390,29,Info/Transactional,semrush,KD29 with Ben's first-hand authority — the one post only we can write honestly,guide,1500,Free HYROX plan maker (branded PDF),Take the fitness assessment quiz,/hyrox/guide,own-photo,ben/ben-racing-placeholder.jpg,"photo + title band, brand dark/chartreuse, 1200x630",Elite 15 explained: HYROX's professional tier | Suth Performance,KD29 with Ben's first-hand authority — the one post only we can write honestly. From the Elite 15 HYROX coaching team at Suth Performance.,Article + BreadcrumbList (+HowTo where stepped),check-overlap,
H019,hyrox,Fundamentals & FAQ,3,HYROX weight classes and body types: does size matter?,hyrox-weight-classes-and-body-types-does-size-matter,hyrox weight,260,28,Informational,semrush,Addresses 'am I built for this' anxiety with balanced analysis,guide,1500,Free HYROX plan maker (branded PDF),Take the fitness assessment quiz,/hyrox/guide,ai-generate,two different-build athletes side by side at sled lane,"photo + title band, brand dark/chartreuse, 1200x630",HYROX weight classes and body types: does size matter? | Suth Performance,Addresses 'am I built for this' anxiety with balanced analysis. From the Elite 15 HYROX coaching team at Suth Performance.,Article + BreadcrumbList (+HowTo where stepped),planned,
H020,hyrox,Fundamentals & FAQ,3,Singles vs Doubles: which HYROX should you enter first?,singles-vs-doubles-which-hyrox-should-you-enter-first,hyrox singles vs doubles,,,Informational,longtail-unevidenced,Decision-post; links divisions pillar and doubles cluster,guide,1500,Free HYROX plan maker (branded PDF),Take the fitness assessment quiz,/hyrox/guide,own-photo,track/pair-elevated-colour.jpg,"photo + title band, brand dark/chartreuse, 1200x630",Singles vs Doubles: which HYROX should you enter first? | Suth Performance,Decision-post. From the Elite 15 HYROX coaching team at Suth Performance.,Article + BreadcrumbList (+HowTo where stepped),planned,
H021,hyrox,Fundamentals & FAQ,3,"HYROX relay explained: format, rules and team strategy",hyrox-relay-explained-format-rules-and-team-strategy,hyrox relay,,,Informational,longtail-unevidenced,Underserved format query; corporate/team angle differentiates,guide,1500,Free HYROX plan maker (branded PDF),Take the fitness assessment quiz,/hyrox/guide,ai-generate,"four teammates at relay handover, high fives, arena floor","photo + title band, brand dark/chartreuse, 1200x630","HYROX relay explained: format, rules and team strategy | Suth Performance",Underserved format query. From the Elite 15 HYROX coaching team at Suth Performance.,Article + BreadcrumbList (+HowTo where stepped),planned,
H022,hyrox,Fundamentals & FAQ,3,Is HYROX harder than a marathon? A coach's honest comparison,is-hyrox-harder-than-a-marathon-a-coachs-honest-comparison,is hyrox harder than a marathon,,,Informational,longtail-unevidenced,Comparison bait with genuine physiological analysis; social-share magnet,guide,1500,Free HYROX plan maker (branded PDF),Take the fitness assessment quiz,/hyrox/guide,ai-generate,split image runner on road vs athlete under sled,"photo + title band, brand dark/chartreuse, 1200x630",Is HYROX harder than a marathon? A coach's honest comparison | Suth Performance,Comparison bait with genuine physiological analysis. From the Elite 15 HYROX coaching team at Suth Performance.,Article + BreadcrumbList (+HowTo where stepped),planned,
H023,hyrox,Fundamentals & FAQ,3,Is HYROX hard? Difficulty rated for every fitness level,is-hyrox-hard-difficulty-rated-for-every-fitness-level,is hyrox hard,,,Informational,longtail-unevidenced,Reassurance + calibration; quiz CTA to find starting level,guide,1500,Free HYROX plan maker (branded PDF),Take the fitness assessment quiz,/hyrox/guide,own-photo,track/palms-runners-bw.jpg,"photo + title band, brand dark/chartreuse, 1200x630",Is HYROX hard? Difficulty rated for every fitness level | Suth Performance,Reassurance + calibration. From the Elite 15 HYROX coaching team at Suth Performance.,Article + BreadcrumbList (+HowTo where stepped),planned,
H024,hyrox,Fundamentals & FAQ,3,Can anyone do HYROX? Fitness requirements honestly assessed,can-anyone-do-hyrox-fitness-requirements-honestly-assessed,can anyone do hyrox,,,Informational,longtail-unevidenced,Beginner objection-handler; strong beginner-plan CTA,guide,1500,Free HYROX plan maker (branded PDF),Take the fitness assessment quiz,/hyrox/guide,own-photo,track/diverse-pool,"photo + title band, brand dark/chartreuse, 1200x630",Can anyone do HYROX? Fitness requirements honestly assessed | Suth Performance,Beginner objection-handler. From the Elite 15 HYROX coaching team at Suth Performance.,Article + BreadcrumbList (+HowTo where stepped),planned,
H025,hyrox,Fundamentals & FAQ,3,"HYROX for spectators: how to watch, track and support your athlete",hyrox-for-spectators-how-to-watch-track-and-support-your-athlete,hyrox spectators,,,Informational,longtail-unevidenced,"Nobody targets supporter intent; ranks easily, builds brand goodwill",guide,1500,Free HYROX plan maker (branded PDF),Take the fitness assessment quiz,/hyrox/guide,ai-generate,"spectators leaning over barrier cheering, athlete mid wall balls","photo + title band, brand dark/chartreuse, 1200x630","HYROX for spectators: how to watch, track and support your athlete | Suth Performance",Nobody targets supporter intent. From the Elite 15 HYROX coaching team at Suth Performance.,Article + BreadcrumbList (+HowTo where stepped),planned,
H026,hyrox,Fundamentals & FAQ,3,"How much does HYROX cost? Entry fees, kit and the real total",how-much-does-hyrox-cost-entry-fees-kit-and-the-real-total,hyrox entry fee,110,34,Info/Transactional,semrush,Transparent cost breakdown incl. tickets/flex; honest budgeting table,guide,1500,Free HYROX plan maker (branded PDF),Take the fitness assessment quiz,/hyrox/guide,data-graphic,cost breakdown stacked bar,"headline stat rendered as branded card, 1200x630","How much does HYROX cost? Entry fees, kit and the real total | Suth Performance",Transparent cost breakdown incl. tickets/flex. From the Elite 15 HYROX coaching team at Suth Performance.,Article + BreadcrumbList (+HowTo where stepped),check-overlap,
H027,hyrox,Fundamentals & FAQ,3,"HYROX tickets explained: registration, waves and the Flex add-on",hyrox-tickets-explained-registration-waves-and-the-flex-add-on,hyrox flex add on,170,10,Informational,semrush,"KD10 long-tail; practical registration walkthrough, updated per season",guide,1500,Free HYROX plan maker (branded PDF),Take the fitness assessment quiz,/hyrox/guide,ai-generate,"athlete checking phone at gym bench, entry confirmation moment","photo + title band, brand dark/chartreuse, 1200x630","HYROX tickets explained: registration, waves and the Flex add-on | Suth Performance",KD10 long-tail. From the Elite 15 HYROX coaching team at Suth Performance.,Article + BreadcrumbList (+HowTo where stepped),planned,
H028,hyrox,Fundamentals & FAQ,3,"The HYROX race day timeline: when to arrive, warm up and start",hyrox-race-day-timeline-when-to-arrive-warm-up-and-start,hyrox race day timeline,,,Informational,longtail-unevidenced,Logistics detail post linking to warm-up protocol and kit checklist,guide,1500,Free HYROX plan maker (branded PDF),Take the fitness assessment quiz,/hyrox/guide,own-photo,v2/quiz-interstitial-1.jpg,"photo + title band, brand dark/chartreuse, 1200x630","The HYROX race day timeline: when to arrive, warm up and start | Suth Performance",Logistics detail post linking to warm-up protocol and kit checklist. From the Elite 15 HYROX coaching team at Suth Performance.,Article + BreadcrumbList (+HowTo where stepped),planned,
H029,hyrox,Fundamentals & FAQ,4,"HYROX World Championships: history, venues and records",hyrox-world-championships-history-venues-and-records,hyrox world championships,390,54,Info/Transactional,semrush,Evergreen championship hub refreshed yearly; catches 4 championship phrasings,guide,1500,Free HYROX plan maker (branded PDF),Take the fitness assessment quiz,/hyrox/guide,ai-generate,"confetti finish-line arch moment, wide arena","photo + title band, brand dark/chartreuse, 1200x630","HYROX World Championships: history, venues and records | Suth Performance",Evergreen championship hub refreshed yearly. From the Elite 15 HYROX coaching team at Suth Performance.,Article + BreadcrumbList (+HowTo where stepped),planned,
H030,hyrox,Fundamentals & FAQ,4,The history of HYROX: from 2017 Hamburg to global phenomenon,history-of-hyrox-from-2017-hamburg-to-global-phenomenon,hyrox history,,,Informational,longtail-unevidenced,Authority/entity content; AI-search citation magnet with timeline,guide,1500,Free HYROX plan maker (branded PDF),Take the fitness assessment quiz,/hyrox/guide,data-graphic,growth timeline of events per season,"headline stat rendered as branded card, 1200x630",The history of HYROX: from 2017 Hamburg to global phenomenon | Suth Performance,Authority/entity content. From the Elite 15 HYROX coaching team at Suth Performance.,Article + BreadcrumbList (+HowTo where stepped),planned,
H031,hyrox,Fundamentals & FAQ,4,"HYROX vs Hydrox: the fitness race vs the cookie (yes, really)",hyrox-vs-hydrox-the-fitness-race-vs-the-cookie-yes-really,what is hydrox,590,55,Informational,semrush,590/mo misspell disambiguation done with charm; wins the confused searcher,guide,1500,Free HYROX plan maker (branded PDF),Take the fitness assessment quiz,/hyrox/guide,ai-generate,"athlete laughing mid chalk-up, candid","photo + title band, brand dark/chartreuse, 1200x630","HYROX vs Hydrox: the fitness race vs the cookie (yes, really) | Suth Performance",590/mo misspell disambiguation done with charm. From the Elite 15 HYROX coaching team at Suth Performance.,Article + BreadcrumbList (+HowTo where stepped),planned,
H032,hyrox,Fundamentals & FAQ,4,What is a HYROX PFT? The physical fitness test explained,what-is-a-hyrox-pft-the-physical-fitness-test-explained,hyrox fitness test,110,19,Informational,semrush,KD19; explains the benchmark test + our assessment CTA,guide,1500,Free HYROX plan maker (branded PDF),Take the fitness assessment quiz,/hyrox/guide,own-photo,v2/metrics-fresh.jpg,"photo + title band, brand dark/chartreuse, 1200x630",What is a HYROX PFT? The physical fitness test explained | Suth Performance,KD19. From the Elite 15 HYROX coaching team at Suth Performance.,Article + BreadcrumbList (+HowTo where stepped),planned,
H033,hyrox,Fundamentals & FAQ,4,HYROX jargon dictionary: every term you'll hear at a race,hyrox-jargon-dictionary-every-term-youll-hear-at-a-race,hyrox terms,,,Informational,longtail-unevidenced,Glossary pillar linking all micro-glossary pages; AI-citation food,guide,1500,Free HYROX plan maker (branded PDF),Take the fitness assessment quiz,/hyrox/guide,data-graphic,illustrated A-Z grid,"headline stat rendered as branded card, 1200x630",HYROX jargon dictionary: every term you'll hear at a race | Suth Performance,Glossary pillar linking all micro-glossary pages. From the Elite 15 HYROX coaching team at Suth Performance.,Article + BreadcrumbList (+HowTo where stepped),planned,
H034,hyrox,Stations,1,HYROX SkiErg: technique that survives race fatigue,hyrox-skierg-technique-that-survives-race-fatigue,hyrox ski erg,,,Informational,longtail-unevidenced,Definitive SkiErg technique guide from an Elite 15 racer; existing post refreshed to new standard,guide,1500,Free HYROX plan maker (branded PDF),Take the fitness assessment quiz,/hyrox/stations,own-photo,guides/station-ski-erg.jpg,"photo + title band, brand dark/chartreuse, 1200x630",HYROX SkiErg: technique that survives race fatigue | Suth Performance,Definitive SkiErg technique guide from an Elite 15 racer. From the Elite 15 HYROX coaching team at Suth Performance.,Article + BreadcrumbList (+HowTo where stepped),refresh,
H035,hyrox,Stations,2,SkiErg mistakes: what's costing you 60+ seconds,skierg-mistakes-whats-costing-you-60-seconds,ski erg mistakes,,,Informational,longtail-unevidenced,Mistake-listicle format ranks for 'SkiErg tips' long-tail; video-friendly,guide,1500,Free HYROX plan maker (branded PDF),Take the fitness assessment quiz,/hyrox/stations,ai-generate,"athlete mid-ski erg with form fault subtly visible, coaching-eye angle","photo + title band, brand dark/chartreuse, 1200x630",SkiErg mistakes: what's costing you 60+ seconds | Suth Performance,Mistake-listicle format ranks for 'SkiErg tips' long-tail. From the Elite 15 HYROX coaching team at Suth Performance.,Article + BreadcrumbList (+HowTo where stepped),planned,
H036,hyrox,Stations,2,5 workouts that build a faster HYROX SkiErg,5-workouts-that-build-a-faster-hyrox-skierg,ski erg workout,,,Informational,longtail-unevidenced,Workout-card format; save/share magnet; links to plans,guide,1500,Free HYROX plan maker (branded PDF),Take the fitness assessment quiz,/hyrox/stations,ai-generate,whiteboard with session plan beside ski erg setup,"photo + title band, brand dark/chartreuse, 1200x630",5 workouts that build a faster HYROX SkiErg | Suth Performance,Workout-card format. From the Elite 15 HYROX coaching team at Suth Performance.,Article + BreadcrumbList (+HowTo where stepped),planned,
H037,hyrox,Stations,3,How to get faster at the HYROX SkiErg: a 6-week progression,how-to-get-faster-at-the-hyrox-skierg-a-6-week-progression,faster ski erg hyrox,,,Informational,longtail-unevidenced,Progression framework with measurable weekly targets,guide,1500,Free HYROX plan maker (branded PDF),Take the fitness assessment quiz,/hyrox/stations,own-photo,station-pool:SkiErg,"photo + title band, brand dark/chartreuse, 1200x630",How to get faster at the HYROX SkiErg: a 6-week progression | Suth Performance,Progression framework with measurable weekly targets. From the Elite 15 HYROX coaching team at Suth Performance.,Article + BreadcrumbList (+HowTo where stepped),planned,
H038,hyrox,Stations,3,No SkiErg? Substitutions that build the same engine,no-skierg-substitutions-that-build-the-same-engine,ski erg substitute,,,Informational,longtail-unevidenced,Equipment-gap solver; unique service content; geo-page synergy,guide,1500,Free HYROX plan maker (branded PDF),Take the fitness assessment quiz,/hyrox/stations,ai-generate,home garage gym improvised ski erg alternative,"photo + title band, brand dark/chartreuse, 1200x630",No SkiErg? Substitutions that build the same engine | Suth Performance,Equipment-gap solver. From the Elite 15 HYROX coaching team at Suth Performance.,Article + BreadcrumbList (+HowTo where stepped),planned,
H039,hyrox,Stations,4,HYROX SkiErg times: what good looks like by division,hyrox-skierg-times-what-good-looks-like-by-division,ski erg average time,,,Informational,longtail-unevidenced,Station split benchmarks — needs results data; queued behind open question 1,guide,1500,Free HYROX plan maker (branded PDF),Take the fitness assessment quiz,/hyrox/stations,data-graphic,station split distribution,"headline stat rendered as branded card, 1200x630",HYROX SkiErg times: what good looks like by division | Suth Performance,Station split benchmarks — needs results data. From the Elite 15 HYROX coaching team at Suth Performance.,Article + BreadcrumbList (+HowTo where stepped),blocked-results,
H040,hyrox,Stations,1,HYROX Sled Push: technique that survives race fatigue,hyrox-sled-push-technique-that-survives-race-fatigue,hyrox sled push weight,1900,25,Informational,semrush,Definitive Sled Push technique guide from an Elite 15 racer; existing post refreshed to new standard,guide,1500,Free HYROX plan maker (branded PDF),Take the fitness assessment quiz,/hyrox/stations,own-photo,guides/station-sled-push.jpg,"photo + title band, brand dark/chartreuse, 1200x630",HYROX Sled Push: technique that survives race fatigue | Suth Performance,Definitive Sled Push technique guide from an Elite 15 racer. From the Elite 15 HYROX coaching team at Suth Performance.,Article + BreadcrumbList (+HowTo where stepped),refresh,
H041,hyrox,Stations,2,Sled Push mistakes: what's costing you 60+ seconds,sled-push-mistakes-whats-costing-you-60-seconds,sled push mistakes,,,Informational,longtail-unevidenced,Mistake-listicle format ranks for 'Sled Push tips' long-tail; video-friendly,guide,1500,Free HYROX plan maker (branded PDF),Take the fitness assessment quiz,/hyrox/stations,ai-generate,"athlete mid-sled push with form fault subtly visible, coaching-eye angle","photo + title band, brand dark/chartreuse, 1200x630",Sled Push mistakes: what's costing you 60+ seconds | Suth Performance,Mistake-listicle format ranks for 'Sled Push tips' long-tail. From the Elite 15 HYROX coaching team at Suth Performance.,Article + BreadcrumbList (+HowTo where stepped),planned,
H042,hyrox,Stations,2,5 workouts that build a faster HYROX Sled Push,5-workouts-that-build-a-faster-hyrox-sled-push,sled push workout,,,Informational,longtail-unevidenced,Workout-card format; save/share magnet; links to plans,guide,1500,Free HYROX plan maker (branded PDF),Take the fitness assessment quiz,/hyrox/stations,ai-generate,whiteboard with session plan beside sled push setup,"photo + title band, brand dark/chartreuse, 1200x630",5 workouts that build a faster HYROX Sled Push | Suth Performance,Workout-card format. From the Elite 15 HYROX coaching team at Suth Performance.,Article + BreadcrumbList (+HowTo where stepped),planned,
H043,hyrox,Stations,3,How to get faster at the HYROX Sled Push: a 6-week progression,how-to-get-faster-at-the-hyrox-sled-push-a-6-week-progression,faster sled push hyrox,,,Informational,longtail-unevidenced,Progression framework with measurable weekly targets,guide,1500,Free HYROX plan maker (branded PDF),Take the fitness assessment quiz,/hyrox/stations,own-photo,station-pool:Sled Push,"photo + title band, brand dark/chartreuse, 1200x630",How to get faster at the HYROX Sled Push: a 6-week progression | Suth Performance,Progression framework with measurable weekly targets. From the Elite 15 HYROX coaching team at Suth Performance.,Article + BreadcrumbList (+HowTo where stepped),planned,
H044,hyrox,Stations,3,No Sled Push? Substitutions that build the same engine,no-sled-push-substitutions-that-build-the-same-engine,sled push substitute,,,Informational,longtail-unevidenced,Equipment-gap solver; unique service content; geo-page synergy,guide,1500,Free HYROX plan maker (branded PDF),Take the fitness assessment quiz,/hyrox/stations,ai-generate,home garage gym improvised sled push alternative,"photo + title band, brand dark/chartreuse, 1200x630",No Sled Push? Substitutions that build the same engine | Suth Performance,Equipment-gap solver. From the Elite 15 HYROX coaching team at Suth Performance.,Article + BreadcrumbList (+HowTo where stepped),planned,
H045,hyrox,Stations,4,HYROX Sled Push times: what good looks like by division,hyrox-sled-push-times-what-good-looks-like-by-division,sled push average time,,,Informational,longtail-unevidenced,Station split benchmarks — needs results data; queued behind open question 1,guide,1500,Free HYROX plan maker (branded PDF),Take the fitness assessment quiz,/hyrox/stations,data-graphic,station split distribution,"headline stat rendered as branded card, 1200x630",HYROX Sled Push times: what good looks like by division | Suth Performance,Station split benchmarks — needs results data. From the Elite 15 HYROX coaching team at Suth Performance.,Article + BreadcrumbList (+HowTo where stepped),blocked-results,
H046,hyrox,Stations,1,HYROX Sled Pull: technique that survives race fatigue,hyrox-sled-pull-technique-that-survives-race-fatigue,hyrox sled pull,,,Informational,longtail-unevidenced,Definitive Sled Pull technique guide from an Elite 15 racer; existing post refreshed to new standard,guide,1500,Free HYROX plan maker (branded PDF),Take the fitness assessment quiz,/hyrox/stations,own-photo,guides/station-sled-pull.jpg,"photo + title band, brand dark/chartreuse, 1200x630",HYROX Sled Pull: technique that survives race fatigue | Suth Performance,Definitive Sled Pull technique guide from an Elite 15 racer. From the Elite 15 HYROX coaching team at Suth Performance.,Article + BreadcrumbList (+HowTo where stepped),refresh,
H047,hyrox,Stations,2,Sled Pull mistakes: what's costing you 60+ seconds,sled-pull-mistakes-whats-costing-you-60-seconds,sled pull mistakes,,,Informational,longtail-unevidenced,Mistake-listicle format ranks for 'Sled Pull tips' long-tail; video-friendly,guide,1500,Free HYROX plan maker (branded PDF),Take the fitness assessment quiz,/hyrox/stations,ai-generate,"athlete mid-sled pull with form fault subtly visible, coaching-eye angle","photo + title band, brand dark/chartreuse, 1200x630",Sled Pull mistakes: what's costing you 60+ seconds | Suth Performance,Mistake-listicle format ranks for 'Sled Pull tips' long-tail. From the Elite 15 HYROX coaching team at Suth Performance.,Article + BreadcrumbList (+HowTo where stepped),planned,
H048,hyrox,Stations,2,5 workouts that build a faster HYROX Sled Pull,5-workouts-that-build-a-faster-hyrox-sled-pull,sled pull workout,,,Informational,longtail-unevidenced,Workout-card format; save/share magnet; links to plans,guide,1500,Free HYROX plan maker (branded PDF),Take the fitness assessment quiz,/hyrox/stations,ai-generate,whiteboard with session plan beside sled pull setup,"photo + title band, brand dark/chartreuse, 1200x630",5 workouts that build a faster HYROX Sled Pull | Suth Performance,Workout-card format. From the Elite 15 HYROX coaching team at Suth Performance.,Article + BreadcrumbList (+HowTo where stepped),planned,
H049,hyrox,Stations,3,How to get faster at the HYROX Sled Pull: a 6-week progression,how-to-get-faster-at-the-hyrox-sled-pull-a-6-week-progression,faster sled pull hyrox,,,Informational,longtail-unevidenced,Progression framework with measurable weekly targets,guide,1500,Free HYROX plan maker (branded PDF),Take the fitness assessment quiz,/hyrox/stations,own-photo,station-pool:Sled Pull,"photo + title band, brand dark/chartreuse, 1200x630",How to get faster at the HYROX Sled Pull: a 6-week progression | Suth Performance,Progression framework with measurable weekly targets. From the Elite 15 HYROX coaching team at Suth Performance.,Article + BreadcrumbList (+HowTo where stepped),planned,
H050,hyrox,Stations,3,No Sled Pull? Substitutions that build the same engine,no-sled-pull-substitutions-that-build-the-same-engine,sled pull substitute,,,Informational,longtail-unevidenced,Equipment-gap solver; unique service content; geo-page synergy,guide,1500,Free HYROX plan maker (branded PDF),Take the fitness assessment quiz,/hyrox/stations,ai-generate,home garage gym improvised sled pull alternative,"photo + title band, brand dark/chartreuse, 1200x630",No Sled Pull? Substitutions that build the same engine | Suth Performance,Equipment-gap solver. From the Elite 15 HYROX coaching team at Suth Performance.,Article + BreadcrumbList (+HowTo where stepped),planned,
H051,hyrox,Stations,4,HYROX Sled Pull times: what good looks like by division,hyrox-sled-pull-times-what-good-looks-like-by-division,sled pull average time,,,Informational,longtail-unevidenced,Station split benchmarks — needs results data; queued behind open question 1,guide,1500,Free HYROX plan maker (branded PDF),Take the fitness assessment quiz,/hyrox/stations,data-graphic,station split distribution,"headline stat rendered as branded card, 1200x630",HYROX Sled Pull times: what good looks like by division | Suth Performance,Station split benchmarks — needs results data. From the Elite 15 HYROX coaching team at Suth Performance.,Article + BreadcrumbList (+HowTo where stepped),blocked-results,
H052,hyrox,Stations,1,HYROX Burpee Broad Jump: technique that survives race fatigue,hyrox-burpee-broad-jump-technique-that-survives-race-fatigue,hyrox burpee broad jump,320,15,Informational,semrush,Definitive Burpee Broad Jump technique guide from an Elite 15 racer; existing post refreshed to new standard,guide,1500,Free HYROX plan maker (branded PDF),Take the fitness assessment quiz,/hyrox/stations,own-photo,guides/station-burpees.jpg,"photo + title band, brand dark/chartreuse, 1200x630",HYROX Burpee Broad Jump: technique that survives race fatigue | Suth Performance,Definitive Burpee Broad Jump technique guide from an Elite 15 racer. From the Elite 15 HYROX coaching team at Suth Performance.,Article + BreadcrumbList (+HowTo where stepped),refresh,
H053,hyrox,Stations,2,Burpee Broad Jump mistakes: what's costing you 60+ seconds,burpee-broad-jump-mistakes-whats-costing-you-60-seconds,burpee broad jump mistakes,,,Informational,longtail-unevidenced,Mistake-listicle format ranks for 'Burpee Broad Jump tips' long-tail; video-friendly,guide,1500,Free HYROX plan maker (branded PDF),Take the fitness assessment quiz,/hyrox/stations,ai-generate,"athlete mid-burpee broad jump with form fault subtly visible, coaching-eye angle","photo + title band, brand dark/chartreuse, 1200x630",Burpee Broad Jump mistakes: what's costing you 60+ seconds | Suth Performance,Mistake-listicle format ranks for 'Burpee Broad Jump tips' long-tail. From the Elite 15 HYROX coaching team at Suth Performance.,Article + BreadcrumbList (+HowTo where stepped),planned,
H054,hyrox,Stations,2,5 workouts that build a faster HYROX Burpee Broad Jump,5-workouts-that-build-a-faster-hyrox-burpee-broad-jump,burpee broad jump workout,,,Informational,longtail-unevidenced,Workout-card format; save/share magnet; links to plans,guide,1500,Free HYROX plan maker (branded PDF),Take the fitness assessment quiz,/hyrox/stations,ai-generate,whiteboard with session plan beside burpee broad jump setup,"photo + title band, brand dark/chartreuse, 1200x630",5 workouts that build a faster HYROX Burpee Broad Jump | Suth Performance,Workout-card format. From the Elite 15 HYROX coaching team at Suth Performance.,Article + BreadcrumbList (+HowTo where stepped),planned,
H055,hyrox,Stations,3,How to get faster at the HYROX Burpee Broad Jump: a 6-week progression,how-to-get-faster-at-the-hyrox-burpee-broad-jump-a-6-week-progression,faster burpee broad jump hyrox,,,Informational,longtail-unevidenced,Progression framework with measurable weekly targets,guide,1500,Free HYROX plan maker (branded PDF),Take the fitness assessment quiz,/hyrox/stations,own-photo,station-pool:Burpee Broad Jump,"photo + title band, brand dark/chartreuse, 1200x630",How to get faster at the HYROX Burpee Broad Jump: a 6-week progression | Suth Performance,Progression framework with measurable weekly targets. From the Elite 15 HYROX coaching team at Suth Performance.,Article + BreadcrumbList (+HowTo where stepped),planned,
H056,hyrox,Stations,3,No Burpee Broad Jump? Substitutions that build the same engine,no-burpee-broad-jump-substitutions-that-build-the-same-engine,burpee broad jump substitute,,,Informational,longtail-unevidenced,Equipment-gap solver; unique service content; geo-page synergy,guide,1500,Free HYROX plan maker (branded PDF),Take the fitness assessment quiz,/hyrox/stations,ai-generate,home garage gym improvised burpee broad jump alternative,"photo + title band, brand dark/chartreuse, 1200x630",No Burpee Broad Jump? Substitutions that build the same engine | Suth Performance,Equipment-gap solver. From the Elite 15 HYROX coaching team at Suth Performance.,Article + BreadcrumbList (+HowTo where stepped),planned,
H057,hyrox,Stations,4,HYROX Burpee Broad Jump times: what good looks like by division,hyrox-burpee-broad-jump-times-what-good-looks-like-by-division,burpee broad jump average time,,,Informational,longtail-unevidenced,Station split benchmarks — needs results data; queued behind open question 1,guide,1500,Free HYROX plan maker (branded PDF),Take the fitness assessment quiz,/hyrox/stations,data-graphic,station split distribution,"headline stat rendered as branded card, 1200x630",HYROX Burpee Broad Jump times: what good looks like by division | Suth Performance,Station split benchmarks — needs results data. From the Elite 15 HYROX coaching team at Suth Performance.,Article + BreadcrumbList (+HowTo where stepped),blocked-results,
H058,hyrox,Stations,1,HYROX Rowing: technique that survives race fatigue,hyrox-rowing-technique-that-survives-race-fatigue,hyrox rowing,,,Informational,longtail-unevidenced,Definitive Rowing technique guide from an Elite 15 racer; existing post refreshed to new standard,guide,1500,Free HYROX plan maker (branded PDF),Take the fitness assessment quiz,/hyrox/stations,own-photo,guides/station-row.jpg,"photo + title band, brand dark/chartreuse, 1200x630",HYROX Rowing: technique that survives race fatigue | Suth Performance,Definitive Rowing technique guide from an Elite 15 racer. From the Elite 15 HYROX coaching team at Suth Performance.,Article + BreadcrumbList (+HowTo where stepped),planned,
H059,hyrox,Stations,2,Rowing mistakes: what's costing you 60+ seconds,rowing-mistakes-whats-costing-you-60-seconds,row mistakes,,,Informational,longtail-unevidenced,Mistake-listicle format ranks for 'Rowing tips' long-tail; video-friendly,guide,1500,Free HYROX plan maker (branded PDF),Take the fitness assessment quiz,/hyrox/stations,ai-generate,"athlete mid-row with form fault subtly visible, coaching-eye angle","photo + title band, brand dark/chartreuse, 1200x630",Rowing mistakes: what's costing you 60+ seconds | Suth Performance,Mistake-listicle format ranks for 'Rowing tips' long-tail. From the Elite 15 HYROX coaching team at Suth Performance.,Article + BreadcrumbList (+HowTo where stepped),planned,
H060,hyrox,Stations,2,5 workouts that build a faster HYROX Rowing,5-workouts-that-build-a-faster-hyrox-rowing,row workout,,,Informational,longtail-unevidenced,Workout-card format; save/share magnet; links to plans,guide,1500,Free HYROX plan maker (branded PDF),Take the fitness assessment quiz,/hyrox/stations,ai-generate,whiteboard with session plan beside row setup,"photo + title band, brand dark/chartreuse, 1200x630",5 workouts that build a faster HYROX Rowing | Suth Performance,Workout-card format. From the Elite 15 HYROX coaching team at Suth Performance.,Article + BreadcrumbList (+HowTo where stepped),planned,
H061,hyrox,Stations,3,How to get faster at the HYROX Rowing: a 6-week progression,how-to-get-faster-at-the-hyrox-rowing-a-6-week-progression,faster row hyrox,,,Informational,longtail-unevidenced,Progression framework with measurable weekly targets,guide,1500,Free HYROX plan maker (branded PDF),Take the fitness assessment quiz,/hyrox/stations,own-photo,station-pool:Rowing,"photo + title band, brand dark/chartreuse, 1200x630",How to get faster at the HYROX Rowing: a 6-week progression | Suth Performance,Progression framework with measurable weekly targets. From the Elite 15 HYROX coaching team at Suth Performance.,Article + BreadcrumbList (+HowTo where stepped),planned,
H062,hyrox,Stations,3,No Rowing? Substitutions that build the same engine,no-rowing-substitutions-that-build-the-same-engine,row substitute,,,Informational,longtail-unevidenced,Equipment-gap solver; unique service content; geo-page synergy,guide,1500,Free HYROX plan maker (branded PDF),Take the fitness assessment quiz,/hyrox/stations,ai-generate,home garage gym improvised row alternative,"photo + title band, brand dark/chartreuse, 1200x630",No Rowing? Substitutions that build the same engine | Suth Performance,Equipment-gap solver. From the Elite 15 HYROX coaching team at Suth Performance.,Article + BreadcrumbList (+HowTo where stepped),planned,
H063,hyrox,Stations,4,HYROX Rowing times: what good looks like by division,hyrox-rowing-times-what-good-looks-like-by-division,row average time,,,Informational,longtail-unevidenced,Station split benchmarks — needs results data; queued behind open question 1,guide,1500,Free HYROX plan maker (branded PDF),Take the fitness assessment quiz,/hyrox/stations,data-graphic,station split distribution,"headline stat rendered as branded card, 1200x630",HYROX Rowing times: what good looks like by division | Suth Performance,Station split benchmarks — needs results data. From the Elite 15 HYROX coaching team at Suth Performance.,Article + BreadcrumbList (+HowTo where stepped),blocked-results,
H064,hyrox,Stations,1,HYROX Farmers Carry: technique that survives race fatigue,hyrox-farmers-carry-technique-that-survives-race-fatigue,hyrox farmers carry,,,Informational,longtail-unevidenced,Definitive Farmers Carry technique guide from an Elite 15 racer; existing post refreshed to new standard,guide,1500,Free HYROX plan maker (branded PDF),Take the fitness assessment quiz,/hyrox/stations,own-photo,guides/station-farmers.jpg,"photo + title band, brand dark/chartreuse, 1200x630",HYROX Farmers Carry: technique that survives race fatigue | Suth Performance,Definitive Farmers Carry technique guide from an Elite 15 racer. From the Elite 15 HYROX coaching team at Suth Performance.,Article + BreadcrumbList (+HowTo where stepped),refresh,
H065,hyrox,Stations,2,Farmers Carry mistakes: what's costing you 60+ seconds,farmers-carry-mistakes-whats-costing-you-60-seconds,farmers carry mistakes,,,Informational,longtail-unevidenced,Mistake-listicle format ranks for 'Farmers Carry tips' long-tail; video-friendly,guide,1500,Free HYROX plan maker (branded PDF),Take the fitness assessment quiz,/hyrox/stations,ai-generate,"athlete mid-farmers carry with form fault subtly visible, coaching-eye angle","photo + title band, brand dark/chartreuse, 1200x630",Farmers Carry mistakes: what's costing you 60+ seconds | Suth Performance,Mistake-listicle format ranks for 'Farmers Carry tips' long-tail. From the Elite 15 HYROX coaching team at Suth Performance.,Article + BreadcrumbList (+HowTo where stepped),planned,
H066,hyrox,Stations,2,5 workouts that build a faster HYROX Farmers Carry,5-workouts-that-build-a-faster-hyrox-farmers-carry,farmers carry workout,,,Informational,longtail-unevidenced,Workout-card format; save/share magnet; links to plans,guide,1500,Free HYROX plan maker (branded PDF),Take the fitness assessment quiz,/hyrox/stations,ai-generate,whiteboard with session plan beside farmers carry setup,"photo + title band, brand dark/chartreuse, 1200x630",5 workouts that build a faster HYROX Farmers Carry | Suth Performance,Workout-card format. From the Elite 15 HYROX coaching team at Suth Performance.,Article + BreadcrumbList (+HowTo where stepped),planned,
H067,hyrox,Stations,3,How to get faster at the HYROX Farmers Carry: a 6-week progression,how-to-get-faster-at-the-hyrox-farmers-carry-a-6-week-progression,faster farmers carry hyrox,,,Informational,longtail-unevidenced,Progression framework with measurable weekly targets,guide,1500,Free HYROX plan maker (branded PDF),Take the fitness assessment quiz,/hyrox/stations,own-photo,station-pool:Farmers Carry,"photo + title band, brand dark/chartreuse, 1200x630",How to get faster at the HYROX Farmers Carry: a 6-week progression | Suth Performance,Progression framework with measurable weekly targets. From the Elite 15 HYROX coaching team at Suth Performance.,Article + BreadcrumbList (+HowTo where stepped),planned,
H068,hyrox,Stations,3,No Farmers Carry? Substitutions that build the same engine,no-farmers-carry-substitutions-that-build-the-same-engine,farmers carry substitute,,,Informational,longtail-unevidenced,Equipment-gap solver; unique service content; geo-page synergy,guide,1500,Free HYROX plan maker (branded PDF),Take the fitness assessment quiz,/hyrox/stations,ai-generate,home garage gym improvised farmers carry alternative,"photo + title band, brand dark/chartreuse, 1200x630",No Farmers Carry? Substitutions that build the same engine | Suth Performance,Equipment-gap solver. From the Elite 15 HYROX coaching team at Suth Performance.,Article + BreadcrumbList (+HowTo where stepped),planned,
H069,hyrox,Stations,4,HYROX Farmers Carry times: what good looks like by division,hyrox-farmers-carry-times-what-good-looks-like-by-division,farmers carry average time,,,Informational,longtail-unevidenced,Station split benchmarks — needs results data; queued behind open question 1,guide,1500,Free HYROX plan maker (branded PDF),Take the fitness assessment quiz,/hyrox/stations,data-graphic,station split distribution,"headline stat rendered as branded card, 1200x630",HYROX Farmers Carry times: what good looks like by division | Suth Performance,Station split benchmarks — needs results data. From the Elite 15 HYROX coaching team at Suth Performance.,Article + BreadcrumbList (+HowTo where stepped),blocked-results,
H070,hyrox,Stations,1,HYROX Sandbag Lunges: technique that survives race fatigue,hyrox-sandbag-lunges-technique-that-survives-race-fatigue,hyrox sandbag lunges weight,110,16,Informational,semrush,Definitive Sandbag Lunges technique guide from an Elite 15 racer; existing post refreshed to new standard,guide,1500,Free HYROX plan maker (branded PDF),Take the fitness assessment quiz,/hyrox/stations,own-photo,guides/station-sandbag.jpg,"photo + title band, brand dark/chartreuse, 1200x630",HYROX Sandbag Lunges: technique that survives race fatigue | Suth Performance,Definitive Sandbag Lunges technique guide from an Elite 15 racer. From the Elite 15 HYROX coaching team at Suth Performance.,Article + BreadcrumbList (+HowTo where stepped),refresh,
H071,hyrox,Stations,2,Sandbag Lunges mistakes: what's costing you 60+ seconds,sandbag-lunges-mistakes-whats-costing-you-60-seconds,sandbag lunges mistakes,,,Informational,longtail-unevidenced,Mistake-listicle format ranks for 'Sandbag Lunges tips' long-tail; video-friendly,guide,1500,Free HYROX plan maker (branded PDF),Take the fitness assessment quiz,/hyrox/stations,ai-generate,"athlete mid-sandbag lunges with form fault subtly visible, coaching-eye angle","photo + title band, brand dark/chartreuse, 1200x630",Sandbag Lunges mistakes: what's costing you 60+ seconds | Suth Performance,Mistake-listicle format ranks for 'Sandbag Lunges tips' long-tail. From the Elite 15 HYROX coaching team at Suth Performance.,Article + BreadcrumbList (+HowTo where stepped),planned,
H072,hyrox,Stations,2,5 workouts that build a faster HYROX Sandbag Lunges,5-workouts-that-build-a-faster-hyrox-sandbag-lunges,sandbag lunges workout,,,Informational,longtail-unevidenced,Workout-card format; save/share magnet; links to plans,guide,1500,Free HYROX plan maker (branded PDF),Take the fitness assessment quiz,/hyrox/stations,ai-generate,whiteboard with session plan beside sandbag lunges setup,"photo + title band, brand dark/chartreuse, 1200x630",5 workouts that build a faster HYROX Sandbag Lunges | Suth Performance,Workout-card format. From the Elite 15 HYROX coaching team at Suth Performance.,Article + BreadcrumbList (+HowTo where stepped),planned,
H073,hyrox,Stations,3,How to get faster at the HYROX Sandbag Lunges: a 6-week progression,how-to-get-faster-at-the-hyrox-sandbag-lunges-a-6-week-progression,faster sandbag lunges hyrox,,,Informational,longtail-unevidenced,Progression framework with measurable weekly targets,guide,1500,Free HYROX plan maker (branded PDF),Take the fitness assessment quiz,/hyrox/stations,own-photo,station-pool:Sandbag Lunges,"photo + title band, brand dark/chartreuse, 1200x630",How to get faster at the HYROX Sandbag Lunges: a 6-week progression | Suth Performance,Progression framework with measurable weekly targets. From the Elite 15 HYROX coaching team at Suth Performance.,Article + BreadcrumbList (+HowTo where stepped),planned,
H074,hyrox,Stations,3,No Sandbag Lunges? Substitutions that build the same engine,no-sandbag-lunges-substitutions-that-build-the-same-engine,sandbag lunges substitute,,,Informational,longtail-unevidenced,Equipment-gap solver; unique service content; geo-page synergy,guide,1500,Free HYROX plan maker (branded PDF),Take the fitness assessment quiz,/hyrox/stations,ai-generate,home garage gym improvised sandbag lunges alternative,"photo + title band, brand dark/chartreuse, 1200x630",No Sandbag Lunges? Substitutions that build the same engine | Suth Performance,Equipment-gap solver. From the Elite 15 HYROX coaching team at Suth Performance.,Article + BreadcrumbList (+HowTo where stepped),planned,
H075,hyrox,Stations,4,HYROX Sandbag Lunges times: what good looks like by division,hyrox-sandbag-lunges-times-what-good-looks-like-by-division,sandbag lunges average time,,,Informational,longtail-unevidenced,Station split benchmarks — needs results data; queued behind open question 1,guide,1500,Free HYROX plan maker (branded PDF),Take the fitness assessment quiz,/hyrox/stations,data-graphic,station split distribution,"headline stat rendered as branded card, 1200x630",HYROX Sandbag Lunges times: what good looks like by division | Suth Performance,Station split benchmarks — needs results data. From the Elite 15 HYROX coaching team at Suth Performance.,Article + BreadcrumbList (+HowTo where stepped),blocked-results,
H076,hyrox,Stations,1,HYROX Wall Balls: technique that survives race fatigue,hyrox-wall-balls-technique-that-survives-race-fatigue,hyrox wall balls,,,Informational,longtail-unevidenced,Definitive Wall Balls technique guide from an Elite 15 racer; existing post refreshed to new standard,guide,1500,Free HYROX plan maker (branded PDF),Take the fitness assessment quiz,/hyrox/stations,own-photo,guides/station-wall-balls.jpg,"photo + title band, brand dark/chartreuse, 1200x630",HYROX Wall Balls: technique that survives race fatigue | Suth Performance,Definitive Wall Balls technique guide from an Elite 15 racer. From the Elite 15 HYROX coaching team at Suth Performance.,Article + BreadcrumbList (+HowTo where stepped),refresh,
H077,hyrox,Stations,2,Wall Balls mistakes: what's costing you 60+ seconds,wall-balls-mistakes-whats-costing-you-60-seconds,wall balls mistakes,,,Informational,longtail-unevidenced,Mistake-listicle format ranks for 'Wall Balls tips' long-tail; video-friendly,guide,1500,Free HYROX plan maker (branded PDF),Take the fitness assessment quiz,/hyrox/stations,ai-generate,"athlete mid-wall balls with form fault subtly visible, coaching-eye angle","photo + title band, brand dark/chartreuse, 1200x630",Wall Balls mistakes: what's costing you 60+ seconds | Suth Performance,Mistake-listicle format ranks for 'Wall Balls tips' long-tail. From the Elite 15 HYROX coaching team at Suth Performance.,Article + BreadcrumbList (+HowTo where stepped),planned,
H078,hyrox,Stations,2,5 workouts that build a faster HYROX Wall Balls,5-workouts-that-build-a-faster-hyrox-wall-balls,wall balls workout,,,Informational,longtail-unevidenced,Workout-card format; save/share magnet; links to plans,guide,1500,Free HYROX plan maker (branded PDF),Take the fitness assessment quiz,/hyrox/stations,ai-generate,whiteboard with session plan beside wall balls setup,"photo + title band, brand dark/chartreuse, 1200x630",5 workouts that build a faster HYROX Wall Balls | Suth Performance,Workout-card format. From the Elite 15 HYROX coaching team at Suth Performance.,Article + BreadcrumbList (+HowTo where stepped),planned,
H079,hyrox,Stations,3,How to get faster at the HYROX Wall Balls: a 6-week progression,how-to-get-faster-at-the-hyrox-wall-balls-a-6-week-progression,faster wall balls hyrox,,,Informational,longtail-unevidenced,Progression framework with measurable weekly targets,guide,1500,Free HYROX plan maker (branded PDF),Take the fitness assessment quiz,/hyrox/stations,own-photo,station-pool:Wall Balls,"photo + title band, brand dark/chartreuse, 1200x630",How to get faster at the HYROX Wall Balls: a 6-week progression | Suth Performance,Progression framework with measurable weekly targets. From the Elite 15 HYROX coaching team at Suth Performance.,Article + BreadcrumbList (+HowTo where stepped),planned,
H080,hyrox,Stations,3,No Wall Balls? Substitutions that build the same engine,no-wall-balls-substitutions-that-build-the-same-engine,wall balls substitute,,,Informational,longtail-unevidenced,Equipment-gap solver; unique service content; geo-page synergy,guide,1500,Free HYROX plan maker (branded PDF),Take the fitness assessment quiz,/hyrox/stations,ai-generate,home garage gym improvised wall balls alternative,"photo + title band, brand dark/chartreuse, 1200x630",No Wall Balls? Substitutions that build the same engine | Suth Performance,Equipment-gap solver. From the Elite 15 HYROX coaching team at Suth Performance.,Article + BreadcrumbList (+HowTo where stepped),planned,
H081,hyrox,Stations,4,HYROX Wall Balls times: what good looks like by division,hyrox-wall-balls-times-what-good-looks-like-by-division,wall balls average time,,,Informational,longtail-unevidenced,Station split benchmarks — needs results data; queued behind open question 1,guide,1500,Free HYROX plan maker (branded PDF),Take the fitness assessment quiz,/hyrox/stations,data-graphic,station split distribution,"headline stat rendered as branded card, 1200x630",HYROX Wall Balls times: what good looks like by division | Suth Performance,Station split benchmarks — needs results data. From the Elite 15 HYROX coaching team at Suth Performance.,Article + BreadcrumbList (+HowTo where stepped),blocked-results,
H082,hyrox,Stations,1,HYROX weights: every station standard for men and women,hyrox-weights-every-station-standard-for-men-and-women,hyrox weights,1900,18,Informational,semrush,"KD18/1,900 quick win; the canonical weights table, one authoritative page",pillar,2500,Free HYROX plan maker (branded PDF),Take the fitness assessment quiz,/hyrox/stations,data-graphic,full weights table by division and gender,"headline stat rendered as branded card, 1200x630",HYROX weights: every station standard for men and women | Suth Performance,"KD18/1,900 quick win. From the Elite 15 HYROX coaching team at Suth Performance.",Article + FAQPage + BreadcrumbList,refresh,
H083,hyrox,Stations,1,HYROX sled push weight: standards by division (and how it feels),hyrox-sled-push-weight-standards-by-division-and-how-it-feels,sled push hyrox weight,320,19,Informational,semrush,"1,900/KD25; table + first-hand 'what 152kg actually feels like'",guide,1500,Free HYROX plan maker (branded PDF),Take the fitness assessment quiz,/hyrox/stations,own-photo,guides/station-sled-push.jpg,"photo + title band, brand dark/chartreuse, 1200x630",HYROX sled push weight: standards by division (and how it feels) | Suth Performance,"1,900/KD25. From the Elite 15 HYROX coaching team at Suth Performance.",Article + BreadcrumbList (+HowTo where stepped),check-overlap,
H084,hyrox,Stations,1,HYROX women's weights: complete station standards,hyrox-womens-weights-complete-station-standards,hyrox womens weights,590,18,Informational,semrush,590/KD18 quick win; women-specific canonical table,guide,1500,Free HYROX plan maker (branded PDF),Take the fitness assessment quiz,/hyrox/stations,ai-generate,"female athlete loading sled plates, focused, gym light","photo + title band, brand dark/chartreuse, 1200x630",HYROX women's weights: complete station standards | Suth Performance,590/KD18 quick win. From the Elite 15 HYROX coaching team at Suth Performance.,Article + BreadcrumbList (+HowTo where stepped),check-overlap,
H085,hyrox,Stations,2,HYROX station order: the exact sequence and why it matters,hyrox-station-order-the-exact-sequence-and-why-it-matters,hyrox station order,390,20,Informational,semrush,390/KD20; sequence + pacing implications of the order,guide,1500,Free HYROX plan maker (branded PDF),Take the fitness assessment quiz,/hyrox/stations,data-graphic,course sequence graphic,"headline stat rendered as branded card, 1200x630",HYROX station order: the exact sequence and why it matters | Suth Performance,390/KD20. From the Elite 15 HYROX coaching team at Suth Performance.,Article + BreadcrumbList (+HowTo where stepped),planned,
H086,hyrox,Stations,2,"The hardest HYROX station, ranked by the data and the athletes",hardest-hyrox-station-ranked-by-the-data-and-the-athletes,hardest hyrox station,,,Informational,longtail-unevidenced,Debate-bait ranking; strong share performance; poll embed,guide,1500,Free HYROX plan maker (branded PDF),Take the fitness assessment quiz,/hyrox/stations,ai-generate,"athlete collapsed against sled post-race, honest exhaustion","photo + title band, brand dark/chartreuse, 1200x630","The hardest HYROX station, ranked by the data and the athletes | Suth Performance",Debate-bait ranking. From the Elite 15 HYROX coaching team at Suth Performance.,Article + BreadcrumbList (+HowTo where stepped),planned,
H087,hyrox,Stations,2,"Wall ball standards: target heights, depths and no-rep rules",wall-ball-standards-target-heights-depths-and-no-rep-rules,wall ball target height hyrox,,,Informational,longtail-unevidenced,Precise rules query; diagram answers it better than anyone,guide,1500,Free HYROX plan maker (branded PDF),Take the fitness assessment quiz,/hyrox/stations,data-graphic,wall ball target height diagram by division,"headline stat rendered as branded card, 1200x630","Wall ball standards: target heights, depths and no-rep rules | Suth Performance",Precise rules query. From the Elite 15 HYROX coaching team at Suth Performance.,Article + BreadcrumbList (+HowTo where stepped),planned,
H088,hyrox,Stations,3,Compromised running: the skill that decides every HYROX race,compromised-running-the-skill-that-decides-every-hyrox-race,compromised running,,,Informational,longtail-unevidenced,Own the defining concept of the sport; pillar-quality analysis,guide,1500,Free HYROX plan maker (branded PDF),Take the fitness assessment quiz,/hyrox/stations,own-photo,track/pair-rear-close-colour.jpg,"photo + title band, brand dark/chartreuse, 1200x630",Compromised running: the skill that decides every HYROX race | Suth Performance,Own the defining concept of the sport. From the Elite 15 HYROX coaching team at Suth Performance.,Article + BreadcrumbList (+HowTo where stepped),planned,
H089,hyrox,Stations,3,Sled push without a sled: 7 alternatives that actually transfer,sled-push-without-a-sled-7-alternatives-that-actually-transfer,sled push without sled,,,Informational,longtail-unevidenced,High-value equipment-gap post; geo synergy (gyms without sleds),guide,1500,Free HYROX plan maker (branded PDF),Take the fitness assessment quiz,/hyrox/stations,ai-generate,athlete pushing loaded plate across gym floor on towel,"photo + title band, brand dark/chartreuse, 1200x630",Sled push without a sled: 7 alternatives that actually transfer | Suth Performance,High-value equipment-gap post. From the Elite 15 HYROX coaching team at Suth Performance.,Article + BreadcrumbList (+HowTo where stepped),planned,
H090,hyrox,Stations,3,"HYROX lunges: weight, distance and the technique that saves your back",hyrox-lunges-weight-distance-and-the-technique-that-saves-your-back,hyrox lunges,170,26,Informational,semrush,Consolidates lunge weight/distance queries; injury-prevention angle,guide,1500,Free HYROX plan maker (branded PDF),Take the fitness assessment quiz,/hyrox/stations,own-photo,guides/station-sandbag.jpg,"photo + title band, brand dark/chartreuse, 1200x630","HYROX lunges: weight, distance and the technique that saves your back | Suth Performance",Consolidates lunge weight/distance queries. From the Elite 15 HYROX coaching team at Suth Performance.,Article + BreadcrumbList (+HowTo where stepped),planned,
H091,hyrox,Stations,3,"Burpee broad jump rules: distance, standards and no-reps",burpee-broad-jump-rules-distance-standards-and-no-reps,hyrox burpee broad jump rules,170,17,Informational,semrush,Rules long-tail trio (rules/distance) in one canonical,guide,1500,Free HYROX plan maker (branded PDF),Take the fitness assessment quiz,/hyrox/stations,data-graphic,burpee broad jump measurement diagram,"headline stat rendered as branded card, 1200x630","Burpee broad jump rules: distance, standards and no-reps | Suth Performance",Rules long-tail trio (rules/distance) in one canonical. From the Elite 15 HYROX coaching team at Suth Performance.,Article + BreadcrumbList (+HowTo where stepped),planned,
H092,hyrox,Stations,4,RoxZone efficiency: stealing back 3 minutes without fitness,roxzone-efficiency-stealing-back-3-minutes-without-fitness,roxzone time,,,Informational,longtail-unevidenced,Transition-craft deep dive; data-backed once results layer lands,guide,1500,Free HYROX plan maker (branded PDF),Take the fitness assessment quiz,/hyrox/stations,ai-generate,"athlete speed-walking roxzone, determined, wide floor","photo + title band, brand dark/chartreuse, 1200x630",RoxZone efficiency: stealing back 3 minutes without fitness | Suth Performance,Transition-craft deep dive. From the Elite 15 HYROX coaching team at Suth Performance.,Article + BreadcrumbList (+HowTo where stepped),planned,
H093,hyrox,Times & Benchmarks,1,What is a good HYROX time? Honest benchmarks for every level,what-is-a-good-hyrox-time-honest-benchmarks-for-every-level,what is a good hyrox time,320,13,Informational,semrush,320/KD13 anchor; ranges by division/experience; percentile CTA when data lands,pillar,2500,Results lookup / percentile check,Free HYROX plan maker,/hyrox/times,data-graphic,time bands by level graphic,"headline stat rendered as branded card, 1200x630",What is a good HYROX time? Honest benchmarks for every level | Suth Performance,320/KD13 anchor. From the Elite 15 HYROX coaching team at Suth Performance.,Article + FAQPage + BreadcrumbList,check-overlap,
H094,hyrox,Times & Benchmarks,1,Average HYROX finish time: the real numbers,average-hyrox-finish-time-the-real-numbers,average hyrox time,,,Informational,longtail-unevidenced,Sibling intent to 'good time'; distinct SERP; snippet table,guide,1500,Results lookup / percentile check,Free HYROX plan maker,/hyrox/times,data-graphic,average time by division,"headline stat rendered as branded card, 1200x630",Average HYROX finish time: the real numbers | Suth Performance,Sibling intent to 'good time'. From the Elite 15 HYROX coaching team at Suth Performance.,Article + BreadcrumbList (+HowTo where stepped),planned,
H095,hyrox,Times & Benchmarks,1,HYROX world records: every current record and who holds it,hyrox-world-records-every-current-record-and-who-holds-it,hyrox world records,260,17,Informational,semrush,"260/KD17; maintained record book, updated within 48h of records falling",guide,1500,Results lookup / percentile check,Free HYROX plan maker,/hyrox/times,ai-generate,"elite athlete crossing finish under race clock, arms up","photo + title band, brand dark/chartreuse, 1200x630",HYROX world records: every current record and who holds it | Suth Performance,260/KD17. From the Elite 15 HYROX coaching team at Suth Performance.,Article + BreadcrumbList (+HowTo where stepped),planned,
H096,hyrox,Times & Benchmarks,2,HYROX doubles world record and what we can learn from it,hyrox-doubles-world-record-and-what-we-can-learn-from-it,hyrox doubles world record,110,5,Informational,semrush,KD5 — easiest keyword in the set; Ben races doubles: unique authority,guide,1500,Results lookup / percentile check,Free HYROX plan maker,/hyrox/times,own-photo,ben/ben-racing-placeholder.jpg,"photo + title band, brand dark/chartreuse, 1200x630",HYROX doubles world record and what we can learn from it | Suth Performance,KD5 — easiest keyword in the set. From the Elite 15 HYROX coaching team at Suth Performance.,Article + BreadcrumbList (+HowTo where stepped),planned,
H097,hyrox,Times & Benchmarks,2,Sub-90 HYROX: the training that gets you there,sub-90-hyrox-the-training-that-gets-you-there,sub 90 hyrox,,,Informational,longtail-unevidenced,Goal-time ladder rung 1; links plan CTA; existing post refresh,guide,1500,Results lookup / percentile check,Free HYROX plan maker,/hyrox/times,own-photo,v2/programme-sub-90-v2.jpg,"photo + title band, brand dark/chartreuse, 1200x630",Sub-90 HYROX: the training that gets you there | Suth Performance,Goal-time ladder rung 1. From the Elite 15 HYROX coaching team at Suth Performance.,Article + BreadcrumbList (+HowTo where stepped),refresh,
H098,hyrox,Times & Benchmarks,2,Sub-80 HYROX: what separates 90-minute athletes from 80,sub-80-hyrox-what-separates-90-minute-athletes-from-80,sub 80 hyrox,,,Informational,longtail-unevidenced,Goal-time ladder rung 2; splits-based prescription,guide,1500,Results lookup / percentile check,Free HYROX plan maker,/hyrox/times,data-graphic,sub-80 pacing splits table,"headline stat rendered as branded card, 1200x630",Sub-80 HYROX: what separates 90-minute athletes from 80 | Suth Performance,Goal-time ladder rung 2. From the Elite 15 HYROX coaching team at Suth Performance.,Article + BreadcrumbList (+HowTo where stepped),planned,
H099,hyrox,Times & Benchmarks,2,Sub-70 HYROX: a serious athlete's blueprint,sub-70-hyrox-a-serious-athletes-blueprint,sub 70 hyrox,,,Informational,longtail-unevidenced,"Rung 3; advanced audience, high plan-conversion intent",guide,1500,Results lookup / percentile check,Free HYROX plan maker,/hyrox/times,own-photo,track/pair-bend-rear-colour.jpg,"photo + title band, brand dark/chartreuse, 1200x630",Sub-70 HYROX: a serious athlete's blueprint | Suth Performance,Rung 3. From the Elite 15 HYROX coaching team at Suth Performance.,Article + BreadcrumbList (+HowTo where stepped),planned,
H100,hyrox,Times & Benchmarks,3,Sub-60 HYROX: inside the elite hour,sub-60-hyrox-inside-the-elite-hour,sub 60 hyrox,,,Informational,longtail-unevidenced,Rung 4; Ben's own splits as the worked example — unfakeable content,guide,1500,Results lookup / percentile check,Free HYROX plan maker,/hyrox/times,own-photo,ben/ben-racing-placeholder.jpg,"photo + title band, brand dark/chartreuse, 1200x630",Sub-60 HYROX: inside the elite hour | Suth Performance,Rung 4. From the Elite 15 HYROX coaching team at Suth Performance.,Article + BreadcrumbList (+HowTo where stepped),planned,
H101,hyrox,Times & Benchmarks,2,HYROX times by age group: how age really changes the clock,hyrox-times-by-age-group-how-age-really-changes-the-clock,hyrox times by age,,,Informational,longtail-unevidenced,Age-group benchmarks; masters magnet; needs results data,guide,1500,Results lookup / percentile check,Free HYROX plan maker,/hyrox/times,data-graphic,times by age group curve,"headline stat rendered as branded card, 1200x630",HYROX times by age group: how age really changes the clock | Suth Performance,Age-group benchmarks. From the Elite 15 HYROX coaching team at Suth Performance.,Article + BreadcrumbList (+HowTo where stepped),blocked-results,
H102,hyrox,Times & Benchmarks,2,"HYROX times by gender: the real gaps, station by station",hyrox-times-by-gender-the-real-gaps-station-by-station,hyrox average time female,,,Informational,longtail-unevidenced,Women's benchmark content; underserved; needs results data,guide,1500,Results lookup / percentile check,Free HYROX plan maker,/hyrox/times,data-graphic,gender split comparison,"headline stat rendered as branded card, 1200x630","HYROX times by gender: the real gaps, station by station | Suth Performance",Women's benchmark content. From the Elite 15 HYROX coaching team at Suth Performance.,Article + BreadcrumbList (+HowTo where stepped),blocked-results,
H103,hyrox,Times & Benchmarks,3,Your first HYROX time: what to expect and how to predict it,your-first-hyrox-time-what-to-expect-and-how-to-predict-it,first hyrox time,,,Informational,longtail-unevidenced,Anxiety-reducer + predictor tool CTA; mid-funnel gold,guide,1500,Results lookup / percentile check,Free HYROX plan maker,/hyrox/times,own-photo,v2/metrics-fresh.jpg,"photo + title band, brand dark/chartreuse, 1200x630",Your first HYROX time: what to expect and how to predict it | Suth Performance,Anxiety-reducer + predictor tool CTA. From the Elite 15 HYROX coaching team at Suth Performance.,Article + BreadcrumbList (+HowTo where stepped),planned,
H104,hyrox,Times & Benchmarks,3,HYROX pacing strategy: how to split the race by your target time,hyrox-pacing-strategy-how-to-split-the-race-by-your-target-time,hyrox pacing,,,Informational,longtail-unevidenced,Pacing tables per target time; printable; existing post refresh,guide,1500,Results lookup / percentile check,Free HYROX plan maker,/hyrox/times,data-graphic,pacing wristband style table,"headline stat rendered as branded card, 1200x630",HYROX pacing strategy: how to split the race by your target time | Suth Performance,Pacing tables per target time. From the Elite 15 HYROX coaching team at Suth Performance.,Article + BreadcrumbList (+HowTo where stepped),refresh,
H105,hyrox,Times & Benchmarks,3,Which HYROX station costs the most time? The data answer,which-hyrox-station-costs-the-most-time-the-data-answer,hyrox station times,,,Informational,longtail-unevidenced,Data story; contrarian finding potential; needs results layer,guide,1500,Results lookup / percentile check,Free HYROX plan maker,/hyrox/times,data-graphic,time cost by station ranked,"headline stat rendered as branded card, 1200x630",Which HYROX station costs the most time? The data answer | Suth Performance,Data story. From the Elite 15 HYROX coaching team at Suth Performance.,Article + BreadcrumbList (+HowTo where stepped),blocked-results,
H106,hyrox,Times & Benchmarks,3,Running splits in HYROX: why your 5k time lies to you,running-splits-in-hyrox-why-your-5k-time-lies-to-you,hyrox running splits,,,Informational,longtail-unevidenced,Compromised-running data analysis; unique angle,guide,1500,Results lookup / percentile check,Free HYROX plan maker,/hyrox/times,data-graphic,fresh vs compromised run pace decay,"headline stat rendered as branded card, 1200x630",Running splits in HYROX: why your 5k time lies to you | Suth Performance,Compromised-running data analysis. From the Elite 15 HYROX coaching team at Suth Performance.,Article + BreadcrumbList (+HowTo where stepped),planned,
H107,hyrox,Times & Benchmarks,4,The HYROX percentile calculator: where do you actually rank?,hyrox-percentile-calculator-where-do-you-actually-rank,hyrox percentile,,,Informational,longtail-unevidenced,Tool landing post; link magnet; needs results data,guide,1500,Results lookup / percentile check,Free HYROX plan maker,/hyrox/times,data-graphic,percentile curve interactive preview,"headline stat rendered as branded card, 1200x630",The HYROX percentile calculator: where do you actually rank? | Suth Performance,Tool landing post. From the Elite 15 HYROX coaching team at Suth Performance.,Article + BreadcrumbList (+HowTo where stepped),blocked-results,
H108,hyrox,Times & Benchmarks,4,How much faster is a second HYROX? First-vs-second race data,how-much-faster-is-a-second-hyrox-first-vs-second-race-data,second hyrox improvement,,,Informational,longtail-unevidenced,Original data story; PR-able finding; needs results layer,guide,1500,Results lookup / percentile check,Free HYROX plan maker,/hyrox/times,data-graphic,first vs second race improvement distribution,"headline stat rendered as branded card, 1200x630",How much faster is a second HYROX? First-vs-second race data | Suth Performance,Original data story. From the Elite 15 HYROX coaching team at Suth Performance.,Article + BreadcrumbList (+HowTo where stepped),blocked-results,
H109,hyrox,Training Plans,1,"The 12-week HYROX training plan (free, complete, printable)",12-week-hyrox-training-plan-free-complete-printable,12 week hyrox training plan,140,19,Informational,semrush,KD19 core plan post; feeds the free plan-maker PDF funnel directly,pillar,2500,Free HYROX plan maker (branded PDF),Take the fitness assessment quiz,/plans,own-photo,v2/bento-plan.jpg,"photo + title band, brand dark/chartreuse, 1200x630","The 12-week HYROX training plan (free, complete, printable) | Suth Performance",KD19 core plan post. From the Elite 15 HYROX coaching team at Suth Performance.,Article + FAQPage + BreadcrumbList,refresh,
H110,hyrox,Training Plans,1,Couch to HYROX: the 24-week zero-to-finish-line plan,couch-to-hyrox-the-24-week-zero-to-finish-line-plan,couch to hyrox,,,Informational,longtail-unevidenced,The flagship pillar — own this term before anyone else does,pillar,2500,Free HYROX plan maker (branded PDF),Take the fitness assessment quiz,/plans,own-photo,track/diverse-pool,"photo + title band, brand dark/chartreuse, 1200x630",Couch to HYROX: the 24-week zero-to-finish-line plan | Suth Performance,The flagship pillar — own this term before anyone else does. From the Elite 15 HYROX coaching team at Suth Performance.,Article + FAQPage + BreadcrumbList,check-overlap,
H111,hyrox,Training Plans,1,How long do you need to train for HYROX?,how-long-do-you-need-to-train-for-hyrox,how long to train for hyrox,140,14,Informational,semrush,140/KD14; honest timeline by starting level; quiz CTA,guide,1500,Free HYROX plan maker (branded PDF),Take the fitness assessment quiz,/plans,data-graphic,readiness timeline by starting fitness,"headline stat rendered as branded card, 1200x630",How long do you need to train for HYROX? | Suth Performance,140/KD14. From the Elite 15 HYROX coaching team at Suth Performance.,Article + BreadcrumbList (+HowTo where stepped),check-overlap,
H112,hyrox,Training Plans,1,"Free HYROX training plan PDF: 12 weeks, no email wall... almost",free-hyrox-training-plan-pdf-12-weeks-no-email-wall-almost,hyrox 12 week training plan pdf,110,14,Informational,semrush,KD14 PDF-intent query; the plan-maker lead magnet's front door,guide,1500,Free HYROX plan maker (branded PDF),Take the fitness assessment quiz,/plans,own-photo,v2/bento-plan.jpg,"photo + title band, brand dark/chartreuse, 1200x630","Free HYROX training plan PDF: 12 weeks, no email wall... almost | Suth Performance",KD14 PDF-intent query. From the Elite 15 HYROX coaching team at Suth Performance.,Article + BreadcrumbList (+HowTo where stepped),planned,
H113,hyrox,Training Plans,2,8-week HYROX training plan: race-ready on a deadline,8-week-hyrox-training-plan-race-ready-on-a-deadline,8 week hyrox training plan,,,Informational,longtail-unevidenced,Duration ladder; realistic-deadline framing,guide,1500,Free HYROX plan maker (branded PDF),Take the fitness assessment quiz,/plans,ai-generate,calendar wall planner with training blocks marked,"photo + title band, brand dark/chartreuse, 1200x630",8-week HYROX training plan: race-ready on a deadline | Suth Performance,Duration ladder. From the Elite 15 HYROX coaching team at Suth Performance.,Article + BreadcrumbList (+HowTo where stepped),planned,
H114,hyrox,Training Plans,2,6-week HYROX plan: the honest minimum,6-week-hyrox-plan-the-honest-minimum,6 week hyrox training plan,,,Informational,longtail-unevidenced,Duration ladder; 'is 6 weeks enough' angle answers the real question,guide,1500,Free HYROX plan maker (branded PDF),Take the fitness assessment quiz,/plans,ai-generate,"athlete checking watch mid interval, urgency","photo + title band, brand dark/chartreuse, 1200x630",6-week HYROX plan: the honest minimum | Suth Performance,Duration ladder. From the Elite 15 HYROX coaching team at Suth Performance.,Article + BreadcrumbList (+HowTo where stepped),planned,
H115,hyrox,Training Plans,2,16-week HYROX plan: the aerobic-base build,16-week-hyrox-plan-the-aerobic-base-build,16 week hyrox training plan,,,Informational,longtail-unevidenced,Duration ladder top; periodisation education,guide,1500,Free HYROX plan maker (branded PDF),Take the fitness assessment quiz,/plans,data-graphic,16-week periodisation blocks,"headline stat rendered as branded card, 1200x630",16-week HYROX plan: the aerobic-base build | Suth Performance,Duration ladder top. From the Elite 15 HYROX coaching team at Suth Performance.,Article + BreadcrumbList (+HowTo where stepped),planned,
H116,hyrox,Training Plans,2,HYROX training for beginners: your first 4 weeks,hyrox-training-for-beginners-your-first-4-weeks,hyrox training plan for beginners,110,22,Info/Commercial,semrush,KD22 beginner entry; fear-reduction + structure,guide,1500,Free HYROX plan maker (branded PDF),Take the fitness assessment quiz,/plans,own-photo,track/palms-runners-bw.jpg,"photo + title band, brand dark/chartreuse, 1200x630",HYROX training for beginners: your first 4 weeks | Suth Performance,KD22 beginner entry. From the Elite 15 HYROX coaching team at Suth Performance.,Article + BreadcrumbList (+HowTo where stepped),planned,
H117,hyrox,Training Plans,2,How many days a week should you train for HYROX?,how-many-days-a-week-should-you-train-for-hyrox,hyrox training days per week,,,Informational,longtail-unevidenced,Question post; honest minimums; segue to 3/4/5-day splits,guide,1500,Free HYROX plan maker (branded PDF),Take the fitness assessment quiz,/plans,data-graphic,results by training days visual,"headline stat rendered as branded card, 1200x630",How many days a week should you train for HYROX? | Suth Performance,Question post. From the Elite 15 HYROX coaching team at Suth Performance.,Article + BreadcrumbList (+HowTo where stepped),planned,
H118,hyrox,Training Plans,2,"The 3-day HYROX week: maximum result, minimum sessions",3-day-hyrox-week-maximum-result-minimum-sessions,3 day hyrox training plan,,,Informational,longtail-unevidenced,Busy-athlete split; big untapped audience,guide,1500,Free HYROX plan maker (branded PDF),Take the fitness assessment quiz,/plans,ai-generate,"parent lacing trainers by front door, dawn light","photo + title band, brand dark/chartreuse, 1200x630","The 3-day HYROX week: maximum result, minimum sessions | Suth Performance",Busy-athlete split. From the Elite 15 HYROX coaching team at Suth Performance.,Article + BreadcrumbList (+HowTo where stepped),planned,
H119,hyrox,Training Plans,2,The 4-day HYROX training split that most athletes should run,4-day-hyrox-training-split-that-most-athletes-should-run,4 day hyrox training plan,,,Informational,longtail-unevidenced,The default split; canonical structure post,guide,1500,Free HYROX plan maker (branded PDF),Take the fitness assessment quiz,/plans,data-graphic,4-day split week structure,"headline stat rendered as branded card, 1200x630",The 4-day HYROX training split that most athletes should run | Suth Performance,The default split. From the Elite 15 HYROX coaching team at Suth Performance.,Article + BreadcrumbList (+HowTo where stepped),planned,
H120,hyrox,Training Plans,3,The 5-day HYROX split for serious improvement,5-day-hyrox-split-for-serious-improvement,5 day hyrox training plan,,,Informational,longtail-unevidenced,Committed tier; overtraining warnings included,guide,1500,Free HYROX plan maker (branded PDF),Take the fitness assessment quiz,/plans,own-photo,v2/programme-pro.jpg,"photo + title band, brand dark/chartreuse, 1200x630",The 5-day HYROX split for serious improvement | Suth Performance,Committed tier. From the Elite 15 HYROX coaching team at Suth Performance.,Article + BreadcrumbList (+HowTo where stepped),planned,
H121,hyrox,Training Plans,3,HYROX training at home: full plan with minimal kit,hyrox-training-at-home-full-plan-with-minimal-kit,hyrox training at home,,,Informational,longtail-unevidenced,Home/equipment-gap audience; substitutions matrix,guide,1500,Free HYROX plan maker (branded PDF),Take the fitness assessment quiz,/plans,ai-generate,"garage gym with kettlebell rower and sandbag, morning light","photo + title band, brand dark/chartreuse, 1200x630",HYROX training at home: full plan with minimal kit | Suth Performance,Home/equipment-gap audience. From the Elite 15 HYROX coaching team at Suth Performance.,Article + BreadcrumbList (+HowTo where stepped),planned,
H122,hyrox,Training Plans,3,"HYROX for runners: convert your engine, keep your speed",hyrox-for-runners-convert-your-engine-keep-your-speed,hyrox for runners,,,Informational,longtail-unevidenced,Audience-bridge plan; runners are the biggest crossover pool,guide,1500,Free HYROX plan maker (branded PDF),Take the fitness assessment quiz,/plans,own-photo,track/bend-lanes-bw.jpg,"photo + title band, brand dark/chartreuse, 1200x630","HYROX for runners: convert your engine, keep your speed | Suth Performance",Audience-bridge plan. From the Elite 15 HYROX coaching team at Suth Performance.,Article + BreadcrumbList (+HowTo where stepped),planned,
H123,hyrox,Training Plans,3,HYROX for CrossFitters: what transfers and what's missing,hyrox-for-crossfitters-what-transfers-and-whats-missing,hyrox for crossfitters,,,Informational,longtail-unevidenced,Audience bridge; existing transition post refresh,guide,1500,Free HYROX plan maker (branded PDF),Take the fitness assessment quiz,/plans,ai-generate,crossfit box with hyrox sled lane taped out,"photo + title band, brand dark/chartreuse, 1200x630",HYROX for CrossFitters: what transfers and what's missing | Suth Performance,Audience bridge. From the Elite 15 HYROX coaching team at Suth Performance.,Article + BreadcrumbList (+HowTo where stepped),refresh,
H124,hyrox,Training Plans,3,HYROX over 40: the masters training plan,hyrox-over-40-the-masters-training-plan,hyrox over 40,,,Informational,longtail-unevidenced,Masters plan; recovery-first framing; existing post refresh,guide,1500,Free HYROX plan maker (branded PDF),Take the fitness assessment quiz,/plans,own-photo,track/pair-distant-dusk-bw.jpg,"photo + title band, brand dark/chartreuse, 1200x630",HYROX over 40: the masters training plan | Suth Performance,Masters plan. From the Elite 15 HYROX coaching team at Suth Performance.,Article + BreadcrumbList (+HowTo where stepped),refresh,
H125,hyrox,Training Plans,3,"HYROX over 50: strong, fast and injury-free",hyrox-over-50-strong-fast-and-injury-free,hyrox over 50,,,Informational,longtail-unevidenced,Extends masters ladder; almost zero competition,guide,1500,Free HYROX plan maker (branded PDF),Take the fitness assessment quiz,/plans,ai-generate,"50s athlete confident with sandbag on shoulder, natural grade","photo + title band, brand dark/chartreuse, 1200x630","HYROX over 50: strong, fast and injury-free | Suth Performance",Extends masters ladder. From the Elite 15 HYROX coaching team at Suth Performance.,Article + BreadcrumbList (+HowTo where stepped),planned,
H126,hyrox,Training Plans,3,Strength training for HYROX: the lifts that actually matter,strength-training-for-hyrox-the-lifts-that-actually-matter,hyrox strength training,,,Informational,longtail-unevidenced,Strength programming pillar; links station workouts,guide,1500,Free HYROX plan maker (branded PDF),Take the fitness assessment quiz,/plans,own-photo,v2/video-farmers.jpg,"photo + title band, brand dark/chartreuse, 1200x630",Strength training for HYROX: the lifts that actually matter | Suth Performance,Strength programming pillar. From the Elite 15 HYROX coaching team at Suth Performance.,Article + BreadcrumbList (+HowTo where stepped),planned,
H127,hyrox,Training Plans,3,"Running programme for HYROX: paces, volumes, sessions",running-programme-for-hyrox-paces-volumes-sessions,hyrox running programme,,,Informational,longtail-unevidenced,Running-leg pillar; pace-zone tables,guide,1500,Free HYROX plan maker (branded PDF),Take the fitness assessment quiz,/plans,own-photo,track/pano-pair-bw.jpg,"photo + title band, brand dark/chartreuse, 1200x630","Running programme for HYROX: paces, volumes, sessions | Suth Performance",Running-leg pillar. From the Elite 15 HYROX coaching team at Suth Performance.,Article + BreadcrumbList (+HowTo where stepped),planned,
H128,hyrox,Training Plans,4,HYROX taper week: the exact 7-day protocol,hyrox-taper-week-the-exact-7-day-protocol,hyrox taper,,,Informational,longtail-unevidenced,Race-week detail; existing post refresh to new standard,guide,1500,Free HYROX plan maker (branded PDF),Take the fitness assessment quiz,/plans,own-photo,v2/quiz-interstitial-2.jpg,"photo + title band, brand dark/chartreuse, 1200x630",HYROX taper week: the exact 7-day protocol | Suth Performance,Race-week detail. From the Elite 15 HYROX coaching team at Suth Performance.,Article + BreadcrumbList (+HowTo where stepped),refresh,
H129,hyrox,Training Plans,4,Training between HYROX races: the 6-week bridge plan,training-between-hyrox-races-the-6-week-bridge-plan,training between hyrox races,,,Informational,longtail-unevidenced,Multi-race season planning; retention content for subscribers,guide,1500,Free HYROX plan maker (branded PDF),Take the fitness assessment quiz,/plans,data-graphic,season structure between races,"headline stat rendered as branded card, 1200x630",Training between HYROX races: the 6-week bridge plan | Suth Performance,Multi-race season planning. From the Elite 15 HYROX coaching team at Suth Performance.,Article + BreadcrumbList (+HowTo where stepped),planned,
H130,hyrox,Training Plans,4,HYROX off-season: build the engine while nobody's watching,hyrox-off-season-build-the-engine-while-nobodys-watching,hyrox off season,,,Informational,longtail-unevidenced,Season periodisation; existing post refresh,guide,1500,Free HYROX plan maker (branded PDF),Take the fitness assessment quiz,/plans,own-photo,track/gym-ergs-dark-colour.jpg,"photo + title band, brand dark/chartreuse, 1200x630",HYROX off-season: build the engine while nobody's watching | Suth Performance,Season periodisation. From the Elite 15 HYROX coaching team at Suth Performance.,Article + BreadcrumbList (+HowTo where stepped),refresh,
H131,hyrox,Training Plans,4,"Doubles training plan: prepare as a pair, race as one",doubles-training-plan-prepare-as-a-pair-race-as-one,hyrox doubles training plan,,,Informational,longtail-unevidenced,Doubles-specific plan; Ben's division — unique authority,guide,1500,Free HYROX plan maker (branded PDF),Take the fitness assessment quiz,/plans,own-photo,track/pair-close-frontal-bw.jpg,"photo + title band, brand dark/chartreuse, 1200x630","Doubles training plan: prepare as a pair, race as one | Suth Performance",Doubles-specific plan. From the Elite 15 HYROX coaching team at Suth Performance.,Article + BreadcrumbList (+HowTo where stepped),planned,
H132,hyrox,Training Plans,4,HYROX relay team training: getting four people race-ready,hyrox-relay-team-training-getting-four-people-race-ready,hyrox relay training,,,Informational,longtail-unevidenced,Corporate/team angle; group-booking CTA,guide,1500,Free HYROX plan maker (branded PDF),Take the fitness assessment quiz,/plans,ai-generate,"four colleagues training together, relay batons of grip gloves","photo + title band, brand dark/chartreuse, 1200x630",HYROX relay team training: getting four people race-ready | Suth Performance,Corporate/team angle. From the Elite 15 HYROX coaching team at Suth Performance.,Article + BreadcrumbList (+HowTo where stepped),planned,
H133,hyrox,Training Plans,4,"Two HYROX races, four weeks apart: how to survive the double",two-hyrox-races-four-weeks-apart-how-to-survive-the-double,back to back hyrox races,,,Informational,longtail-unevidenced,Multi-race recovery; existing recovery-between-races refresh,guide,1500,Free HYROX plan maker (branded PDF),Take the fitness assessment quiz,/plans,own-photo,v2/video-recovery.jpg,"photo + title band, brand dark/chartreuse, 1200x630","Two HYROX races, four weeks apart: how to survive the double | Suth Performance",Multi-race recovery. From the Elite 15 HYROX coaching team at Suth Performance.,Article + BreadcrumbList (+HowTo where stepped),refresh,
H134,hyrox,Workouts,1,"The HYROX workout, explained: what a session actually looks like",hyrox-workout-explained-what-a-session-actually-looks-like,hyrox workout,22200,46,Informational,semrush,"22,200/mo head term; pillar defining the workout style + example sessions",pillar,2500,Free HYROX plan maker (branded PDF),Take the fitness assessment quiz,/hyrox/workouts,own-photo,track/gym-coach-row-colour.jpg,"photo + title band, brand dark/chartreuse, 1200x630","The HYROX workout, explained: what a session actually looks like | Suth Performance","22,200/mo head term. From the Elite 15 HYROX coaching team at Suth Performance.",Article + FAQPage + BreadcrumbList,check-overlap,
H135,hyrox,Workouts,1,15 HYROX workouts for every fitness level,15-hyrox-workouts-for-every-fitness-level,hyrox workouts,1300,34,Informational,semrush,"1,300/KD34 listicle; workout-card format; save magnet",guide,1500,Free HYROX plan maker (branded PDF),Take the fitness assessment quiz,/hyrox/workouts,own-photo,v2/station-fresh.jpg,"photo + title band, brand dark/chartreuse, 1200x630",15 HYROX workouts for every fitness level | Suth Performance,"1,300/KD34 listicle. From the Elite 15 HYROX coaching team at Suth Performance.",Article + BreadcrumbList (+HowTo where stepped),check-overlap,
H136,hyrox,Workouts,1,HYROX exercises: the full movement list (and what they train),hyrox-exercises-the-full-movement-list-and-what-they-train,hyrox exercises,2400,27,Informational,semrush,"2,400/KD27; movement library linking to station guides",guide,1500,Free HYROX plan maker (branded PDF),Take the fitness assessment quiz,/hyrox/workouts,data-graphic,movement grid with muscle groups,"headline stat rendered as branded card, 1200x630",HYROX exercises: the full movement list (and what they train) | Suth Performance,"2,400/KD27. From the Elite 15 HYROX coaching team at Suth Performance.",Article + BreadcrumbList (+HowTo where stepped),check-overlap,
H137,hyrox,Workouts,2,The full HYROX simulation workout (and when to run one),full-hyrox-simulation-workout-and-when-to-run-one,hyrox simulation workout,110,12,Informational,semrush,KD12 quick win; sim protocol + scaling; existing sim post refresh,guide,1500,Free HYROX plan maker (branded PDF),Take the fitness assessment quiz,/hyrox/workouts,own-photo,track/gym-skierg-colour.jpg,"photo + title band, brand dark/chartreuse, 1200x630",The full HYROX simulation workout (and when to run one) | Suth Performance,KD12 quick win. From the Elite 15 HYROX coaching team at Suth Performance.,Article + BreadcrumbList (+HowTo where stepped),refresh,
H138,hyrox,Workouts,2,The mini HYROX workout: the race in 30 minutes,mini-hyrox-workout-the-race-in-30-minutes,mini hyrox workout,110,13,Informational,semrush,KD13 quick win; time-poor format; shareable card,guide,1500,Free HYROX plan maker (branded PDF),Take the fitness assessment quiz,/hyrox/workouts,data-graphic,30-min mini-sim workout card,"headline stat rendered as branded card, 1200x630",The mini HYROX workout: the race in 30 minutes | Suth Performance,KD13 quick win. From the Elite 15 HYROX coaching team at Suth Performance.,Article + BreadcrumbList (+HowTo where stepped),planned,
H139,hyrox,Workouts,2,HYROX partner workouts: 8 sessions to share the suffering,hyrox-partner-workouts-8-sessions-to-share-the-suffering,hyrox partner workout,110,20,Informational,semrush,KD20; doubles-prep + gym-buddy audience,guide,1500,Free HYROX plan maker (branded PDF),Take the fitness assessment quiz,/hyrox/workouts,own-photo,track/pair-close-frontal-colour.jpg,"photo + title band, brand dark/chartreuse, 1200x630",HYROX partner workouts: 8 sessions to share the suffering | Suth Performance,KD20. From the Elite 15 HYROX coaching team at Suth Performance.,Article + BreadcrumbList (+HowTo where stepped),planned,
H140,hyrox,Workouts,2,HYROX WOD library: a month of daily sessions,hyrox-wod-library-a-month-of-daily-sessions,hyrox wod,260,16,Informational,semrush,KD16 quick win; CrossFit-crossover vocabulary; recurring update post,guide,1500,Free HYROX plan maker (branded PDF),Take the fitness assessment quiz,/hyrox/workouts,ai-generate,"gym whiteboard with WOD written up, chalk detail","photo + title band, brand dark/chartreuse, 1200x630",HYROX WOD library: a month of daily sessions | Suth Performance,KD16 quick win. From the Elite 15 HYROX coaching team at Suth Performance.,Article + BreadcrumbList (+HowTo where stepped),planned,
H141,hyrox,Workouts,2,HYROX exercise order: why the sequence is the strategy,hyrox-exercise-order-why-the-sequence-is-the-strategy,hyrox exercise order,390,39,Informational,semrush,Consolidates order/list queries; pacing-science angle,guide,1500,Free HYROX plan maker (branded PDF),Take the fitness assessment quiz,/hyrox/workouts,data-graphic,sequence with energy-system annotation,"headline stat rendered as branded card, 1200x630",HYROX exercise order: why the sequence is the strategy | Suth Performance,Consolidates order/list queries. From the Elite 15 HYROX coaching team at Suth Performance.,Article + BreadcrumbList (+HowTo where stepped),planned,
H142,hyrox,Workouts,3,HYROX strength workouts: 6 gym sessions for race power,hyrox-strength-workouts-6-gym-sessions-for-race-power,hyrox strength workout,110,33,Informational,semrush,Strength sub-library; links strength plan pillar,guide,1500,Free HYROX plan maker (branded PDF),Take the fitness assessment quiz,/hyrox/workouts,own-photo,v2/video-sled-pull.jpg,"photo + title band, brand dark/chartreuse, 1200x630",HYROX strength workouts: 6 gym sessions for race power | Suth Performance,Strength sub-library. From the Elite 15 HYROX coaching team at Suth Performance.,Article + BreadcrumbList (+HowTo where stepped),planned,
H143,hyrox,Workouts,3,HYROX running workouts: intervals that build compromised speed,hyrox-running-workouts-intervals-that-build-compromised-speed,hyrox running workout,,,Informational,longtail-unevidenced,Run sub-library; compromised-running intervals are our signature concept,guide,1500,Free HYROX plan maker (branded PDF),Take the fitness assessment quiz,/hyrox/workouts,own-photo,track/bend-lanes-bw.jpg,"photo + title band, brand dark/chartreuse, 1200x630",HYROX running workouts: intervals that build compromised speed | Suth Performance,Run sub-library. From the Elite 15 HYROX coaching team at Suth Performance.,Article + BreadcrumbList (+HowTo where stepped),planned,
H144,hyrox,Workouts,3,The 45-minute HYROX gym workout for normal gyms,45-minute-hyrox-gym-workout-for-normal-gyms,hyrox gym workout,110,51,Informational,semrush,No-sled-lane reality; machine substitutions; huge practical value,guide,1500,Free HYROX plan maker (branded PDF),Take the fitness assessment quiz,/hyrox/workouts,ai-generate,"busy commercial gym floor, athlete improvising sled push on prowler","photo + title band, brand dark/chartreuse, 1200x630",The 45-minute HYROX gym workout for normal gyms | Suth Performance,No-sled-lane reality. From the Elite 15 HYROX coaching team at Suth Performance.,Article + BreadcrumbList (+HowTo where stepped),planned,
H145,hyrox,Workouts,3,"HYROX doubles workouts: train the handoff, not just the engine",hyrox-doubles-workouts-train-the-handoff-not-just-the-engine,hyrox doubles workout,140,32,Informational,semrush,KD32; pair session structures with split strategies,guide,1500,Free HYROX plan maker (branded PDF),Take the fitness assessment quiz,/hyrox/workouts,own-photo,track/pair-elevated-bw.jpg,"photo + title band, brand dark/chartreuse, 1200x630","HYROX doubles workouts: train the handoff, not just the engine | Suth Performance",KD32. From the Elite 15 HYROX coaching team at Suth Performance.,Article + BreadcrumbList (+HowTo where stepped),planned,
H146,hyrox,Workouts,3,Hotel room HYROX: travel workouts that keep the engine running,hotel-room-hyrox-travel-workouts-that-keep-the-engine-running,hyrox travel workout,,,Informational,longtail-unevidenced,Travel/consistency niche; professional-audience overlap,guide,1500,Free HYROX plan maker (branded PDF),Take the fitness assessment quiz,/hyrox/workouts,ai-generate,"athlete doing burpees in minimal hotel room, dawn window","photo + title band, brand dark/chartreuse, 1200x630",Hotel room HYROX: travel workouts that keep the engine running | Suth Performance,Travel/consistency niche. From the Elite 15 HYROX coaching team at Suth Performance.,Article + BreadcrumbList (+HowTo where stepped),planned,
H147,hyrox,Workouts,4,HYROX EMOMs: 10 clock-based engine builders,hyrox-emoms-10-clock-based-engine-builders,hyrox emom,,,Informational,longtail-unevidenced,Format-specific library; glossary crosslink,guide,1500,Free HYROX plan maker (branded PDF),Take the fitness assessment quiz,/hyrox/workouts,data-graphic,EMOM session cards,"headline stat rendered as branded card, 1200x630",HYROX EMOMs: 10 clock-based engine builders | Suth Performance,Format-specific library. From the Elite 15 HYROX coaching team at Suth Performance.,Article + BreadcrumbList (+HowTo where stepped),planned,
H148,hyrox,Workouts,4,"One dumbbell, full HYROX session: minimal-kit workouts",one-dumbbell-full-hyrox-session-minimal-kit-workouts,hyrox workout with dumbbells,,,Informational,longtail-unevidenced,Equipment-minimum angle; home audience,guide,1500,Free HYROX plan maker (branded PDF),Take the fitness assessment quiz,/hyrox/workouts,ai-generate,"single dumbbell on garage floor, athlete mid lunge","photo + title band, brand dark/chartreuse, 1200x630","One dumbbell, full HYROX session: minimal-kit workouts | Suth Performance",Equipment-minimum angle. From the Elite 15 HYROX coaching team at Suth Performance.,Article + BreadcrumbList (+HowTo where stepped),planned,
H149,hyrox,Workouts,4,HYROX circuit training: build race rhythm in a group class,hyrox-circuit-training-build-race-rhythm-in-a-group-class,hyrox circuit,390,57,Informational,semrush,Class-format angle; gym-partner programme synergy,guide,1500,Free HYROX plan maker (branded PDF),Take the fitness assessment quiz,/hyrox/workouts,ai-generate,"small group circuit class mid-rotation, energetic","photo + title band, brand dark/chartreuse, 1200x630",HYROX circuit training: build race rhythm in a group class | Suth Performance,Class-format angle. From the Elite 15 HYROX coaching team at Suth Performance.,Article + BreadcrumbList (+HowTo where stepped),planned,
H150,hyrox,Gear,1,"HYROX trainers: how to choose, and what the race actually demands",hyrox-trainers-how-to-choose-and-what-the-race-actually-demands,hyrox trainers,2900,22,Commercial,semrush,"2,900/KD22 head commercial term. RETITLED 2026-08-02: was 'Best HYROX shoes 2026: tested by racing feet', which claims testing we have not done (hard rule 1). Write as selection criteria grounded in the eight stations, not a ranked verdict, until a real test exists",guide,1500,HYROX kit checklist download,Free HYROX plan maker,/hyrox/gear,ai-generate,"worn racing shoes beside sled track chalk marks, top-down","photo + title band, brand dark/chartreuse, 1200x630","HYROX trainers: how to choose, and what the race actually demands | Suth Performance","2,900/KD22 head commercial term. RETITLED 2026-08-02: was 'Best HYROX shoes 2026: tested by racing feet', which claims testing we have not done (hard rule 1).",Article + BreadcrumbList (+HowTo where stepped),planned,
H151,hyrox,Gear,1,Best trainers for HYROX: the shortlist by foot type and budget,best-trainers-for-hyrox-the-shortlist-by-foot-type-and-budget,best trainers for hyrox,1000,25,Commercial,semrush,"1,000/KD25 sibling intent; chooser-format by need",guide,1500,HYROX kit checklist download,Free HYROX plan maker,/hyrox/gear,data-graphic,shoe chooser decision tree,"headline stat rendered as branded card, 1200x630",Best trainers for HYROX: the shortlist by foot type and budget | Suth Performance,"1,000/KD25 sibling intent. From the Elite 15 HYROX coaching team at Suth Performance.",Article + BreadcrumbList (+HowTo where stepped),planned,
H152,hyrox,Gear,1,HYROX bag checklist: everything in a racer's kit bag,hyrox-bag-checklist-everything-in-a-racers-kit-bag,hyrox bag,1600,17,Informational,semrush,"1,600/KD17; flat-lay content; printable checklist; kit-list refresh",guide,1500,HYROX kit checklist download,Free HYROX plan maker,/hyrox/gear,ai-generate,"race kit flat lay on gym floor, labelled naturally","photo + title band, brand dark/chartreuse, 1200x630",HYROX bag checklist: everything in a racer's kit bag | Suth Performance,"1,600/KD17. From the Elite 15 HYROX coaching team at Suth Performance.",Article + BreadcrumbList (+HowTo where stepped),refresh,
H153,hyrox,Gear,2,HYROX trainers for women: what actually fits and grips,hyrox-trainers-for-women-what-actually-fits-and-grips,hyrox trainers women,480,21,Info/Commercial,semrush,480/KD21; women-specific fit guidance nobody does properly,guide,1500,HYROX kit checklist download,Free HYROX plan maker,/hyrox/gear,ai-generate,"female athlete tying laces trackside, shoe detail focus","photo + title band, brand dark/chartreuse, 1200x630",HYROX trainers for women: what actually fits and grips | Suth Performance,480/KD21. From the Elite 15 HYROX coaching team at Suth Performance.,Article + BreadcrumbList (+HowTo where stepped),planned,
H154,hyrox,Gear,2,What to wear for HYROX: kit that survives all 8 stations,what-to-wear-for-hyrox-kit-that-survives-all-8-stations,what to wear hyrox,,,Informational,longtail-unevidenced,Practical apparel guide; sweat/grip/chafe honesty,guide,1500,HYROX kit checklist download,Free HYROX plan maker,/hyrox/gear,own-photo,track/pair-frontal-bw.jpg,"photo + title band, brand dark/chartreuse, 1200x630",What to wear for HYROX: kit that survives all 8 stations | Suth Performance,Practical apparel guide. From the Elite 15 HYROX coaching team at Suth Performance.,Article + BreadcrumbList (+HowTo where stepped),planned,
H155,hyrox,Gear,2,HYROX equipment guide: what the race uses (and home equivalents),hyrox-equipment-guide-what-the-race-uses-and-home-equivalents,hyrox equipment,320,17,Informational,semrush,320/KD17; spec table of race kit + budget home alternatives,guide,1500,HYROX kit checklist download,Free HYROX plan maker,/hyrox/gear,data-graphic,race equipment spec table,"headline stat rendered as branded card, 1200x630",HYROX equipment guide: what the race uses (and home equivalents) | Suth Performance,320/KD17. From the Elite 15 HYROX coaching team at Suth Performance.,Article + BreadcrumbList (+HowTo where stepped),planned,
H156,hyrox,Gear,2,"Grip socks, gloves and grips: what helps, what's a gimmick",grip-socks-gloves-and-grips-what-helps-whats-a-gimmick,hyrox gloves,,,Informational,longtail-unevidenced,Accessory honesty post; affiliate potential later,guide,1500,HYROX kit checklist download,Free HYROX plan maker,/hyrox/gear,ai-generate,"chalked palms holding farmers handles, macro detail","photo + title band, brand dark/chartreuse, 1200x630","Grip socks, gloves and grips: what helps, what's a gimmick | Suth Performance",Accessory honesty post. From the Elite 15 HYROX coaching team at Suth Performance.,Article + BreadcrumbList (+HowTo where stepped),planned,
H157,hyrox,Gear,3,HYROX gifts: 20 presents athletes actually want,hyrox-gifts-20-presents-athletes-actually-want,hyrox gift,110,13,Informational,semrush,KD13 seasonal quick win; November publish for gifting SERP,guide,1500,HYROX kit checklist download,Free HYROX plan maker,/hyrox/gear,ai-generate,"wrapped gifts beside kettlebell and race bib, tasteful","photo + title band, brand dark/chartreuse, 1200x630",HYROX gifts: 20 presents athletes actually want | Suth Performance,KD13 seasonal quick win. From the Elite 15 HYROX coaching team at Suth Performance.,Article + BreadcrumbList (+HowTo where stepped),planned,
H158,hyrox,Gear,3,"Home HYROX gym: the £500 / £1,500 / £5,000 builds",home-hyrox-gym-the-500-1500-5000-builds,home hyrox gym,,,Informational,longtail-unevidenced,Budget-tiered build guide; big share performance,guide,1500,HYROX kit checklist download,Free HYROX plan maker,/hyrox/gear,ai-generate,"tidy garage gym three-quarter view, sled ski erg wall ball","photo + title band, brand dark/chartreuse, 1200x630","Home HYROX gym: the £500 / £1,500 / £5,000 builds | Suth Performance",Budget-tiered build guide. From the Elite 15 HYROX coaching team at Suth Performance.,Article + BreadcrumbList (+HowTo where stepped),planned,
H159,hyrox,Gear,3,"HYROX watch setup: screens, laps and data that helps mid-race",hyrox-watch-setup-screens-laps-and-data-that-helps-mid-race,hyrox watch settings,,,Informational,longtail-unevidenced,Practical tech post; Garmin/Apple setups; screenshots,guide,1500,HYROX kit checklist download,Free HYROX plan maker,/hyrox/gear,ai-generate,"wrist close-up race screen on watch, gym blur background","photo + title band, brand dark/chartreuse, 1200x630","HYROX watch setup: screens, laps and data that helps mid-race | Suth Performance",Practical tech post. From the Elite 15 HYROX coaching team at Suth Performance.,Article + BreadcrumbList (+HowTo where stepped),planned,
H160,hyrox,Gear,3,Budget HYROX setup: train properly for under £300,budget-hyrox-setup-train-properly-for-under-300,budget hyrox equipment,,,Informational,longtail-unevidenced,Access angle; beginner-friendly; equipment-gap synergy,guide,1500,HYROX kit checklist download,Free HYROX plan maker,/hyrox/gear,ai-generate,secondhand kettlebell sandbag diy sled on driveway,"photo + title band, brand dark/chartreuse, 1200x630",Budget HYROX setup: train properly for under £300 | Suth Performance,Access angle. From the Elite 15 HYROX coaching team at Suth Performance.,Article + BreadcrumbList (+HowTo where stepped),planned,
H161,hyrox,Gear,4,HYROX race day packing list: the night-before ritual,hyrox-race-day-packing-list-the-night-before-ritual,hyrox packing list,,,Informational,longtail-unevidenced,Checklist micro-post; printable PDF; links bag checklist,guide,1500,HYROX kit checklist download,Free HYROX plan maker,/hyrox/gear,data-graphic,printable packing checklist,"headline stat rendered as branded card, 1200x630",HYROX race day packing list: the night-before ritual | Suth Performance,Checklist micro-post. From the Elite 15 HYROX coaching team at Suth Performance.,Article + BreadcrumbList (+HowTo where stepped),planned,
H162,hyrox,Nutrition & Race Day,1,What to eat before HYROX: the 48-hour fuelling plan,what-to-eat-before-hyrox-the-48-hour-fuelling-plan,what to eat before hyrox,,,Informational,longtail-unevidenced,Core nutrition query; hour-by-hour timeline; race-day refresh,guide,1500,Free HYROX plan maker (branded PDF),Take the fitness assessment quiz,/hyrox/nutrition,ai-generate,"prepped meals in containers on kitchen counter, athlete's kitchen","photo + title band, brand dark/chartreuse, 1200x630",What to eat before HYROX: the 48-hour fuelling plan | Suth Performance,Core nutrition query. From the Elite 15 HYROX coaching team at Suth Performance.,Article + BreadcrumbList (+HowTo where stepped),refresh,
H163,hyrox,Nutrition & Race Day,1,"HYROX race day nutrition: fuel, caffeine and timing",hyrox-race-day-nutrition-fuel-caffeine-and-timing,hyrox nutrition,,,Informational,longtail-unevidenced,Nutrition pillar; consolidates diet queries; existing refresh,pillar,2500,Free HYROX plan maker (branded PDF),Take the fitness assessment quiz,/hyrox/nutrition,own-photo,v2/honesty-fresh.jpg,"photo + title band, brand dark/chartreuse, 1200x630","HYROX race day nutrition: fuel, caffeine and timing | Suth Performance",Nutrition pillar. From the Elite 15 HYROX coaching team at Suth Performance.,Article + FAQPage + BreadcrumbList,refresh,
H164,hyrox,Nutrition & Race Day,2,"Carb loading for HYROX: how much, when, and what it feels like",carb-loading-for-hyrox-how-much-when-and-what-it-feels-like,carb loading hyrox,,,Informational,longtail-unevidenced,Specific protocol post with gram targets by bodyweight,guide,1500,Free HYROX plan maker (branded PDF),Take the fitness assessment quiz,/hyrox/nutrition,data-graphic,carb loading timeline gram targets,"headline stat rendered as branded card, 1200x630","Carb loading for HYROX: how much, when, and what it feels like | Suth Performance",Specific protocol post with gram targets by bodyweight. From the Elite 15 HYROX coaching team at Suth Performance.,Article + BreadcrumbList (+HowTo where stepped),planned,
H165,hyrox,Nutrition & Race Day,2,"Caffeine and HYROX: dose, timing and the crash to avoid",caffeine-and-hyrox-dose-timing-and-the-crash-to-avoid,caffeine before hyrox,,,Informational,longtail-unevidenced,Specific + science-backed; snippet-friendly dosing table,guide,1500,Free HYROX plan maker (branded PDF),Take the fitness assessment quiz,/hyrox/nutrition,ai-generate,"espresso beside race bib and watch, morning table","photo + title band, brand dark/chartreuse, 1200x630","Caffeine and HYROX: dose, timing and the crash to avoid | Suth Performance",Specific + science-backed. From the Elite 15 HYROX coaching team at Suth Performance.,Article + BreadcrumbList (+HowTo where stepped),planned,
H166,hyrox,Nutrition & Race Day,2,HYROX hydration: what to drink across race week,hyrox-hydration-what-to-drink-across-race-week,hyrox hydration,,,Informational,longtail-unevidenced,Electrolyte protocol; heat-race crosslink,guide,1500,Free HYROX plan maker (branded PDF),Take the fitness assessment quiz,/hyrox/nutrition,ai-generate,"athlete drinking from bottle trackside, sweat detail","photo + title band, brand dark/chartreuse, 1200x630",HYROX hydration: what to drink across race week | Suth Performance,Electrolyte protocol. From the Elite 15 HYROX coaching team at Suth Performance.,Article + BreadcrumbList (+HowTo where stepped),planned,
H167,hyrox,Nutrition & Race Day,3,Eating to train: a week of meals for HYROX training,eating-to-train-a-week-of-meals-for-hyrox-training,hyrox diet,90,16,Informational,semrush,"KD16; real weekly meal structure, not macros lecture",guide,1500,Free HYROX plan maker (branded PDF),Take the fitness assessment quiz,/hyrox/nutrition,ai-generate,"weekly meal prep spread, realistic portions","photo + title band, brand dark/chartreuse, 1200x630",Eating to train: a week of meals for HYROX training | Suth Performance,KD16. From the Elite 15 HYROX coaching team at Suth Performance.,Article + BreadcrumbList (+HowTo where stepped),planned,
H168,hyrox,Nutrition & Race Day,3,Recovery nutrition: the 4 hours after a HYROX session,recovery-nutrition-the-4-hours-after-a-hyrox-session,hyrox recovery nutrition,,,Informational,longtail-unevidenced,Post-session window protocol; supplement honesty,guide,1500,Free HYROX plan maker (branded PDF),Take the fitness assessment quiz,/hyrox/nutrition,ai-generate,"protein shake and real food post gym, bench setting","photo + title band, brand dark/chartreuse, 1200x630",Recovery nutrition: the 4 hours after a HYROX session | Suth Performance,Post-session window protocol. From the Elite 15 HYROX coaching team at Suth Performance.,Article + BreadcrumbList (+HowTo where stepped),planned,
H169,hyrox,Nutrition & Race Day,3,Race morning breakfast: what racers actually eat,race-morning-breakfast-what-racers-actually-eat,hyrox breakfast,,,Informational,longtail-unevidenced,Micro-specific; poll-driven update potential; relatable,guide,1500,Free HYROX plan maker (branded PDF),Take the fitness assessment quiz,/hyrox/nutrition,ai-generate,"simple porridge banana coffee breakfast, early light","photo + title band, brand dark/chartreuse, 1200x630",Race morning breakfast: what racers actually eat | Suth Performance,Micro-specific. From the Elite 15 HYROX coaching team at Suth Performance.,Article + BreadcrumbList (+HowTo where stepped),planned,
H170,hyrox,Nutrition & Race Day,4,Protein for hybrid athletes: how much you actually need,protein-for-hybrid-athletes-how-much-you-actually-need,protein hybrid athlete,,,Informational,longtail-unevidenced,Evidence-based debunk; hybrid cluster crosslink,guide,1500,Free HYROX plan maker (branded PDF),Take the fitness assessment quiz,/hyrox/nutrition,data-graphic,protein needs by training load,"headline stat rendered as branded card, 1200x630",Protein for hybrid athletes: how much you actually need | Suth Performance,Evidence-based debunk. From the Elite 15 HYROX coaching team at Suth Performance.,Article + BreadcrumbList (+HowTo where stepped),planned,
H171,hyrox,Nutrition & Race Day,4,Should you cut weight for HYROX? Divisions and honesty,should-you-cut-weight-for-hyrox-divisions-and-honesty,hyrox weight cutting,,,Informational,longtail-unevidenced,Underserved question; responsible framing; body-comp crosslink,guide,1500,Free HYROX plan maker (branded PDF),Take the fitness assessment quiz,/hyrox/nutrition,own-photo,v2/metrics-fresh.jpg,"photo + title band, brand dark/chartreuse, 1200x630",Should you cut weight for HYROX? Divisions and honesty | Suth Performance,Underserved question. From the Elite 15 HYROX coaching team at Suth Performance.,Article + BreadcrumbList (+HowTo where stepped),planned,
H172,hyrox,Comparisons & Apps,1,HYROX vs CrossFit: which is right for you?,hyrox-vs-crossfit-which-is-right-for-you,hyrox vs crossfit,,,Informational,longtail-unevidenced,Head comparison; existing post refresh; chooser matrix,guide,1500,Start the 7-day Hub trial,Take the fitness assessment quiz,/hyrox-vs,ai-generate,"split composition sled lane vs barbell, same lighting","photo + title band, brand dark/chartreuse, 1200x630",HYROX vs CrossFit: which is right for you? | Suth Performance,Head comparison. From the Elite 15 HYROX coaching team at Suth Performance.,Article + BreadcrumbList (+HowTo where stepped),refresh,
H173,hyrox,Comparisons & Apps,1,Is HYROX worth it? An honest cost-benefit from a coach,is-hyrox-worth-it-an-honest-cost-benefit-from-a-coach,is hyrox worth it,,,Informational,longtail-unevidenced,Decision-stage query; honest cons included — trust play,guide,1500,Start the 7-day Hub trial,Take the fitness assessment quiz,/hyrox-vs,own-photo,track/palms-sunflare-pair-colour.jpg,"photo + title band, brand dark/chartreuse, 1200x630",Is HYROX worth it? An honest cost-benefit from a coach | Suth Performance,Decision-stage query. From the Elite 15 HYROX coaching team at Suth Performance.,Article + BreadcrumbList (+HowTo where stepped),planned,
H174,hyrox,Comparisons & Apps,1,Best HYROX training app 2026: the honest comparison,best-hyrox-training-app-2026-the-honest-comparison,best hyrox training app,,,Informational,longtail-unevidenced,Money page in blog clothing; we appear with genuine pros/cons vs rivals,guide,1500,Start the 7-day Hub trial,Take the fitness assessment quiz,/hyrox-vs,data-graphic,app comparison matrix,"headline stat rendered as branded card, 1200x630",Best HYROX training app 2026: the honest comparison | Suth Performance,Money page in blog clothing. From the Elite 15 HYROX coaching team at Suth Performance.,Article + BreadcrumbList (+HowTo where stepped),planned,
H175,hyrox,Comparisons & Apps,2,"HYROX vs marathon: training, difficulty and which to pick",hyrox-vs-marathon-training-difficulty-and-which-to-pick,hyrox vs marathon,,,Informational,longtail-unevidenced,Big-audience comparison; runner conversion path,guide,1500,Start the 7-day Hub trial,Take the fitness assessment quiz,/hyrox-vs,ai-generate,split road-race vs arena-floor scenes,"photo + title band, brand dark/chartreuse, 1200x630","HYROX vs marathon: training, difficulty and which to pick | Suth Performance",Big-audience comparison. From the Elite 15 HYROX coaching team at Suth Performance.,Article + BreadcrumbList (+HowTo where stepped),planned,
H176,hyrox,Comparisons & Apps,2,HYROX vs Spartan vs DEKA: the obstacle-fitness landscape,hyrox-vs-spartan-vs-deka-the-obstacle-fitness-landscape,hyrox vs spartan,,,Informational,longtail-unevidenced,3-way format comparison; existing post refresh,guide,1500,Start the 7-day Hub trial,Take the fitness assessment quiz,/hyrox-vs,data-graphic,format comparison table,"headline stat rendered as branded card, 1200x630",HYROX vs Spartan vs DEKA: the obstacle-fitness landscape | Suth Performance,3-way format comparison. From the Elite 15 HYROX coaching team at Suth Performance.,Article + BreadcrumbList (+HowTo where stepped),refresh,
H177,hyrox,Comparisons & Apps,2,Runna alternative for HYROX: what runners should use instead,runna-alternative-for-hyrox-what-runners-should-use-instead,runna alternative,,,Informational,longtail-unevidenced,"Competitor-adjacent capture; respectful, factual comparison",guide,1500,Start the 7-day Hub trial,Take the fitness assessment quiz,/hyrox-vs,data-graphic,feature comparison Runna vs hybrid needs,"headline stat rendered as branded card, 1200x630",Runna alternative for HYROX: what runners should use instead | Suth Performance,Competitor-adjacent capture. From the Elite 15 HYROX coaching team at Suth Performance.,Article + BreadcrumbList (+HowTo where stepped),planned,
H178,hyrox,Comparisons & Apps,2,HYROX vs triathlon: endurance racing compared,hyrox-vs-triathlon-endurance-racing-compared,hyrox vs triathlon,,,Informational,longtail-unevidenced,Endurance-crossover audience; time-cost honesty,guide,1500,Start the 7-day Hub trial,Take the fitness assessment quiz,/hyrox-vs,ai-generate,"transition rack bike wetsuit vs gym floor kit, split","photo + title band, brand dark/chartreuse, 1200x630",HYROX vs triathlon: endurance racing compared | Suth Performance,Endurance-crossover audience. From the Elite 15 HYROX coaching team at Suth Performance.,Article + BreadcrumbList (+HowTo where stepped),planned,
H179,hyrox,Comparisons & Apps,3,HYROX vs F45: from class fitness to race fitness,hyrox-vs-f45-from-class-fitness-to-race-fitness,hyrox vs f45,,,Informational,longtail-unevidenced,Class-member conversion path; partner-gym synergy,guide,1500,Start the 7-day Hub trial,Take the fitness assessment quiz,/hyrox-vs,ai-generate,"group class energy vs solo race focus, split","photo + title band, brand dark/chartreuse, 1200x630",HYROX vs F45: from class fitness to race fitness | Suth Performance,Class-member conversion path. From the Elite 15 HYROX coaching team at Suth Performance.,Article + BreadcrumbList (+HowTo where stepped),planned,
H180,hyrox,Comparisons & Apps,3,HYROX vs DEKA FIT: the head-to-head,hyrox-vs-deka-fit-the-head-to-head,hyrox vs deka,,,Informational,longtail-unevidenced,Dedicated DEKA comparison for the US-lean query,guide,1500,Start the 7-day Hub trial,Take the fitness assessment quiz,/hyrox-vs,data-graphic,station-by-station format comparison,"headline stat rendered as branded card, 1200x630",HYROX vs DEKA FIT: the head-to-head | Suth Performance,Dedicated DEKA comparison for the US-lean query. From the Elite 15 HYROX coaching team at Suth Performance.,Article + BreadcrumbList (+HowTo where stepped),planned,
H181,hyrox,Comparisons & Apps,3,HYROX vs Turf Games: competition formats compared,hyrox-vs-turf-games-competition-formats-compared,hyrox vs turf games,,,Informational,longtail-unevidenced,UK-specific comparison; niche but zero competition,guide,1500,Start the 7-day Hub trial,Take the fitness assessment quiz,/hyrox-vs,ai-generate,"team event field vs indoor race floor, split","photo + title band, brand dark/chartreuse, 1200x630",HYROX vs Turf Games: competition formats compared | Suth Performance,UK-specific comparison. From the Elite 15 HYROX coaching team at Suth Performance.,Article + BreadcrumbList (+HowTo where stepped),planned,
H182,hyrox,Comparisons & Apps,3,Online HYROX coaching vs a local PT: the real comparison,online-hyrox-coaching-vs-a-local-pt-the-real-comparison,online hyrox coaching,,,Informational,longtail-unevidenced,The conversion argument as content; geo-page synergy,guide,1500,Start the 7-day Hub trial,Take the fitness assessment quiz,/hyrox-vs,data-graphic,cost and outcome comparison,"headline stat rendered as branded card, 1200x630",Online HYROX coaching vs a local PT: the real comparison | Suth Performance,The conversion argument as content. From the Elite 15 HYROX coaching team at Suth Performance.,Article + BreadcrumbList (+HowTo where stepped),planned,
H183,hyrox,Comparisons & Apps,4,Free vs paid HYROX plans: when free is enough,free-vs-paid-hyrox-plans-when-free-is-enough,free hyrox training plan,110,15,Commercial,semrush,KD15; disarming honesty — free plan CTA with paid upgrade path,guide,1500,Start the 7-day Hub trial,Take the fitness assessment quiz,/hyrox-vs,own-photo,v2/bento-plan.jpg,"photo + title band, brand dark/chartreuse, 1200x630",Free vs paid HYROX plans: when free is enough | Suth Performance,KD15. From the Elite 15 HYROX coaching team at Suth Performance.,Article + BreadcrumbList (+HowTo where stepped),planned,
H184,hyrox,Comparisons & Apps,4,"HWPO HYROX review: strong programme, right for you?",hwpo-hyrox-review-strong-programme-right-for-you,hwpo hyrox,,,Informational,longtail-unevidenced,"Competitor review; factual, fair, findable",guide,1500,Start the 7-day Hub trial,Take the fitness assessment quiz,/hyrox-vs,data-graphic,programme structure comparison,"headline stat rendered as branded card, 1200x630","HWPO HYROX review: strong programme, right for you? | Suth Performance",Competitor review. From the Elite 15 HYROX coaching team at Suth Performance.,Article + BreadcrumbList (+HowTo where stepped),planned,
H185,hyrox,Comparisons & Apps,4,HYROX 365 explained: what the official platform does,hyrox-365-explained-what-the-official-platform-does,hyrox 365,140,19,Navigational,semrush,"KD19 navigational catch; explains ecosystem, positions our hub",guide,1500,Start the 7-day Hub trial,Take the fitness assessment quiz,/hyrox-vs,data-graphic,ecosystem map official vs coaching apps,"headline stat rendered as branded card, 1200x630",HYROX 365 explained: what the official platform does | Suth Performance,KD19 navigational catch. From the Elite 15 HYROX coaching team at Suth Performance.,Article + BreadcrumbList (+HowTo where stepped),planned,
H186,hyrox,Race Cities & Events,1,"HYROX London: dates, venue, course and how to prepare",hyrox-london-dates-venue-course-and-how-to-prepare,hyrox london,18100,26,Informational,semrush,Editorial companion to the /races/london page; taper + venue-specific prep angle,guide,1500,Race-specific 12-week plan,Free HYROX plan maker,/hyrox/events,ai-generate,"London venue exterior with race-day crowd energy, documentary","photo + title band, brand dark/chartreuse, 1200x630","HYROX London: dates, venue, course and how to prepare | Suth Performance",Editorial companion to the /races/london page. From the Elite 15 HYROX coaching team at Suth Performance.,Article + BreadcrumbList (+HowTo where stepped),check-overlap,
H187,hyrox,Race Cities & Events,2,"HYROX London spectator guide: where to stand, what to bring",hyrox-london-spectator-guide-where-to-stand-what-to-bring,hyrox london spectators,,,Informational,longtail-unevidenced,Supporter long-tail; zero competition; goodwill + links,guide,1500,Race-specific 12-week plan,Free HYROX plan maker,/hyrox/events,ai-generate,"spectator crowd barrier moment, London venue interior","photo + title band, brand dark/chartreuse, 1200x630","HYROX London spectator guide: where to stand, what to bring | Suth Performance",Supporter long-tail. From the Elite 15 HYROX coaching team at Suth Performance.,Article + BreadcrumbList (+HowTo where stepped),planned,
H188,hyrox,Race Cities & Events,1,"HYROX Glasgow: dates, venue, course and how to prepare",hyrox-glasgow-dates-venue-course-and-how-to-prepare,hyrox glasgow,6600,17,Informational,semrush,Editorial companion to the /races/glasgow page; taper + venue-specific prep angle,guide,1500,Race-specific 12-week plan,Free HYROX plan maker,/hyrox/events,ai-generate,"Glasgow venue exterior with race-day crowd energy, documentary","photo + title band, brand dark/chartreuse, 1200x630","HYROX Glasgow: dates, venue, course and how to prepare | Suth Performance",Editorial companion to the /races/glasgow page. From the Elite 15 HYROX coaching team at Suth Performance.,Article + BreadcrumbList (+HowTo where stepped),check-overlap,
H189,hyrox,Race Cities & Events,2,"HYROX Glasgow spectator guide: where to stand, what to bring",hyrox-glasgow-spectator-guide-where-to-stand-what-to-bring,hyrox glasgow spectators,,,Informational,longtail-unevidenced,Supporter long-tail; zero competition; goodwill + links,guide,1500,Race-specific 12-week plan,Free HYROX plan maker,/hyrox/events,ai-generate,"spectator crowd barrier moment, Glasgow venue interior","photo + title band, brand dark/chartreuse, 1200x630","HYROX Glasgow spectator guide: where to stand, what to bring | Suth Performance",Supporter long-tail. From the Elite 15 HYROX coaching team at Suth Performance.,Article + BreadcrumbList (+HowTo where stepped),planned,
H190,hyrox,Race Cities & Events,1,"HYROX Birmingham: dates, venue, course and how to prepare",hyrox-birmingham-dates-venue-course-and-how-to-prepare,hyrox birmingham,6600,30,Informational,semrush,Editorial companion to the /races/birmingham page; taper + venue-specific prep angle,guide,1500,Race-specific 12-week plan,Free HYROX plan maker,/hyrox/events,ai-generate,"Birmingham venue exterior with race-day crowd energy, documentary","photo + title band, brand dark/chartreuse, 1200x630","HYROX Birmingham: dates, venue, course and how to prepare | Suth Performance",Editorial companion to the /races/birmingham page. From the Elite 15 HYROX coaching team at Suth Performance.,Article + BreadcrumbList (+HowTo where stepped),check-overlap,
H191,hyrox,Race Cities & Events,2,"HYROX Birmingham spectator guide: where to stand, what to bring",hyrox-birmingham-spectator-guide-where-to-stand-what-to-bring,hyrox birmingham spectators,,,Informational,longtail-unevidenced,Supporter long-tail; zero competition; goodwill + links,guide,1500,Race-specific 12-week plan,Free HYROX plan maker,/hyrox/events,ai-generate,"spectator crowd barrier moment, Birmingham venue interior","photo + title band, brand dark/chartreuse, 1200x630","HYROX Birmingham spectator guide: where to stand, what to bring | Suth Performance",Supporter long-tail. From the Elite 15 HYROX coaching team at Suth Performance.,Article + BreadcrumbList (+HowTo where stepped),planned,
H192,hyrox,Race Cities & Events,1,"HYROX Manchester: dates, venue, course and how to prepare",hyrox-manchester-dates-venue-course-and-how-to-prepare,hyrox manchester,,,Informational,longtail-unevidenced,Editorial companion to the /races/manchester page; taper + venue-specific prep angle,guide,1500,Race-specific 12-week plan,Free HYROX plan maker,/hyrox/events,ai-generate,"Manchester venue exterior with race-day crowd energy, documentary","photo + title band, brand dark/chartreuse, 1200x630","HYROX Manchester: dates, venue, course and how to prepare | Suth Performance",Editorial companion to the /races/manchester page. From the Elite 15 HYROX coaching team at Suth Performance.,Article + BreadcrumbList (+HowTo where stepped),planned,
H193,hyrox,Race Cities & Events,2,"HYROX Manchester spectator guide: where to stand, what to bring",hyrox-manchester-spectator-guide-where-to-stand-what-to-bring,hyrox manchester spectators,,,Informational,longtail-unevidenced,Supporter long-tail; zero competition; goodwill + links,guide,1500,Race-specific 12-week plan,Free HYROX plan maker,/hyrox/events,ai-generate,"spectator crowd barrier moment, Manchester venue interior","photo + title band, brand dark/chartreuse, 1200x630","HYROX Manchester spectator guide: where to stand, what to bring | Suth Performance",Supporter long-tail. From the Elite 15 HYROX coaching team at Suth Performance.,Article + BreadcrumbList (+HowTo where stepped),planned,
H194,hyrox,Race Cities & Events,1,"HYROX Dublin: dates, venue, course and how to prepare",hyrox-dublin-dates-venue-course-and-how-to-prepare,hyrox dublin,4400,23,Transactional,semrush,Editorial companion to the /races/dublin page; taper + venue-specific prep angle,guide,1500,Race-specific 12-week plan,Free HYROX plan maker,/hyrox/events,ai-generate,"Dublin venue exterior with race-day crowd energy, documentary","photo + title band, brand dark/chartreuse, 1200x630","HYROX Dublin: dates, venue, course and how to prepare | Suth Performance",Editorial companion to the /races/dublin page. From the Elite 15 HYROX coaching team at Suth Performance.,Article + BreadcrumbList (+HowTo where stepped),check-overlap,
H195,hyrox,Race Cities & Events,2,"HYROX Dublin spectator guide: where to stand, what to bring",hyrox-dublin-spectator-guide-where-to-stand-what-to-bring,hyrox dublin spectators,,,Informational,longtail-unevidenced,Supporter long-tail; zero competition; goodwill + links,guide,1500,Race-specific 12-week plan,Free HYROX plan maker,/hyrox/events,ai-generate,"spectator crowd barrier moment, Dublin venue interior","photo + title band, brand dark/chartreuse, 1200x630","HYROX Dublin spectator guide: where to stand, what to bring | Suth Performance",Supporter long-tail. From the Elite 15 HYROX coaching team at Suth Performance.,Article + BreadcrumbList (+HowTo where stepped),planned,
H196,hyrox,Race Cities & Events,1,"HYROX Cardiff: dates, venue, course and how to prepare",hyrox-cardiff-dates-venue-course-and-how-to-prepare,cardiff hyrox,1600,16,Informational,semrush,Editorial companion to the /races/cardiff page; taper + venue-specific prep angle,guide,1500,Race-specific 12-week plan,Free HYROX plan maker,/hyrox/events,ai-generate,"Cardiff venue exterior with race-day crowd energy, documentary","photo + title band, brand dark/chartreuse, 1200x630","HYROX Cardiff: dates, venue, course and how to prepare | Suth Performance",Editorial companion to the /races/cardiff page. From the Elite 15 HYROX coaching team at Suth Performance.,Article + BreadcrumbList (+HowTo where stepped),check-overlap,
H197,hyrox,Race Cities & Events,2,"HYROX Cardiff spectator guide: where to stand, what to bring",hyrox-cardiff-spectator-guide-where-to-stand-what-to-bring,hyrox cardiff spectators,,,Informational,longtail-unevidenced,Supporter long-tail; zero competition; goodwill + links,guide,1500,Race-specific 12-week plan,Free HYROX plan maker,/hyrox/events,ai-generate,"spectator crowd barrier moment, Cardiff venue interior","photo + title band, brand dark/chartreuse, 1200x630","HYROX Cardiff spectator guide: where to stand, what to bring | Suth Performance",Supporter long-tail. From the Elite 15 HYROX coaching team at Suth Performance.,Article + BreadcrumbList (+HowTo where stepped),planned,
H198,hyrox,Race Cities & Events,3,HYROX Malaga: the travelling athlete's race guide,hyrox-malaga-the-travelling-athletes-race-guide,hyrox malaga,1000,9,Informational,semrush,"Race-tourism angle: venue, travel, where UK athletes stay; KD ≤24 across the set",guide,1500,Race-specific 12-week plan,Free HYROX plan maker,/hyrox/events,ai-generate,"Malaga skyline landmark at dawn with runner silhouette, tasteful","photo + title band, brand dark/chartreuse, 1200x630",HYROX Malaga: the travelling athlete's race guide | Suth Performance,"Race-tourism angle: venue, travel, where UK athletes stay. From the Elite 15 HYROX coaching team at Suth Performance.",Article + BreadcrumbList (+HowTo where stepped),planned,
H199,hyrox,Race Cities & Events,3,HYROX Rome: the travelling athlete's race guide,hyrox-rome-the-travelling-athletes-race-guide,hyrox rome,1000,22,Informational,semrush,"Race-tourism angle: venue, travel, where UK athletes stay; KD ≤24 across the set",guide,1500,Race-specific 12-week plan,Free HYROX plan maker,/hyrox/events,ai-generate,"Rome skyline landmark at dawn with runner silhouette, tasteful","photo + title band, brand dark/chartreuse, 1200x630",HYROX Rome: the travelling athlete's race guide | Suth Performance,"Race-tourism angle: venue, travel, where UK athletes stay. From the Elite 15 HYROX coaching team at Suth Performance.",Article + BreadcrumbList (+HowTo where stepped),planned,
H200,hyrox,Race Cities & Events,3,HYROX Madrid: the travelling athlete's race guide,hyrox-madrid-the-travelling-athletes-race-guide,hyrox madrid,1300,21,Informational,semrush,"Race-tourism angle: venue, travel, where UK athletes stay; KD ≤24 across the set",guide,1500,Race-specific 12-week plan,Free HYROX plan maker,/hyrox/events,ai-generate,"Madrid skyline landmark at dawn with runner silhouette, tasteful","photo + title band, brand dark/chartreuse, 1200x630",HYROX Madrid: the travelling athlete's race guide | Suth Performance,"Race-tourism angle: venue, travel, where UK athletes stay. From the Elite 15 HYROX coaching team at Suth Performance.",Article + BreadcrumbList (+HowTo where stepped),planned,
H201,hyrox,Race Cities & Events,3,HYROX Oslo: the travelling athlete's race guide,hyrox-oslo-the-travelling-athletes-race-guide,hyrox oslo,590,24,Informational,semrush,"Race-tourism angle: venue, travel, where UK athletes stay; KD ≤24 across the set",guide,1500,Race-specific 12-week plan,Free HYROX plan maker,/hyrox/events,ai-generate,"Oslo skyline landmark at dawn with runner silhouette, tasteful","photo + title band, brand dark/chartreuse, 1200x630",HYROX Oslo: the travelling athlete's race guide | Suth Performance,"Race-tourism angle: venue, travel, where UK athletes stay. From the Elite 15 HYROX coaching team at Suth Performance.",Article + BreadcrumbList (+HowTo where stepped),planned,
H202,hyrox,Race Cities & Events,3,HYROX Poznan: the travelling athlete's race guide,hyrox-poznan-the-travelling-athletes-race-guide,hyrox poznan,390,14,Informational,semrush,"Race-tourism angle: venue, travel, where UK athletes stay; KD ≤24 across the set",guide,1500,Race-specific 12-week plan,Free HYROX plan maker,/hyrox/events,ai-generate,"Poznan skyline landmark at dawn with runner silhouette, tasteful","photo + title band, brand dark/chartreuse, 1200x630",HYROX Poznan: the travelling athlete's race guide | Suth Performance,"Race-tourism angle: venue, travel, where UK athletes stay. From the Elite 15 HYROX coaching team at Suth Performance.",Article + BreadcrumbList (+HowTo where stepped),planned,
H203,hyrox,Race Cities & Events,3,HYROX Hamburg: the travelling athlete's race guide,hyrox-hamburg-the-travelling-athletes-race-guide,hyrox hamburg,140,23,Informational,semrush,"Race-tourism angle: venue, travel, where UK athletes stay; KD ≤24 across the set",guide,1500,Race-specific 12-week plan,Free HYROX plan maker,/hyrox/events,ai-generate,"Hamburg skyline landmark at dawn with runner silhouette, tasteful","photo + title band, brand dark/chartreuse, 1200x630",HYROX Hamburg: the travelling athlete's race guide | Suth Performance,"Race-tourism angle: venue, travel, where UK athletes stay. From the Elite 15 HYROX coaching team at Suth Performance.",Article + BreadcrumbList (+HowTo where stepped),planned,
H204,hyrox,Race Cities & Events,3,HYROX Chicago: the travelling athlete's race guide,hyrox-chicago-the-travelling-athletes-race-guide,hyrox chicago,480,23,Informational,semrush,"Race-tourism angle: venue, travel, where UK athletes stay; KD ≤24 across the set",guide,1500,Race-specific 12-week plan,Free HYROX plan maker,/hyrox/events,ai-generate,"Chicago skyline landmark at dawn with runner silhouette, tasteful","photo + title band, brand dark/chartreuse, 1200x630",HYROX Chicago: the travelling athlete's race guide | Suth Performance,"Race-tourism angle: venue, travel, where UK athletes stay. From the Elite 15 HYROX coaching team at Suth Performance.",Article + BreadcrumbList (+HowTo where stepped),planned,
H205,hyrox,Race Cities & Events,3,HYROX Riga: the travelling athlete's race guide,hyrox-riga-the-travelling-athletes-race-guide,hyrox riga,320,21,Info/Transactional,semrush,"Race-tourism angle: venue, travel, where UK athletes stay; KD ≤24 across the set",guide,1500,Race-specific 12-week plan,Free HYROX plan maker,/hyrox/events,ai-generate,"Riga skyline landmark at dawn with runner silhouette, tasteful","photo + title band, brand dark/chartreuse, 1200x630",HYROX Riga: the travelling athlete's race guide | Suth Performance,"Race-tourism angle: venue, travel, where UK athletes stay. From the Elite 15 HYROX coaching team at Suth Performance.",Article + BreadcrumbList (+HowTo where stepped),planned,
H206,hyrox,Race Cities & Events,1,HYROX calendar 2026/27: every confirmed race,hyrox-calendar-202627-every-confirmed-race,hyrox calendar,390,30,Informational,semrush,390/KD30; maintained calendar post; ticket-release spike magnet,guide,1500,Race-specific 12-week plan,Free HYROX plan maker,/hyrox/events,data-graphic,season calendar grid,"headline stat rendered as branded card, 1200x630",HYROX calendar 2026/27: every confirmed race | Suth Performance,390/KD30. From the Elite 15 HYROX coaching team at Suth Performance.,Article + BreadcrumbList (+HowTo where stepped),check-overlap,
H207,hyrox,Race Cities & Events,2,How to enter a HYROX: registration walkthrough,how-to-enter-a-hyrox-registration-walkthrough,how to enter hyrox,,,Informational,longtail-unevidenced,Practical entry funnel content; catches ticket queries,guide,1500,Race-specific 12-week plan,Free HYROX plan maker,/hyrox/events,ai-generate,"athlete registering on laptop, race photos on wall","photo + title band, brand dark/chartreuse, 1200x630",How to enter a HYROX: registration walkthrough | Suth Performance,Practical entry funnel content. From the Elite 15 HYROX coaching team at Suth Performance.,Article + BreadcrumbList (+HowTo where stepped),planned,
H208,hyrox,Race Cities & Events,2,"HYROX tickets: prices, waves, sell-out patterns",hyrox-tickets-prices-waves-sell-out-patterns,hyrox ticket prices,110,33,Transactional,semrush,Ticket price transparency; updated per release cycle,guide,1500,Race-specific 12-week plan,Free HYROX plan maker,/hyrox/events,data-graphic,ticket price tiers by city,"headline stat rendered as branded card, 1200x630","HYROX tickets: prices, waves, sell-out patterns | Suth Performance",Ticket price transparency. From the Elite 15 HYROX coaching team at Suth Performance.,Article + BreadcrumbList (+HowTo where stepped),planned,
H209,hyrox,Race Cities & Events,3,Which HYROX race should you enter first? UK edition,which-hyrox-race-should-you-enter-first-uk-edition,which hyrox race,,,Informational,longtail-unevidenced,Decision post; links all city guides; quiz CTA,guide,1500,Race-specific 12-week plan,Free HYROX plan maker,/hyrox/events,data-graphic,UK race chooser flowchart,"headline stat rendered as branded card, 1200x630",Which HYROX race should you enter first? UK edition | Suth Performance,Decision post. From the Elite 15 HYROX coaching team at Suth Performance.,Article + BreadcrumbList (+HowTo where stepped),planned,
H210,hyrox,Race Cities & Events,3,HYROX Glasgow start times and race-day schedule,hyrox-glasgow-start-times-and-race-day-schedule,hyrox glasgow start times,140,11,Informational,semrush,KD11 hyper-specific; seasonal update; results-page crosslink,guide,1500,Race-specific 12-week plan,Free HYROX plan maker,/hyrox/events,ai-generate,"OVO Hydro exterior early morning, athletes arriving","photo + title band, brand dark/chartreuse, 1200x630",HYROX Glasgow start times and race-day schedule | Suth Performance,KD11 hyper-specific. From the Elite 15 HYROX coaching team at Suth Performance.,Article + BreadcrumbList (+HowTo where stepped),planned,
H211,hyrox,Race Cities & Events,4,Racing HYROX abroad: the UK athlete's travel playbook,racing-hyrox-abroad-the-uk-athletes-travel-playbook,hyrox abroad,,,Informational,longtail-unevidenced,Race-tourism pillar linking all city guides,guide,1500,Race-specific 12-week plan,Free HYROX plan maker,/hyrox/events,ai-generate,passport race bib and trainers packed in carry-on,"photo + title band, brand dark/chartreuse, 1200x630",Racing HYROX abroad: the UK athlete's travel playbook | Suth Performance,Race-tourism pillar linking all city guides. From the Elite 15 HYROX coaching team at Suth Performance.,Article + BreadcrumbList (+HowTo where stepped),planned,
H212,hyrox,Doubles & Teams,1,"HYROX Doubles: rules, splits and strategy from an Elite 15 pair",hyrox-doubles-rules-splits-and-strategy-from-an-elite-15-pair,hyrox doubles,,,Informational,longtail-unevidenced,Division pillar; Ben+Harry first-hand — unmatchable E-E-A-T,pillar,2500,Free HYROX plan maker (branded PDF),Take the fitness assessment quiz,/hyrox/doubles,own-photo,track/pair-close-frontal-colour.jpg,"photo + title band, brand dark/chartreuse, 1200x630","HYROX Doubles: rules, splits and strategy from an Elite 15 pair | Suth Performance",Division pillar. From the Elite 15 HYROX coaching team at Suth Performance.,Article + FAQPage + BreadcrumbList,planned,
H213,hyrox,Doubles & Teams,1,"HYROX doubles rules: who does what, and what's allowed",hyrox-doubles-rules-who-does-what-and-whats-allowed,hyrox doubles rules,480,26,Informational,semrush,480/KD26; clean rules table; snippet target,guide,1500,Free HYROX plan maker (branded PDF),Take the fitness assessment quiz,/hyrox/doubles,data-graphic,doubles work-split rules table,"headline stat rendered as branded card, 1200x630","HYROX doubles rules: who does what, and what's allowed | Suth Performance",480/KD26. From the Elite 15 HYROX coaching team at Suth Performance.,Article + BreadcrumbList (+HowTo where stepped),check-overlap,
H214,hyrox,Doubles & Teams,2,Choosing a doubles partner: the compatibility checklist,choosing-a-doubles-partner-the-compatibility-checklist,hyrox doubles partner,,,Informational,longtail-unevidenced,Relationship-angle content; genuinely shareable,guide,1500,Free HYROX plan maker (branded PDF),Take the fitness assessment quiz,/hyrox/doubles,own-photo,track/pair-elevated-colour.jpg,"photo + title band, brand dark/chartreuse, 1200x630",Choosing a doubles partner: the compatibility checklist | Suth Performance,Relationship-angle content. From the Elite 15 HYROX coaching team at Suth Performance.,Article + BreadcrumbList (+HowTo where stepped),planned,
H215,hyrox,Doubles & Teams,2,Doubles split strategy: who takes which station,doubles-split-strategy-who-takes-which-station,hyrox doubles strategy,,,Informational,longtail-unevidenced,Existing post refreshed with Ben's actual race splits,guide,1500,Free HYROX plan maker (branded PDF),Take the fitness assessment quiz,/hyrox/doubles,own-photo,track/pair-rear-close-bw.jpg,"photo + title band, brand dark/chartreuse, 1200x630",Doubles split strategy: who takes which station | Suth Performance,Existing post refreshed with Ben's actual race splits. From the Elite 15 HYROX coaching team at Suth Performance.,Article + BreadcrumbList (+HowTo where stepped),refresh,
H216,hyrox,Doubles & Teams,2,"Women's doubles: weights, standards and strategy",womens-doubles-weights-standards-and-strategy,hyrox women's doubles,210,21,Informational,semrush,210/KD21; women-specific division guide,guide,1500,Free HYROX plan maker (branded PDF),Take the fitness assessment quiz,/hyrox/doubles,ai-generate,two female athletes fist-bump at sled lane,"photo + title band, brand dark/chartreuse, 1200x630","Women's doubles: weights, standards and strategy | Suth Performance",210/KD21. From the Elite 15 HYROX coaching team at Suth Performance.,Article + BreadcrumbList (+HowTo where stepped),planned,
H217,hyrox,Doubles & Teams,3,Mixed doubles HYROX: making different engines work together,mixed-doubles-hyrox-making-different-engines-work-together,hyrox mixed doubles,,,Informational,longtail-unevidenced,Pairing-dynamics angle; couples audience; Valentine's republish,guide,1500,Free HYROX plan maker (branded PDF),Take the fitness assessment quiz,/hyrox/doubles,ai-generate,mixed pair mid handoff at roxzone,"photo + title band, brand dark/chartreuse, 1200x630",Mixed doubles HYROX: making different engines work together | Suth Performance,Pairing-dynamics angle. From the Elite 15 HYROX coaching team at Suth Performance.,Article + BreadcrumbList (+HowTo where stepped),planned,
H218,hyrox,Doubles & Teams,3,The doubles handoff: transition craft that wins minutes,doubles-handoff-transition-craft-that-wins-minutes,hyrox doubles handoff,,,Informational,longtail-unevidenced,Existing post refresh; micro-skill deep dive,guide,1500,Free HYROX plan maker (branded PDF),Take the fitness assessment quiz,/hyrox/doubles,own-photo,track/pair-bend-rear-colour.jpg,"photo + title band, brand dark/chartreuse, 1200x630",The doubles handoff: transition craft that wins minutes | Suth Performance,Existing post refresh. From the Elite 15 HYROX coaching team at Suth Performance.,Article + BreadcrumbList (+HowTo where stepped),refresh,
H219,hyrox,Doubles & Teams,4,HYROX relay for workplaces: the team-building case,hyrox-relay-for-workplaces-the-team-building-case,hyrox corporate relay,,,Informational,longtail-unevidenced,B2B angle; partner-programme synergy; zero competition,guide,1500,Free HYROX plan maker (branded PDF),Take the fitness assessment quiz,/hyrox/doubles,ai-generate,"office team in matching shirts at race village, laughing","photo + title band, brand dark/chartreuse, 1200x630",HYROX relay for workplaces: the team-building case | Suth Performance,B2B angle. From the Elite 15 HYROX coaching team at Suth Performance.,Article + BreadcrumbList (+HowTo where stepped),planned,
H220,hyrox,Women & Demographics,1,"Women's HYROX: weights, training and racing — the complete guide",womens-hyrox-weights-training-and-racing-the-complete-guide,hyrox women,,,Informational,longtail-unevidenced,Women's pillar; existing strategy post refreshed and expanded,pillar,2500,Free HYROX plan maker (branded PDF),Take the fitness assessment quiz,/hyrox/guide,ai-generate,"female athlete mid ski erg pull, powerful, gym light","photo + title band, brand dark/chartreuse, 1200x630","Women's HYROX: weights, training and racing — the complete guide | Suth Performance",Women's pillar. From the Elite 15 HYROX coaching team at Suth Performance.,Article + FAQPage + BreadcrumbList,refresh,
H221,hyrox,Women & Demographics,2,Training for HYROX around your cycle,training-for-hyrox-around-your-cycle,hyrox menstrual cycle training,,,Informational,longtail-unevidenced,"Underserved, high-trust topic; evidence-cited, sensitively done",guide,1500,Free HYROX plan maker (branded PDF),Take the fitness assessment quiz,/hyrox/guide,ai-generate,"training diary and calendar flat lay, soft light","photo + title band, brand dark/chartreuse, 1200x630",Training for HYROX around your cycle | Suth Performance,"Underserved, high-trust topic. From the Elite 15 HYROX coaching team at Suth Performance.",Article + BreadcrumbList (+HowTo where stepped),planned,
H222,hyrox,Women & Demographics,2,HYROX while pregnant: what the evidence and coaches say,hyrox-while-pregnant-what-the-evidence-and-coaches-say,hyrox pregnant,,,Informational,longtail-unevidenced,"Medical-adjacent: conservative, sourced, reviewed framing",guide,1500,Free HYROX plan maker (branded PDF),Take the fitness assessment quiz,/hyrox/guide,ai-generate,"pregnant athlete walking gym floor with coach, supportive tone","photo + title band, brand dark/chartreuse, 1200x630",HYROX while pregnant: what the evidence and coaches say | Suth Performance,"Medical-adjacent: conservative, sourced, reviewed framing. From the Elite 15 HYROX coaching team at Suth Performance.",Article + BreadcrumbList (+HowTo where stepped),planned,
H223,hyrox,Women & Demographics,2,Postnatal return to HYROX: rebuilding without rushing,postnatal-return-to-hyrox-rebuilding-without-rushing,postnatal hyrox,,,Informational,longtail-unevidenced,Return-journey content; beginner-branch crossover,guide,1500,Free HYROX plan maker (branded PDF),Take the fitness assessment quiz,/hyrox/guide,ai-generate,mother lacing shoes beside pram in hallway,"photo + title band, brand dark/chartreuse, 1200x630",Postnatal return to HYROX: rebuilding without rushing | Suth Performance,Return-journey content. From the Elite 15 HYROX coaching team at Suth Performance.,Article + BreadcrumbList (+HowTo where stepped),planned,
H224,hyrox,Women & Demographics,3,HYROX over 60: the oldest age groups are growing fastest,hyrox-over-60-the-oldest-age-groups-are-growing-fastest,hyrox over 60,,,Informational,longtail-unevidenced,Masters extension; inspiring but practical,guide,1500,Free HYROX plan maker (branded PDF),Take the fitness assessment quiz,/hyrox/guide,ai-generate,"60s athlete on rower, determined, respectful portrait","photo + title band, brand dark/chartreuse, 1200x630",HYROX over 60: the oldest age groups are growing fastest | Suth Performance,Masters extension. From the Elite 15 HYROX coaching team at Suth Performance.,Article + BreadcrumbList (+HowTo where stepped),planned,
H225,hyrox,Women & Demographics,3,Masters HYROX strategy: racing smart after 45,masters-hyrox-strategy-racing-smart-after-45,hyrox masters,,,Informational,longtail-unevidenced,Age-group racing craft; pairs with masters plans,guide,1500,Free HYROX plan maker (branded PDF),Take the fitness assessment quiz,/hyrox/guide,own-photo,track/pair-distant-dusk-bw.jpg,"photo + title band, brand dark/chartreuse, 1200x630",Masters HYROX strategy: racing smart after 45 | Suth Performance,Age-group racing craft. From the Elite 15 HYROX coaching team at Suth Performance.,Article + BreadcrumbList (+HowTo where stepped),planned,
H226,hyrox,Women & Demographics,3,HYROX for tall athletes: turning levers into advantages,hyrox-for-tall-athletes-turning-levers-into-advantages,hyrox tall athletes,,,Informational,longtail-unevidenced,Body-type series; wall balls/erg specifics,guide,1500,Free HYROX plan maker (branded PDF),Take the fitness assessment quiz,/hyrox/guide,ai-generate,"tall athlete at wall ball target, height perspective","photo + title band, brand dark/chartreuse, 1200x630",HYROX for tall athletes: turning levers into advantages | Suth Performance,Body-type series. From the Elite 15 HYROX coaching team at Suth Performance.,Article + BreadcrumbList (+HowTo where stepped),planned,
H227,hyrox,Women & Demographics,3,HYROX for shorter athletes: the sled is not your enemy,hyrox-for-shorter-athletes-the-sled-is-not-your-enemy,hyrox short athletes,,,Informational,longtail-unevidenced,Body-type series completion,guide,1500,Free HYROX plan maker (branded PDF),Take the fitness assessment quiz,/hyrox/guide,ai-generate,"shorter athlete low drive position on sled, technical","photo + title band, brand dark/chartreuse, 1200x630",HYROX for shorter athletes: the sled is not your enemy | Suth Performance,Body-type series completion. From the Elite 15 HYROX coaching team at Suth Performance.,Article + BreadcrumbList (+HowTo where stepped),planned,
H228,hyrox,Women & Demographics,4,Teenagers and HYROX: age limits and smart preparation,teenagers-and-hyrox-age-limits-and-smart-preparation,hyrox age limit,,,Informational,longtail-unevidenced,Parent-intent query; safety-first framing,guide,1500,Free HYROX plan maker (branded PDF),Take the fitness assessment quiz,/hyrox/guide,ai-generate,"teen and parent training together, park setting","photo + title band, brand dark/chartreuse, 1200x630",Teenagers and HYROX: age limits and smart preparation | Suth Performance,Parent-intent query. From the Elite 15 HYROX coaching team at Suth Performance.,Article + BreadcrumbList (+HowTo where stepped),planned,
H229,hyrox,Women & Demographics,4,Couples who race together: training as a household,couples-who-race-together-training-as-a-household,couples hyrox,,,Informational,longtail-unevidenced,Lifestyle angle; doubles crosslink; share magnet,guide,1500,Free HYROX plan maker (branded PDF),Take the fitness assessment quiz,/hyrox/guide,own-photo,track/palms-sunflare-pair-colour.jpg,"photo + title band, brand dark/chartreuse, 1200x630",Couples who race together: training as a household | Suth Performance,Lifestyle angle. From the Elite 15 HYROX coaching team at Suth Performance.,Article + BreadcrumbList (+HowTo where stepped),planned,
H230,hyrox,Recovery & Injury,1,Recovery for hybrid athletes: the complete system,recovery-for-hybrid-athletes-the-complete-system,hybrid athlete recovery,,,Informational,longtail-unevidenced,Recovery pillar; existing sleep post folded in and expanded,pillar,2500,Free HYROX plan maker (branded PDF),Take the fitness assessment quiz,/recovery,own-photo,v2/video-recovery.jpg,"photo + title band, brand dark/chartreuse, 1200x630",Recovery for hybrid athletes: the complete system | Suth Performance,Recovery pillar. From the Elite 15 HYROX coaching team at Suth Performance.,Article + FAQPage + BreadcrumbList,refresh,
H231,hyrox,Recovery & Injury,2,HYROX recovery: the 72 hours after your race,hyrox-recovery-the-72-hours-after-your-race,hyrox recovery,,,Informational,longtail-unevidenced,Post-race protocol; race-week email-series companion,guide,1500,Free HYROX plan maker (branded PDF),Take the fitness assessment quiz,/recovery,ai-generate,"athlete ice bath grimace-smile, honest moment","photo + title band, brand dark/chartreuse, 1200x630",HYROX recovery: the 72 hours after your race | Suth Performance,Post-race protocol. From the Elite 15 HYROX coaching team at Suth Performance.,Article + BreadcrumbList (+HowTo where stepped),planned,
H232,hyrox,Recovery & Injury,2,Lower back pain and sandbag lunges: fix the pattern,lower-back-pain-and-sandbag-lunges-fix-the-pattern,sandbag lunges back pain,,,Informational,longtail-unevidenced,Symptom-intent SEO; genuine physio-informed help,guide,1500,Free HYROX plan maker (branded PDF),Take the fitness assessment quiz,/recovery,ai-generate,coach adjusting athlete lunge posture side-on,"photo + title band, brand dark/chartreuse, 1200x630",Lower back pain and sandbag lunges: fix the pattern | Suth Performance,Symptom-intent SEO. From the Elite 15 HYROX coaching team at Suth Performance.,Article + BreadcrumbList (+HowTo where stepped),planned,
H233,hyrox,Recovery & Injury,2,Shin splints from HYROX running: causes and the comeback,shin-splints-from-hyrox-running-causes-and-the-comeback,shin splints hyrox,,,Informational,longtail-unevidenced,Symptom-intent; compromised-running load analysis,guide,1500,Free HYROX plan maker (branded PDF),Take the fitness assessment quiz,/recovery,ai-generate,"athlete taping shin on bench, clinical-adjacent","photo + title band, brand dark/chartreuse, 1200x630",Shin splints from HYROX running: causes and the comeback | Suth Performance,Symptom-intent. From the Elite 15 HYROX coaching team at Suth Performance.,Article + BreadcrumbList (+HowTo where stepped),planned,
H234,hyrox,Recovery & Injury,3,Ankle mobility for wall balls and lunges: the 10-minute routine,ankle-mobility-for-wall-balls-and-lunges-the-10-minute-routine,ankle mobility wall balls,,,Informational,longtail-unevidenced,Micro-specific mobility; video-friendly,guide,1500,Free HYROX plan maker (branded PDF),Take the fitness assessment quiz,/recovery,ai-generate,"deep squat hold heels down, mobility mat scene","photo + title band, brand dark/chartreuse, 1200x630",Ankle mobility for wall balls and lunges: the 10-minute routine | Suth Performance,Micro-specific mobility. From the Elite 15 HYROX coaching team at Suth Performance.,Article + BreadcrumbList (+HowTo where stepped),planned,
H235,hyrox,Recovery & Injury,3,Deload weeks for HYROX: when and how to back off,deload-weeks-for-hyrox-when-and-how-to-back-off,hyrox deload,,,Informational,longtail-unevidenced,Programming education; plan crosslink,guide,1500,Free HYROX plan maker (branded PDF),Take the fitness assessment quiz,/recovery,data-graphic,load wave with deload timing,"headline stat rendered as branded card, 1200x630",Deload weeks for HYROX: when and how to back off | Suth Performance,Programming education. From the Elite 15 HYROX coaching team at Suth Performance.,Article + BreadcrumbList (+HowTo where stepped),planned,
H236,hyrox,Recovery & Injury,3,"DOMS after HYROX training: what helps, what's a myth",doms-after-hyrox-training-what-helps-whats-a-myth,doms hyrox,,,Informational,longtail-unevidenced,Evidence-vs-myth format; glossary crosslink,guide,1500,Free HYROX plan maker (branded PDF),Take the fitness assessment quiz,/recovery,ai-generate,"athlete descending stairs gingerly, humour-adjacent honesty","photo + title band, brand dark/chartreuse, 1200x630","DOMS after HYROX training: what helps, what's a myth | Suth Performance",Evidence-vs-myth format. From the Elite 15 HYROX coaching team at Suth Performance.,Article + BreadcrumbList (+HowTo where stepped),planned,
H237,hyrox,Recovery & Injury,3,Grip fatigue: the hidden HYROX limiter and how to train it,grip-fatigue-the-hidden-hyrox-limiter-and-how-to-train-it,hyrox grip strength,,,Informational,longtail-unevidenced,Underserved limiter; farmers/sled-pull crosslinks,guide,1500,Free HYROX plan maker (branded PDF),Take the fitness assessment quiz,/recovery,own-photo,track/palms-lamp-colour.jpg,"photo + title band, brand dark/chartreuse, 1200x630",Grip fatigue: the hidden HYROX limiter and how to train it | Suth Performance,Underserved limiter. From the Elite 15 HYROX coaching team at Suth Performance.,Article + BreadcrumbList (+HowTo where stepped),planned,
H238,hyrox,Recovery & Injury,4,Sleep and HYROX performance: the training you do unconscious,sleep-and-hyrox-performance-the-training-you-do-unconscious,sleep athletic performance,,,Informational,longtail-unevidenced,Existing sleep post refresh; wearable-data angle,guide,1500,Free HYROX plan maker (branded PDF),Take the fitness assessment quiz,/recovery,ai-generate,"dark bedroom wearable on wrist charging, moody","photo + title band, brand dark/chartreuse, 1200x630",Sleep and HYROX performance: the training you do unconscious | Suth Performance,Existing sleep post refresh. From the Elite 15 HYROX coaching team at Suth Performance.,Article + BreadcrumbList (+HowTo where stepped),refresh,
H239,hyrox,Recovery & Injury,4,"Knee pain from wall balls: technique, load or both?",knee-pain-from-wall-balls-technique-load-or-both,knee pain wall balls,,,Informational,longtail-unevidenced,Symptom-intent; responsible signposting to professionals,guide,1500,Free HYROX plan maker (branded PDF),Take the fitness assessment quiz,/recovery,ai-generate,athlete assessing knee with band warmup on floor,"photo + title band, brand dark/chartreuse, 1200x630","Knee pain from wall balls: technique, load or both? | Suth Performance",Symptom-intent. From the Elite 15 HYROX coaching team at Suth Performance.,Article + BreadcrumbList (+HowTo where stepped),planned,
H240,hyrox,Hybrid Training Science,1,What is hybrid training? The method behind HYROX fitness,what-is-hybrid-training-the-method-behind-hyrox-fitness,hybrid training,,,Informational,longtail-unevidenced,Hybrid pillar; defines the category we coach,pillar,2500,Free HYROX plan maker (branded PDF),Take the fitness assessment quiz,/hybrid-training,own-photo,track/gym-ergs-dark-colour.jpg,"photo + title band, brand dark/chartreuse, 1200x630",What is hybrid training? The method behind HYROX fitness | Suth Performance,Hybrid pillar. From the Elite 15 HYROX coaching team at Suth Performance.,Article + FAQPage + BreadcrumbList,planned,
H241,hyrox,Hybrid Training Science,1,Can you build muscle and run? Killing the interference myth,can-you-build-muscle-and-run-killing-the-interference-myth,interference effect training,,,Informational,longtail-unevidenced,Science explainer; evidence-cited; big debate audience,guide,1500,Free HYROX plan maker (branded PDF),Take the fitness assessment quiz,/hybrid-training,data-graphic,concurrent training study outcomes visual,"headline stat rendered as branded card, 1200x630",Can you build muscle and run? Killing the interference myth | Suth Performance,Science explainer. From the Elite 15 HYROX coaching team at Suth Performance.,Article + BreadcrumbList (+HowTo where stepped),planned,
H242,hyrox,Hybrid Training Science,2,Zone 2 for HYROX: the boring miles that win races,zone-2-for-hyrox-the-boring-miles-that-win-races,zone 2 training,,,Informational,longtail-unevidenced,Zeitgeist term with HYROX application; glossary crosslink,guide,1500,Free HYROX plan maker (branded PDF),Take the fitness assessment quiz,/hybrid-training,own-photo,track/pano-pair-bw.jpg,"photo + title band, brand dark/chartreuse, 1200x630",Zone 2 for HYROX: the boring miles that win races | Suth Performance,Zeitgeist term with HYROX application. From the Elite 15 HYROX coaching team at Suth Performance.,Article + BreadcrumbList (+HowTo where stepped),planned,
H243,hyrox,Hybrid Training Science,2,VO2 max for HYROX: what it predicts and how to raise it,vo2-max-for-hyrox-what-it-predicts-and-how-to-raise-it,vo2 max hyrox,,,Informational,longtail-unevidenced,Science-to-practice; wearable screenshots; benchmark tables,guide,1500,Free HYROX plan maker (branded PDF),Take the fitness assessment quiz,/hybrid-training,data-graphic,vo2max by finish time band,"headline stat rendered as branded card, 1200x630",VO2 max for HYROX: what it predicts and how to raise it | Suth Performance,Science-to-practice. From the Elite 15 HYROX coaching team at Suth Performance.,Article + BreadcrumbList (+HowTo where stepped),planned,
H244,hyrox,Hybrid Training Science,2,"Running and lifting on the same day: ordering, gaps, priorities",running-and-lifting-on-the-same-day-ordering-gaps-priorities,running and lifting same day,,,Informational,longtail-unevidenced,Practical programming question; snippet-friendly rules,guide,1500,Free HYROX plan maker (branded PDF),Take the fitness assessment quiz,/hybrid-training,ai-generate,"gym bag and running shoes side by side, decision moment","photo + title band, brand dark/chartreuse, 1200x630","Running and lifting on the same day: ordering, gaps, priorities | Suth Performance",Practical programming question. From the Elite 15 HYROX coaching team at Suth Performance.,Article + BreadcrumbList (+HowTo where stepped),planned,
H245,hyrox,Hybrid Training Science,3,"Lactate threshold, explained for hybrid athletes",lactate-threshold-explained-for-hybrid-athletes,lactate threshold,,,Informational,longtail-unevidenced,Science explainer; glossary+pillar bridge,guide,1500,Free HYROX plan maker (branded PDF),Take the fitness assessment quiz,/hybrid-training,data-graphic,lactate curve annotated plain-English,"headline stat rendered as branded card, 1200x630","Lactate threshold, explained for hybrid athletes | Suth Performance",Science explainer. From the Elite 15 HYROX coaching team at Suth Performance.,Article + BreadcrumbList (+HowTo where stepped),planned,
H246,hyrox,Hybrid Training Science,3,Strength standards for HYROX: how strong is strong enough?,strength-standards-for-hyrox-how-strong-is-strong-enough,strength standards hyrox,,,Informational,longtail-unevidenced,Benchmark tables by bodyweight; calculator CTA,guide,1500,Free HYROX plan maker (branded PDF),Take the fitness assessment quiz,/hybrid-training,data-graphic,strength standards table by bodyweight,"headline stat rendered as branded card, 1200x630",Strength standards for HYROX: how strong is strong enough? | Suth Performance,Benchmark tables by bodyweight. From the Elite 15 HYROX coaching team at Suth Performance.,Article + BreadcrumbList (+HowTo where stepped),planned,
H247,hyrox,Hybrid Training Science,3,Hybrid athlete programming: how to periodise both engines,hybrid-athlete-programming-how-to-periodise-both-engines,hybrid athlete training plan,,,Informational,longtail-unevidenced,Advanced programming pillar; coaching-tier CTA,guide,1500,Free HYROX plan maker (branded PDF),Take the fitness assessment quiz,/hybrid-training,data-graphic,dual-periodisation wave diagram,"headline stat rendered as branded card, 1200x630",Hybrid athlete programming: how to periodise both engines | Suth Performance,Advanced programming pillar. From the Elite 15 HYROX coaching team at Suth Performance.,Article + BreadcrumbList (+HowTo where stepped),planned,
H248,hyrox,Hybrid Training Science,4,Heart rate zones for HYROX training: a working guide,heart-rate-zones-for-hyrox-training-a-working-guide,heart rate zones training,,,Informational,longtail-unevidenced,Practical zones setup; watch-settings crosslink,guide,1500,Free HYROX plan maker (branded PDF),Take the fitness assessment quiz,/hybrid-training,ai-generate,"watch on wrist showing zones mid run, track blur","photo + title band, brand dark/chartreuse, 1200x630",Heart rate zones for HYROX training: a working guide | Suth Performance,Practical zones setup. From the Elite 15 HYROX coaching team at Suth Performance.,Article + BreadcrumbList (+HowTo where stepped),planned,
H249,hyrox,Hybrid Training Science,4,The engine room: aerobic base for people who hate running,engine-room-aerobic-base-for-people-who-hate-running,aerobic base training,,,Informational,longtail-unevidenced,Erg-first base building; contrarian hook; erg workouts crosslink,guide,1500,Free HYROX plan maker (branded PDF),Take the fitness assessment quiz,/hybrid-training,own-photo,track/gym-row-close-colour.jpg,"photo + title band, brand dark/chartreuse, 1200x630",The engine room: aerobic base for people who hate running | Suth Performance,Erg-first base building. From the Elite 15 HYROX coaching team at Suth Performance.,Article + BreadcrumbList (+HowTo where stepped),planned,
H250,hyrox,Mental & Race Craft,1,The HYROX mental game: pacing your brain through 8 stations,hyrox-mental-game-pacing-your-brain-through-8-stations,hyrox mental,,,Informational,longtail-unevidenced,Existing mental posts consolidated into pillar,pillar,2500,Free HYROX plan maker (branded PDF),Take the fitness assessment quiz,/hyrox/guide,own-photo,track/palms-lamp-bw.jpg,"photo + title band, brand dark/chartreuse, 1200x630",The HYROX mental game: pacing your brain through 8 stations | Suth Performance,Existing mental posts consolidated into pillar. From the Elite 15 HYROX coaching team at Suth Performance.,Article + FAQPage + BreadcrumbList,refresh,
H251,hyrox,Mental & Race Craft,2,Race maths: what to do when your plan dies at station 3,race-maths-what-to-do-when-your-plan-dies-at-station-3,hyrox race strategy,,,Informational,longtail-unevidenced,In-race decision frameworks; unique coaching content,guide,1500,Free HYROX plan maker (branded PDF),Take the fitness assessment quiz,/hyrox/guide,ai-generate,"athlete gathering breath at station entrance, resolve","photo + title band, brand dark/chartreuse, 1200x630",Race maths: what to do when your plan dies at station 3 | Suth Performance,In-race decision frameworks. From the Elite 15 HYROX coaching team at Suth Performance.,Article + BreadcrumbList (+HowTo where stepped),planned,
H252,hyrox,Mental & Race Craft,2,First-race nerves: the 7 fears everyone has (and answers),first-race-nerves-the-7-fears-everyone-has-and-answers,hyrox first race nerves,,,Informational,longtail-unevidenced,Emotional on-ramp; beginner-branch tone; quiz CTA,guide,1500,Free HYROX plan maker (branded PDF),Take the fitness assessment quiz,/hyrox/guide,own-photo,track/pair-close-frontal-colour.jpg,"photo + title band, brand dark/chartreuse, 1200x630",First-race nerves: the 7 fears everyone has (and answers) | Suth Performance,Emotional on-ramp. From the Elite 15 HYROX coaching team at Suth Performance.,Article + BreadcrumbList (+HowTo where stepped),planned,
H253,hyrox,Mental & Race Craft,3,Mid-race self-talk: cues from elite racers,mid-race-self-talk-cues-from-elite-racers,hyrox mental cues,,,Informational,longtail-unevidenced,Existing cues post refresh; Ben's actual cues,guide,1500,Free HYROX plan maker (branded PDF),Take the fitness assessment quiz,/hyrox/guide,own-photo,ben/ben-portrait-placeholder.jpg,"photo + title band, brand dark/chartreuse, 1200x630",Mid-race self-talk: cues from elite racers | Suth Performance,Existing cues post refresh. From the Elite 15 HYROX coaching team at Suth Performance.,Article + BreadcrumbList (+HowTo where stepped),refresh,
H254,hyrox,Mental & Race Craft,3,DNF: what a did-not-finish teaches (and how to come back),dnf-what-a-did-not-finish-teaches-and-how-to-come-back,hyrox dnf,,,Informational,longtail-unevidenced,Taboo-topic honesty; community trust builder,guide,1500,Free HYROX plan maker (branded PDF),Take the fitness assessment quiz,/hyrox/guide,ai-generate,"athlete sitting trackside post race, contemplative, hopeful light","photo + title band, brand dark/chartreuse, 1200x630",DNF: what a did-not-finish teaches (and how to come back) | Suth Performance,Taboo-topic honesty. From the Elite 15 HYROX coaching team at Suth Performance.,Article + BreadcrumbList (+HowTo where stepped),planned,
H255,hyrox,Mental & Race Craft,4,Goal setting for a race season: process beats outcome,goal-setting-for-a-race-season-process-beats-outcome,race season goals,,,Informational,longtail-unevidenced,Coaching-philosophy content; retention + brand voice,guide,1500,Free HYROX plan maker (branded PDF),Take the fitness assessment quiz,/hyrox/guide,ai-generate,"season planner with goals written, coffee, morning","photo + title band, brand dark/chartreuse, 1200x630",Goal setting for a race season: process beats outcome | Suth Performance,Coaching-philosophy content. From the Elite 15 HYROX coaching team at Suth Performance.,Article + BreadcrumbList (+HowTo where stepped),planned,
H256,hyrox,Data Stories,2,HYROX results: how to find yours (and what it tells you),hyrox-results-how-to-find-yours-and-what-it-tells-you,hyrox results,14800,19,Informational,semrush,"14,800/KD19 — the biggest keyword we can win; results-lookup CTA",pillar,2500,Results lookup / percentile check,Free HYROX plan maker,/results,data-graphic,annotated results screen walkthrough,"headline stat rendered as branded card, 1200x630",HYROX results: how to find yours (and what it tells you) | Suth Performance,"14,800/KD19 — the biggest keyword we can win. From the Elite 15 HYROX coaching team at Suth Performance.",Article + FAQPage + BreadcrumbList,check-overlap,
H257,hyrox,Data Stories,3,"The state of HYROX 2026: participation, times, trends",state-of-hyrox-2026-participation-times-trends,hyrox statistics,,,Informational,longtail-unevidenced,Annual data report; PR/link magnet; needs results layer,guide,1500,Results lookup / percentile check,Free HYROX plan maker,/results,data-graphic,participation growth + time trends dashboard,"headline stat rendered as branded card, 1200x630","The state of HYROX 2026: participation, times, trends | Suth Performance",Annual data report. From the Elite 15 HYROX coaching team at Suth Performance.,Article + BreadcrumbList (+HowTo where stepped),blocked-results,
H258,hyrox,Data Stories,3,"Every HYROX world record, tracked and analysed",every-hyrox-world-record-tracked-and-analysed,hyrox world record,,,Informational,longtail-unevidenced,Living record-book with progression charts,guide,1500,Results lookup / percentile check,Free HYROX plan maker,/results,data-graphic,record progression timeline,"headline stat rendered as branded card, 1200x630","Every HYROX world record, tracked and analysed | Suth Performance",Living record-book with progression charts. From the Elite 15 HYROX coaching team at Suth Performance.,Article + BreadcrumbList (+HowTo where stepped),planned,
H259,hyrox,Data Stories,4,Which city races fastest? HYROX venue speed rankings,which-city-races-fastest-hyrox-venue-speed-rankings,fastest hyrox course,,,Informational,longtail-unevidenced,Original data story; city-guide crosslinks; needs results layer,guide,1500,Results lookup / percentile check,Free HYROX plan maker,/results,data-graphic,median time by venue ranked,"headline stat rendered as branded card, 1200x630",Which city races fastest? HYROX venue speed rankings | Suth Performance,Original data story. From the Elite 15 HYROX coaching team at Suth Performance.,Article + BreadcrumbList (+HowTo where stepped),blocked-results,
H260,hyrox,Data Stories,4,The doubles advantage: how much faster is racing in a pair?,doubles-advantage-how-much-faster-is-racing-in-a-pair,doubles vs singles times,,,Informational,longtail-unevidenced,Data story on Ben's division; needs results layer,guide,1500,Results lookup / percentile check,Free HYROX plan maker,/results,data-graphic,singles vs doubles distribution overlay,"headline stat rendered as branded card, 1200x630",The doubles advantage: how much faster is racing in a pair? | Suth Performance,Data story on Ben's division. From the Elite 15 HYROX coaching team at Suth Performance.,Article + BreadcrumbList (+HowTo where stepped),blocked-results,
H261,hyrox,Glossary,4,RoxZone: definition and why it matters in HYROX,roxzone-definition-and-why-it-matters-in-hyrox,roxzone meaning,,,Informational,longtail-unevidenced,"Micro-glossary page (transition area between runs and stations); 40-word definition first, AI-citation formatted",glossary,450,Explore the full HYROX guide,Free HYROX plan maker,/hyrox/guide,data-graphic,term card with definition typographic treatment,"headline stat rendered as branded card, 1200x630",RoxZone: definition and why it matters in HYROX | Suth Performance,Micro-glossary page (transition area between runs and stations). From the Elite 15 HYROX coaching team at Suth Performance.,DefinedTerm + Article + BreadcrumbList,planned,
H262,hyrox,Glossary,4,Compromised running: definition and why it matters in HYROX,compromised-running-definition-and-why-it-matters-in-hyrox,compromised running meaning,,,Informational,longtail-unevidenced,"Micro-glossary page (running under accumulated fatigue); 40-word definition first, AI-citation formatted",glossary,450,Explore the full HYROX guide,Free HYROX plan maker,/hyrox/guide,data-graphic,term card with definition typographic treatment,"headline stat rendered as branded card, 1200x630",Compromised running: definition and why it matters in HYROX | Suth Performance,Micro-glossary page (running under accumulated fatigue). From the Elite 15 HYROX coaching team at Suth Performance.,DefinedTerm + Article + BreadcrumbList,planned,
H263,hyrox,Glossary,4,Hybrid athlete: definition and why it matters in HYROX,hybrid-athlete-definition-and-why-it-matters-in-hyrox,hybrid athlete meaning,,,Informational,longtail-unevidenced,"Micro-glossary page (strength + endurance in one athlete); 40-word definition first, AI-citation formatted",glossary,450,Explore the full HYROX guide,Free HYROX plan maker,/hyrox/guide,data-graphic,term card with definition typographic treatment,"headline stat rendered as branded card, 1200x630",Hybrid athlete: definition and why it matters in HYROX | Suth Performance,Micro-glossary page (strength + endurance in one athlete). From the Elite 15 HYROX coaching team at Suth Performance.,DefinedTerm + Article + BreadcrumbList,planned,
H264,hyrox,Glossary,4,Elite 15: definition and why it matters in HYROX,elite-15-definition-and-why-it-matters-in-hyrox,elite 15 meaning,,,Informational,longtail-unevidenced,"Micro-glossary page (the professional HYROX tier); 40-word definition first, AI-citation formatted",glossary,450,Explore the full HYROX guide,Free HYROX plan maker,/hyrox/guide,data-graphic,term card with definition typographic treatment,"headline stat rendered as branded card, 1200x630",Elite 15: definition and why it matters in HYROX | Suth Performance,Micro-glossary page (the professional HYROX tier). From the Elite 15 HYROX coaching team at Suth Performance.,DefinedTerm + Article + BreadcrumbList,planned,
H265,hyrox,Glossary,4,Zone 2: definition and why it matters in HYROX,zone-2-definition-and-why-it-matters-in-hyrox,zone 2 meaning,,,Informational,longtail-unevidenced,"Micro-glossary page (conversational-pace aerobic training); 40-word definition first, AI-citation formatted",glossary,450,Explore the full HYROX guide,Free HYROX plan maker,/hyrox/guide,data-graphic,term card with definition typographic treatment,"headline stat rendered as branded card, 1200x630",Zone 2: definition and why it matters in HYROX | Suth Performance,Micro-glossary page (conversational-pace aerobic training). From the Elite 15 HYROX coaching team at Suth Performance.,DefinedTerm + Article + BreadcrumbList,planned,
H266,hyrox,Glossary,4,VO2 max: definition and why it matters in HYROX,vo2-max-definition-and-why-it-matters-in-hyrox,vo2 max meaning,,,Informational,longtail-unevidenced,"Micro-glossary page (maximal oxygen uptake); 40-word definition first, AI-citation formatted",glossary,450,Explore the full HYROX guide,Free HYROX plan maker,/hyrox/guide,data-graphic,term card with definition typographic treatment,"headline stat rendered as branded card, 1200x630",VO2 max: definition and why it matters in HYROX | Suth Performance,Micro-glossary page (maximal oxygen uptake). From the Elite 15 HYROX coaching team at Suth Performance.,DefinedTerm + Article + BreadcrumbList,planned,
H267,hyrox,Glossary,4,Lactate threshold: definition and why it matters in HYROX,lactate-threshold-definition-and-why-it-matters-in-hyrox,lactate threshold meaning,,,Informational,longtail-unevidenced,"Micro-glossary page (sustainable intensity ceiling); 40-word definition first, AI-citation formatted",glossary,450,Explore the full HYROX guide,Free HYROX plan maker,/hyrox/guide,data-graphic,term card with definition typographic treatment,"headline stat rendered as branded card, 1200x630",Lactate threshold: definition and why it matters in HYROX | Suth Performance,Micro-glossary page (sustainable intensity ceiling). From the Elite 15 HYROX coaching team at Suth Performance.,DefinedTerm + Article + BreadcrumbList,planned,
H268,hyrox,Glossary,4,Progressive overload: definition and why it matters in HYROX,progressive-overload-definition-and-why-it-matters-in-hyrox,progressive overload meaning,,,Informational,longtail-unevidenced,"Micro-glossary page (gradually increasing training stress); 40-word definition first, AI-citation formatted",glossary,450,Explore the full HYROX guide,Free HYROX plan maker,/hyrox/guide,data-graphic,term card with definition typographic treatment,"headline stat rendered as branded card, 1200x630",Progressive overload: definition and why it matters in HYROX | Suth Performance,Micro-glossary page (gradually increasing training stress). From the Elite 15 HYROX coaching team at Suth Performance.,DefinedTerm + Article + BreadcrumbList,planned,
H269,hyrox,Glossary,4,DOMS: definition and why it matters in HYROX,doms-definition-and-why-it-matters-in-hyrox,doms meaning,,,Informational,longtail-unevidenced,"Micro-glossary page (delayed onset muscle soreness); 40-word definition first, AI-citation formatted",glossary,450,Explore the full HYROX guide,Free HYROX plan maker,/hyrox/guide,data-graphic,term card with definition typographic treatment,"headline stat rendered as branded card, 1200x630",DOMS: definition and why it matters in HYROX | Suth Performance,Micro-glossary page (delayed onset muscle soreness). From the Elite 15 HYROX coaching team at Suth Performance.,DefinedTerm + Article + BreadcrumbList,planned,
H270,hyrox,Glossary,4,Deload: definition and why it matters in HYROX,deload-definition-and-why-it-matters-in-hyrox,deload meaning,,,Informational,longtail-unevidenced,"Micro-glossary page (planned recovery week); 40-word definition first, AI-citation formatted",glossary,450,Explore the full HYROX guide,Free HYROX plan maker,/hyrox/guide,data-graphic,term card with definition typographic treatment,"headline stat rendered as branded card, 1200x630",Deload: definition and why it matters in HYROX | Suth Performance,Micro-glossary page (planned recovery week). From the Elite 15 HYROX coaching team at Suth Performance.,DefinedTerm + Article + BreadcrumbList,planned,
H271,hyrox,Glossary,4,Taper: definition and why it matters in HYROX,taper-definition-and-why-it-matters-in-hyrox,taper meaning,,,Informational,longtail-unevidenced,"Micro-glossary page (pre-race volume reduction); 40-word definition first, AI-citation formatted",glossary,450,Explore the full HYROX guide,Free HYROX plan maker,/hyrox/guide,data-graphic,term card with definition typographic treatment,"headline stat rendered as branded card, 1200x630",Taper: definition and why it matters in HYROX | Suth Performance,Micro-glossary page (pre-race volume reduction). From the Elite 15 HYROX coaching team at Suth Performance.,DefinedTerm + Article + BreadcrumbList,planned,
H272,hyrox,Glossary,4,RPE: definition and why it matters in HYROX,rpe-definition-and-why-it-matters-in-hyrox,rpe meaning,,,Informational,longtail-unevidenced,"Micro-glossary page (rating of perceived exertion); 40-word definition first, AI-citation formatted",glossary,450,Explore the full HYROX guide,Free HYROX plan maker,/hyrox/guide,data-graphic,term card with definition typographic treatment,"headline stat rendered as branded card, 1200x630",RPE: definition and why it matters in HYROX | Suth Performance,Micro-glossary page (rating of perceived exertion). From the Elite 15 HYROX coaching team at Suth Performance.,DefinedTerm + Article + BreadcrumbList,planned,
H273,hyrox,Glossary,4,EMOM: definition and why it matters in HYROX,emom-definition-and-why-it-matters-in-hyrox,emom meaning,,,Informational,longtail-unevidenced,"Micro-glossary page (every minute on the minute); 40-word definition first, AI-citation formatted",glossary,450,Explore the full HYROX guide,Free HYROX plan maker,/hyrox/guide,data-graphic,term card with definition typographic treatment,"headline stat rendered as branded card, 1200x630",EMOM: definition and why it matters in HYROX | Suth Performance,Micro-glossary page (every minute on the minute). From the Elite 15 HYROX coaching team at Suth Performance.,DefinedTerm + Article + BreadcrumbList,planned,
H274,hyrox,Glossary,4,AMRAP: definition and why it matters in HYROX,amrap-definition-and-why-it-matters-in-hyrox,amrap meaning,,,Informational,longtail-unevidenced,"Micro-glossary page (as many rounds as possible); 40-word definition first, AI-citation formatted",glossary,450,Explore the full HYROX guide,Free HYROX plan maker,/hyrox/guide,data-graphic,term card with definition typographic treatment,"headline stat rendered as branded card, 1200x630",AMRAP: definition and why it matters in HYROX | Suth Performance,Micro-glossary page (as many rounds as possible). From the Elite 15 HYROX coaching team at Suth Performance.,DefinedTerm + Article + BreadcrumbList,planned,
H275,hyrox,Glossary,4,Wave start: definition and why it matters in HYROX,wave-start-definition-and-why-it-matters-in-hyrox,wave start meaning,,,Informational,longtail-unevidenced,"Micro-glossary page (staggered race start format); 40-word definition first, AI-citation formatted",glossary,450,Explore the full HYROX guide,Free HYROX plan maker,/hyrox/guide,data-graphic,term card with definition typographic treatment,"headline stat rendered as branded card, 1200x630",Wave start: definition and why it matters in HYROX | Suth Performance,Micro-glossary page (staggered race start format). From the Elite 15 HYROX coaching team at Suth Performance.,DefinedTerm + Article + BreadcrumbList,planned,
H276,hyrox,Glossary,4,No-rep: definition and why it matters in HYROX,no-rep-definition-and-why-it-matters-in-hyrox,no-rep meaning,,,Informational,longtail-unevidenced,"Micro-glossary page (rep not meeting movement standard); 40-word definition first, AI-citation formatted",glossary,450,Explore the full HYROX guide,Free HYROX plan maker,/hyrox/guide,data-graphic,term card with definition typographic treatment,"headline stat rendered as branded card, 1200x630",No-rep: definition and why it matters in HYROX | Suth Performance,Micro-glossary page (rep not meeting movement standard). From the Elite 15 HYROX coaching team at Suth Performance.,DefinedTerm + Article + BreadcrumbList,planned,
H277,hyrox,Glossary,4,Majors: definition and why it matters in HYROX,majors-definition-and-why-it-matters-in-hyrox,majors meaning,,,Informational,longtail-unevidenced,"Micro-glossary page (championship-qualifying HYROX events); 40-word definition first, AI-citation formatted",glossary,450,Explore the full HYROX guide,Free HYROX plan maker,/hyrox/guide,data-graphic,term card with definition typographic treatment,"headline stat rendered as branded card, 1200x630",Majors: definition and why it matters in HYROX | Suth Performance,Micro-glossary page (championship-qualifying HYROX events). From the Elite 15 HYROX coaching team at Suth Performance.,DefinedTerm + Article + BreadcrumbList,planned,
H278,hyrox,Glossary,4,Pro division: definition and why it matters in HYROX,pro-division-definition-and-why-it-matters-in-hyrox,pro division meaning,,,Informational,longtail-unevidenced,"Micro-glossary page (heavier-weights competitive division); 40-word definition first, AI-citation formatted",glossary,450,Explore the full HYROX guide,Free HYROX plan maker,/hyrox/guide,data-graphic,term card with definition typographic treatment,"headline stat rendered as branded card, 1200x630",Pro division: definition and why it matters in HYROX | Suth Performance,Micro-glossary page (heavier-weights competitive division). From the Elite 15 HYROX coaching team at Suth Performance.,DefinedTerm + Article + BreadcrumbList,planned,
H279,hyrox,HYROX FAQ,4,Can you walk in HYROX?,can-you-walk-in-hyrox,can you walk in hyrox,,,Informational,longtail-unevidenced,"FAQ micro-post: 50-word direct answer first (snippet/AI-citation), then practical depth; FAQPage schema",glossary,450,Free HYROX plan maker (branded PDF),Take the fitness assessment quiz,/hyrox/guide,ai-generate,candid race-village or gym moment matching the question,"photo + title band, brand dark/chartreuse, 1200x630",Can you walk in HYROX? | Suth Performance,"FAQ micro-post: 50-word direct answer first (snippet/AI-citation), then practical depth. From the Elite 15 HYROX coaching team at Suth Performance.",DefinedTerm + Article + BreadcrumbList,planned,
H280,hyrox,HYROX FAQ,4,Is there a time limit in HYROX?,is-there-a-time-limit-in-hyrox,hyrox time limit,,,Informational,longtail-unevidenced,"FAQ micro-post: 50-word direct answer first (snippet/AI-citation), then practical depth; FAQPage schema",glossary,450,Free HYROX plan maker (branded PDF),Take the fitness assessment quiz,/hyrox/guide,ai-generate,candid race-village or gym moment matching the question,"photo + title band, brand dark/chartreuse, 1200x630",Is there a time limit in HYROX? | Suth Performance,"FAQ micro-post: 50-word direct answer first (snippet/AI-citation), then practical depth. From the Elite 15 HYROX coaching team at Suth Performance.",DefinedTerm + Article + BreadcrumbList,planned,
H281,hyrox,HYROX FAQ,4,Can you wear headphones in HYROX?,can-you-wear-headphones-in-hyrox,hyrox headphones,,,Informational,longtail-unevidenced,"FAQ micro-post: 50-word direct answer first (snippet/AI-citation), then practical depth; FAQPage schema",glossary,450,Free HYROX plan maker (branded PDF),Take the fitness assessment quiz,/hyrox/guide,ai-generate,candid race-village or gym moment matching the question,"photo + title band, brand dark/chartreuse, 1200x630",Can you wear headphones in HYROX? | Suth Performance,"FAQ micro-post: 50-word direct answer first (snippet/AI-citation), then practical depth. From the Elite 15 HYROX coaching team at Suth Performance.",DefinedTerm + Article + BreadcrumbList,planned,
H282,hyrox,HYROX FAQ,4,How fit do you need to be for HYROX?,how-fit-do-you-need-to-be-for-hyrox,how fit for hyrox,,,Informational,longtail-unevidenced,"FAQ micro-post: 50-word direct answer first (snippet/AI-citation), then practical depth; FAQPage schema",glossary,450,Free HYROX plan maker (branded PDF),Take the fitness assessment quiz,/hyrox/guide,ai-generate,candid race-village or gym moment matching the question,"photo + title band, brand dark/chartreuse, 1200x630",How fit do you need to be for HYROX? | Suth Performance,"FAQ micro-post: 50-word direct answer first (snippet/AI-citation), then practical depth. From the Elite 15 HYROX coaching team at Suth Performance.",DefinedTerm + Article + BreadcrumbList,planned,
H283,hyrox,HYROX FAQ,4,Can you do HYROX without a gym membership?,can-you-do-hyrox-without-a-gym-membership,hyrox without gym,,,Informational,longtail-unevidenced,"FAQ micro-post: 50-word direct answer first (snippet/AI-citation), then practical depth; FAQPage schema",glossary,450,Free HYROX plan maker (branded PDF),Take the fitness assessment quiz,/hyrox/guide,ai-generate,candid race-village or gym moment matching the question,"photo + title band, brand dark/chartreuse, 1200x630",Can you do HYROX without a gym membership? | Suth Performance,"FAQ micro-post: 50-word direct answer first (snippet/AI-citation), then practical depth. From the Elite 15 HYROX coaching team at Suth Performance.",DefinedTerm + Article + BreadcrumbList,planned,
H284,hyrox,HYROX FAQ,4,How many people are in a HYROX wave?,how-many-people-are-in-a-hyrox-wave,hyrox wave size,,,Informational,longtail-unevidenced,"FAQ micro-post: 50-word direct answer first (snippet/AI-citation), then practical depth; FAQPage schema",glossary,450,Free HYROX plan maker (branded PDF),Take the fitness assessment quiz,/hyrox/guide,ai-generate,candid race-village or gym moment matching the question,"photo + title band, brand dark/chartreuse, 1200x630",How many people are in a HYROX wave? | Suth Performance,"FAQ micro-post: 50-word direct answer first (snippet/AI-citation), then practical depth. From the Elite 15 HYROX coaching team at Suth Performance.",DefinedTerm + Article + BreadcrumbList,planned,
H285,hyrox,HYROX FAQ,4,Can you change division after entering?,can-you-change-division-after-entering,hyrox change division,,,Informational,longtail-unevidenced,"FAQ micro-post: 50-word direct answer first (snippet/AI-citation), then practical depth; FAQPage schema",glossary,450,Free HYROX plan maker (branded PDF),Take the fitness assessment quiz,/hyrox/guide,ai-generate,candid race-village or gym moment matching the question,"photo + title band, brand dark/chartreuse, 1200x630",Can you change division after entering? | Suth Performance,"FAQ micro-post: 50-word direct answer first (snippet/AI-citation), then practical depth. From the Elite 15 HYROX coaching team at Suth Performance.",DefinedTerm + Article + BreadcrumbList,planned,
H286,hyrox,HYROX FAQ,4,Can you defer or transfer a HYROX entry?,can-you-defer-or-transfer-a-hyrox-entry,hyrox transfer entry,,,Informational,longtail-unevidenced,"FAQ micro-post: 50-word direct answer first (snippet/AI-citation), then practical depth; FAQPage schema",glossary,450,Free HYROX plan maker (branded PDF),Take the fitness assessment quiz,/hyrox/guide,ai-generate,candid race-village or gym moment matching the question,"photo + title band, brand dark/chartreuse, 1200x630",Can you defer or transfer a HYROX entry? | Suth Performance,"FAQ micro-post: 50-word direct answer first (snippet/AI-citation), then practical depth. From the Elite 15 HYROX coaching team at Suth Performance.",DefinedTerm + Article + BreadcrumbList,planned,
H287,hyrox,HYROX FAQ,4,What happens if you can't finish a station?,what-happens-if-you-cant-finish-a-station,hyrox fail station,,,Informational,longtail-unevidenced,"FAQ micro-post: 50-word direct answer first (snippet/AI-citation), then practical depth; FAQPage schema",glossary,450,Free HYROX plan maker (branded PDF),Take the fitness assessment quiz,/hyrox/guide,ai-generate,candid race-village or gym moment matching the question,"photo + title band, brand dark/chartreuse, 1200x630",What happens if you can't finish a station? | Suth Performance,"FAQ micro-post: 50-word direct answer first (snippet/AI-citation), then practical depth. From the Elite 15 HYROX coaching team at Suth Performance.",DefinedTerm + Article + BreadcrumbList,planned,
H288,hyrox,HYROX FAQ,4,Do you get a medal at HYROX?,do-you-get-a-medal-at-hyrox,hyrox medal,,,Informational,longtail-unevidenced,"FAQ micro-post: 50-word direct answer first (snippet/AI-citation), then practical depth; FAQPage schema",glossary,450,Free HYROX plan maker (branded PDF),Take the fitness assessment quiz,/hyrox/guide,ai-generate,candid race-village or gym moment matching the question,"photo + title band, brand dark/chartreuse, 1200x630",Do you get a medal at HYROX? | Suth Performance,"FAQ micro-post: 50-word direct answer first (snippet/AI-citation), then practical depth. From the Elite 15 HYROX coaching team at Suth Performance.",DefinedTerm + Article + BreadcrumbList,planned,
H289,hyrox,HYROX FAQ,4,What is the HYROX run distance in total?,what-is-the-hyrox-run-distance-in-total,hyrox total distance,,,Informational,longtail-unevidenced,"FAQ micro-post: 50-word direct answer first (snippet/AI-citation), then practical depth; FAQPage schema",glossary,450,Free HYROX plan maker (branded PDF),Take the fitness assessment quiz,/hyrox/guide,ai-generate,candid race-village or gym moment matching the question,"photo + title band, brand dark/chartreuse, 1200x630",What is the HYROX run distance in total? | Suth Performance,"FAQ micro-post: 50-word direct answer first (snippet/AI-citation), then practical depth. From the Elite 15 HYROX coaching team at Suth Performance.",DefinedTerm + Article + BreadcrumbList,planned,
H290,hyrox,HYROX FAQ,4,How far is each HYROX run?,how-far-is-each-hyrox-run,hyrox run distance,,,Informational,longtail-unevidenced,"FAQ micro-post: 50-word direct answer first (snippet/AI-citation), then practical depth; FAQPage schema",glossary,450,Free HYROX plan maker (branded PDF),Take the fitness assessment quiz,/hyrox/guide,ai-generate,candid race-village or gym moment matching the question,"photo + title band, brand dark/chartreuse, 1200x630",How far is each HYROX run? | Suth Performance,"FAQ micro-post: 50-word direct answer first (snippet/AI-citation), then practical depth. From the Elite 15 HYROX coaching team at Suth Performance.",DefinedTerm + Article + BreadcrumbList,planned,
H291,hyrox,HYROX FAQ,4,Can you do HYROX with no running background?,can-you-do-hyrox-with-no-running-background,hyrox without running,,,Informational,longtail-unevidenced,"FAQ micro-post: 50-word direct answer first (snippet/AI-citation), then practical depth; FAQPage schema",glossary,450,Free HYROX plan maker (branded PDF),Take the fitness assessment quiz,/hyrox/guide,ai-generate,candid race-village or gym moment matching the question,"photo + title band, brand dark/chartreuse, 1200x630",Can you do HYROX with no running background? | Suth Performance,"FAQ micro-post: 50-word direct answer first (snippet/AI-citation), then practical depth. From the Elite 15 HYROX coaching team at Suth Performance.",DefinedTerm + Article + BreadcrumbList,planned,
H292,hyrox,HYROX FAQ,4,How many calories does a HYROX burn?,how-many-calories-does-a-hyrox-burn,hyrox calories burned,,,Informational,longtail-unevidenced,"FAQ micro-post: 50-word direct answer first (snippet/AI-citation), then practical depth; FAQPage schema",glossary,450,Free HYROX plan maker (branded PDF),Take the fitness assessment quiz,/hyrox/guide,ai-generate,candid race-village or gym moment matching the question,"photo + title band, brand dark/chartreuse, 1200x630",How many calories does a HYROX burn? | Suth Performance,"FAQ micro-post: 50-word direct answer first (snippet/AI-citation), then practical depth. From the Elite 15 HYROX coaching team at Suth Performance.",DefinedTerm + Article + BreadcrumbList,planned,
H293,hyrox,HYROX FAQ,4,Can you do two HYROX races in one season?,can-you-do-two-hyrox-races-in-one-season,how many hyrox races per year,,,Informational,longtail-unevidenced,"FAQ micro-post: 50-word direct answer first (snippet/AI-citation), then practical depth; FAQPage schema",glossary,450,Free HYROX plan maker (branded PDF),Take the fitness assessment quiz,/hyrox/guide,ai-generate,candid race-village or gym moment matching the question,"photo + title band, brand dark/chartreuse, 1200x630",Can you do two HYROX races in one season? | Suth Performance,"FAQ micro-post: 50-word direct answer first (snippet/AI-citation), then practical depth. From the Elite 15 HYROX coaching team at Suth Performance.",DefinedTerm + Article + BreadcrumbList,planned,
H294,hyrox,HYROX FAQ,4,What age do you have to be for HYROX?,what-age-do-you-have-to-be-for-hyrox,hyrox minimum age,,,Informational,longtail-unevidenced,"FAQ micro-post: 50-word direct answer first (snippet/AI-citation), then practical depth; FAQPage schema",glossary,450,Free HYROX plan maker (branded PDF),Take the fitness assessment quiz,/hyrox/guide,ai-generate,candid race-village or gym moment matching the question,"photo + title band, brand dark/chartreuse, 1200x630",What age do you have to be for HYROX? | Suth Performance,"FAQ micro-post: 50-word direct answer first (snippet/AI-citation), then practical depth. From the Elite 15 HYROX coaching team at Suth Performance.",DefinedTerm + Article + BreadcrumbList,planned,
H295,hyrox,HYROX FAQ,4,Do HYROX races sell out? How fast?,do-hyrox-races-sell-out-how-fast,do hyrox races sell out,,,Informational,longtail-unevidenced,"FAQ micro-post: 50-word direct answer first (snippet/AI-citation), then practical depth; FAQPage schema",glossary,450,Free HYROX plan maker (branded PDF),Take the fitness assessment quiz,/hyrox/guide,ai-generate,candid race-village or gym moment matching the question,"photo + title band, brand dark/chartreuse, 1200x630",Do HYROX races sell out? How fast? | Suth Performance,"FAQ micro-post: 50-word direct answer first (snippet/AI-citation), then practical depth. From the Elite 15 HYROX coaching team at Suth Performance.",DefinedTerm + Article + BreadcrumbList,planned,
H296,hyrox,HYROX FAQ,4,Can beginners enter HYROX Open?,can-beginners-enter-hyrox-open,can beginners do hyrox,,,Informational,longtail-unevidenced,"FAQ micro-post: 50-word direct answer first (snippet/AI-citation), then practical depth; FAQPage schema",glossary,450,Free HYROX plan maker (branded PDF),Take the fitness assessment quiz,/hyrox/guide,ai-generate,candid race-village or gym moment matching the question,"photo + title band, brand dark/chartreuse, 1200x630",Can beginners enter HYROX Open? | Suth Performance,"FAQ micro-post: 50-word direct answer first (snippet/AI-citation), then practical depth. From the Elite 15 HYROX coaching team at Suth Performance.",DefinedTerm + Article + BreadcrumbList,planned,
H297,hyrox,HYROX FAQ,4,What's the difference between HYROX Open and Pro?,whats-the-difference-between-hyrox-open-and-pro,hyrox open vs pro,,,Informational,longtail-unevidenced,"FAQ micro-post: 50-word direct answer first (snippet/AI-citation), then practical depth; FAQPage schema",glossary,450,Free HYROX plan maker (branded PDF),Take the fitness assessment quiz,/hyrox/guide,ai-generate,candid race-village or gym moment matching the question,"photo + title band, brand dark/chartreuse, 1200x630",What's the difference between HYROX Open and Pro? | Suth Performance,"FAQ micro-post: 50-word direct answer first (snippet/AI-citation), then practical depth. From the Elite 15 HYROX coaching team at Suth Performance.",DefinedTerm + Article + BreadcrumbList,planned,
H298,hyrox,HYROX FAQ,4,Is HYROX bad for your knees?,is-hyrox-bad-for-your-knees,is hyrox bad for knees,,,Informational,longtail-unevidenced,"FAQ micro-post: 50-word direct answer first (snippet/AI-citation), then practical depth; FAQPage schema",glossary,450,Free HYROX plan maker (branded PDF),Take the fitness assessment quiz,/hyrox/guide,ai-generate,candid race-village or gym moment matching the question,"photo + title band, brand dark/chartreuse, 1200x630",Is HYROX bad for your knees? | Suth Performance,"FAQ micro-post: 50-word direct answer first (snippet/AI-citation), then practical depth. From the Elite 15 HYROX coaching team at Suth Performance.",DefinedTerm + Article + BreadcrumbList,planned,
H299,hyrox,HYROX FAQ,4,Can you train for HYROX in a normal gym?,can-you-train-for-hyrox-in-a-normal-gym,hyrox normal gym,,,Informational,longtail-unevidenced,"FAQ micro-post: 50-word direct answer first (snippet/AI-citation), then practical depth; FAQPage schema",glossary,450,Free HYROX plan maker (branded PDF),Take the fitness assessment quiz,/hyrox/guide,ai-generate,candid race-village or gym moment matching the question,"photo + title band, brand dark/chartreuse, 1200x630",Can you train for HYROX in a normal gym? | Suth Performance,"FAQ micro-post: 50-word direct answer first (snippet/AI-citation), then practical depth. From the Elite 15 HYROX coaching team at Suth Performance.",DefinedTerm + Article + BreadcrumbList,planned,
H300,hyrox,HYROX FAQ,4,What should you not do the week before HYROX?,what-should-you-not-do-the-week-before-hyrox,week before hyrox,,,Informational,longtail-unevidenced,"FAQ micro-post: 50-word direct answer first (snippet/AI-citation), then practical depth; FAQPage schema",glossary,450,Free HYROX plan maker (branded PDF),Take the fitness assessment quiz,/hyrox/guide,ai-generate,candid race-village or gym moment matching the question,"photo + title band, brand dark/chartreuse, 1200x630",What should you not do the week before HYROX? | Suth Performance,"FAQ micro-post: 50-word direct answer first (snippet/AI-citation), then practical depth. From the Elite 15 HYROX coaching team at Suth Performance.",DefinedTerm + Article + BreadcrumbList,planned,
H301,hyrox,HYROX FAQ,4,Do you need grip gloves for HYROX?,do-you-need-grip-gloves-for-hyrox,do you need gloves for hyrox,,,Informational,longtail-unevidenced,"FAQ micro-post: 50-word direct answer first (snippet/AI-citation), then practical depth; FAQPage schema",glossary,450,Free HYROX plan maker (branded PDF),Take the fitness assessment quiz,/hyrox/guide,ai-generate,candid race-village or gym moment matching the question,"photo + title band, brand dark/chartreuse, 1200x630",Do you need grip gloves for HYROX? | Suth Performance,"FAQ micro-post: 50-word direct answer first (snippet/AI-citation), then practical depth. From the Elite 15 HYROX coaching team at Suth Performance.",DefinedTerm + Article + BreadcrumbList,planned,
H302,hyrox,HYROX FAQ,4,Can you watch HYROX for free as a spectator?,can-you-watch-hyrox-for-free-as-a-spectator,hyrox spectator tickets,,,Informational,longtail-unevidenced,"FAQ micro-post: 50-word direct answer first (snippet/AI-citation), then practical depth; FAQPage schema",glossary,450,Free HYROX plan maker (branded PDF),Take the fitness assessment quiz,/hyrox/guide,ai-generate,candid race-village or gym moment matching the question,"photo + title band, brand dark/chartreuse, 1200x630",Can you watch HYROX for free as a spectator? | Suth Performance,"FAQ micro-post: 50-word direct answer first (snippet/AI-citation), then practical depth. From the Elite 15 HYROX coaching team at Suth Performance.",DefinedTerm + Article + BreadcrumbList,planned,
H303,hyrox,HYROX FAQ,4,How do HYROX waves and start times work?,how-do-hyrox-waves-and-start-times-work,hyrox start times,1000,42,Transactional/Nav,semrush,"FAQ micro-post: 50-word direct answer first (snippet/AI-citation), then practical depth; FAQPage schema",glossary,450,Free HYROX plan maker (branded PDF),Take the fitness assessment quiz,/hyrox/guide,ai-generate,candid race-village or gym moment matching the question,"photo + title band, brand dark/chartreuse, 1200x630",How do HYROX waves and start times work? | Suth Performance,"FAQ micro-post: 50-word direct answer first (snippet/AI-citation), then practical depth. From the Elite 15 HYROX coaching team at Suth Performance.",DefinedTerm + Article + BreadcrumbList,planned,
H304,hyrox,HYROX FAQ,4,What's a HYROX sim and should you do one before racing?,whats-a-hyrox-sim-and-should-you-do-one-before-racing,hyrox sim,,,Informational,longtail-unevidenced,"FAQ micro-post: 50-word direct answer first (snippet/AI-citation), then practical depth; FAQPage schema",glossary,450,Free HYROX plan maker (branded PDF),Take the fitness assessment quiz,/hyrox/guide,ai-generate,candid race-village or gym moment matching the question,"photo + title band, brand dark/chartreuse, 1200x630",What's a HYROX sim and should you do one before racing? | Suth Performance,"FAQ micro-post: 50-word direct answer first (snippet/AI-citation), then practical depth. From the Elite 15 HYROX coaching team at Suth Performance.",DefinedTerm + Article + BreadcrumbList,planned,
H305,hyrox,HYROX FAQ,4,Is HYROX every year? How seasons work,is-hyrox-every-year-how-seasons-work,hyrox season,,,Informational,longtail-unevidenced,"FAQ micro-post: 50-word direct answer first (snippet/AI-citation), then practical depth; FAQPage schema",glossary,450,Free HYROX plan maker (branded PDF),Take the fitness assessment quiz,/hyrox/guide,ai-generate,candid race-village or gym moment matching the question,"photo + title band, brand dark/chartreuse, 1200x630",Is HYROX every year? How seasons work | Suth Performance,"FAQ micro-post: 50-word direct answer first (snippet/AI-citation), then practical depth. From the Elite 15 HYROX coaching team at Suth Performance.",DefinedTerm + Article + BreadcrumbList,planned,
H306,hyrox,HYROX FAQ,4,Can you do HYROX solo or must you have a partner?,can-you-do-hyrox-solo-or-must-you-have-a-partner,hyrox solo,,,Informational,longtail-unevidenced,"FAQ micro-post: 50-word direct answer first (snippet/AI-citation), then practical depth; FAQPage schema",glossary,450,Free HYROX plan maker (branded PDF),Take the fitness assessment quiz,/hyrox/guide,ai-generate,candid race-village or gym moment matching the question,"photo + title band, brand dark/chartreuse, 1200x630",Can you do HYROX solo or must you have a partner? | Suth Performance,"FAQ micro-post: 50-word direct answer first (snippet/AI-citation), then practical depth. From the Elite 15 HYROX coaching team at Suth Performance.",DefinedTerm + Article + BreadcrumbList,planned,
H307,hyrox,HYROX FAQ,4,What happens at HYROX packet pickup?,what-happens-at-hyrox-packet-pickup,hyrox packet pickup,,,Informational,longtail-unevidenced,"FAQ micro-post: 50-word direct answer first (snippet/AI-citation), then practical depth; FAQPage schema",glossary,450,Free HYROX plan maker (branded PDF),Take the fitness assessment quiz,/hyrox/guide,ai-generate,candid race-village or gym moment matching the question,"photo + title band, brand dark/chartreuse, 1200x630",What happens at HYROX packet pickup? | Suth Performance,"FAQ micro-post: 50-word direct answer first (snippet/AI-citation), then practical depth. From the Elite 15 HYROX coaching team at Suth Performance.",DefinedTerm + Article + BreadcrumbList,planned,
H308,hyrox,HYROX FAQ,4,Are there showers/changing facilities at HYROX events?,are-there-showerschanging-facilities-at-hyrox-events,hyrox facilities,,,Informational,longtail-unevidenced,"FAQ micro-post: 50-word direct answer first (snippet/AI-citation), then practical depth; FAQPage schema",glossary,450,Free HYROX plan maker (branded PDF),Take the fitness assessment quiz,/hyrox/guide,ai-generate,candid race-village or gym moment matching the question,"photo + title band, brand dark/chartreuse, 1200x630",Are there showers/changing facilities at HYROX events? | Suth Performance,"FAQ micro-post: 50-word direct answer first (snippet/AI-citation), then practical depth. From the Elite 15 HYROX coaching team at Suth Performance.",DefinedTerm + Article + BreadcrumbList,planned,
H309,hyrox,Niche Audiences,3,"HYROX for rugby players: what transfers, what to train",hyrox-for-rugby-players-what-transfers-what-to-train,hyrox for rugby players,,,Informational,longtail-unevidenced,Niche-audience capture (power-to-engine conversion; club preseason angle); each its own mini-funnel per traffic playbook,guide,1500,Free HYROX plan maker (branded PDF),Take the fitness assessment quiz,/plans,ai-generate,rugby players training scene bridging their sport and hyrox stations,"photo + title band, brand dark/chartreuse, 1200x630","HYROX for rugby players: what transfers, what to train | Suth Performance",Niche-audience capture (power-to-engine conversion. From the Elite 15 HYROX coaching team at Suth Performance.,Article + BreadcrumbList (+HowTo where stepped),planned,
H310,hyrox,Niche Audiences,3,"HYROX for footballers: what transfers, what to train",hyrox-for-footballers-what-transfers-what-to-train,hyrox for footballers,,,Informational,longtail-unevidenced,Niche-audience capture (off-season engine; agility transfer honesty); each its own mini-funnel per traffic playbook,guide,1500,Free HYROX plan maker (branded PDF),Take the fitness assessment quiz,/plans,ai-generate,footballers training scene bridging their sport and hyrox stations,"photo + title band, brand dark/chartreuse, 1200x630","HYROX for footballers: what transfers, what to train | Suth Performance",Niche-audience capture (off-season engine. From the Elite 15 HYROX coaching team at Suth Performance.,Article + BreadcrumbList (+HowTo where stepped),planned,
H311,hyrox,Niche Audiences,3,"HYROX for cyclists: what transfers, what to train",hyrox-for-cyclists-what-transfers-what-to-train,hyrox for cyclists,,,Informational,longtail-unevidenced,"Niche-audience capture (big engine, missing load-bearing strength); each its own mini-funnel per traffic playbook",guide,1500,Free HYROX plan maker (branded PDF),Take the fitness assessment quiz,/plans,ai-generate,cyclists training scene bridging their sport and hyrox stations,"photo + title band, brand dark/chartreuse, 1200x630","HYROX for cyclists: what transfers, what to train | Suth Performance","Niche-audience capture (big engine, missing load-bearing strength). From the Elite 15 HYROX coaching team at Suth Performance.",Article + BreadcrumbList (+HowTo where stepped),planned,
H312,hyrox,Niche Audiences,3,"HYROX for swimmers: what transfers, what to train",hyrox-for-swimmers-what-transfers-what-to-train,hyrox for swimmers,,,Informational,longtail-unevidenced,Niche-audience capture (engine transfer; impact adaptation timeline); each its own mini-funnel per traffic playbook,guide,1500,Free HYROX plan maker (branded PDF),Take the fitness assessment quiz,/plans,ai-generate,swimmers training scene bridging their sport and hyrox stations,"photo + title band, brand dark/chartreuse, 1200x630","HYROX for swimmers: what transfers, what to train | Suth Performance",Niche-audience capture (engine transfer. From the Elite 15 HYROX coaching team at Suth Performance.,Article + BreadcrumbList (+HowTo where stepped),planned,
H313,hyrox,Niche Audiences,3,"HYROX for triathletes: what transfers, what to train",hyrox-for-triathletes-what-transfers-what-to-train,hyrox for triathletes,,,Informational,longtail-unevidenced,Niche-audience capture (the winter alternative season play); each its own mini-funnel per traffic playbook,guide,1500,Free HYROX plan maker (branded PDF),Take the fitness assessment quiz,/plans,ai-generate,triathletes training scene bridging their sport and hyrox stations,"photo + title band, brand dark/chartreuse, 1200x630","HYROX for triathletes: what transfers, what to train | Suth Performance",Niche-audience capture (the winter alternative season play). From the Elite 15 HYROX coaching team at Suth Performance.,Article + BreadcrumbList (+HowTo where stepped),planned,
H314,hyrox,Niche Audiences,3,"HYROX for runners over 40: what transfers, what to train",hyrox-for-runners-over-40-what-transfers-what-to-train,hyrox for runners over 40,,,Informational,longtail-unevidenced,Niche-audience capture (strength as longevity for masters runners); each its own mini-funnel per traffic playbook,guide,1500,Free HYROX plan maker (branded PDF),Take the fitness assessment quiz,/plans,ai-generate,runners over 40 training scene bridging their sport and hyrox stations,"photo + title band, brand dark/chartreuse, 1200x630","HYROX for runners over 40: what transfers, what to train | Suth Performance",Niche-audience capture (strength as longevity for masters runners). From the Elite 15 HYROX coaching team at Suth Performance.,Article + BreadcrumbList (+HowTo where stepped),planned,
H315,hyrox,Niche Audiences,3,"HYROX for CrossFit masters athletes: what transfers, what to train",hyrox-for-crossfit-masters-athletes-what-transfers-what-to-train,hyrox for crossfit masters,,,Informational,longtail-unevidenced,"Niche-audience capture (less skill risk, same competition itch); each its own mini-funnel per traffic playbook",guide,1500,Free HYROX plan maker (branded PDF),Take the fitness assessment quiz,/plans,ai-generate,CrossFit masters athletes training scene bridging their sport and hyrox stations,"photo + title band, brand dark/chartreuse, 1200x630","HYROX for CrossFit masters athletes: what transfers, what to train | Suth Performance","Niche-audience capture (less skill risk, same competition itch). From the Elite 15 HYROX coaching team at Suth Performance.",Article + BreadcrumbList (+HowTo where stepped),planned,
H316,hyrox,Niche Audiences,3,"HYROX for boxers and fighters: what transfers, what to train",hyrox-for-boxers-and-fighters-what-transfers-what-to-train,hyrox for boxers,,,Informational,longtail-unevidenced,Niche-audience capture (conditioning crossover; fight-camp parallels); each its own mini-funnel per traffic playbook,guide,1500,Free HYROX plan maker (branded PDF),Take the fitness assessment quiz,/plans,ai-generate,boxers and fighters training scene bridging their sport and hyrox stations,"photo + title band, brand dark/chartreuse, 1200x630","HYROX for boxers and fighters: what transfers, what to train | Suth Performance",Niche-audience capture (conditioning crossover. From the Elite 15 HYROX coaching team at Suth Performance.,Article + BreadcrumbList (+HowTo where stepped),planned,
H317,hyrox,Niche Audiences,3,"HYROX for military and veterans: what transfers, what to train",hyrox-for-military-and-veterans-what-transfers-what-to-train,hyrox military,,,Informational,longtail-unevidenced,Niche-audience capture (loaded-carry DNA; team relay angle); each its own mini-funnel per traffic playbook,guide,1500,Free HYROX plan maker (branded PDF),Take the fitness assessment quiz,/plans,ai-generate,military and veterans training scene bridging their sport and hyrox stations,"photo + title band, brand dark/chartreuse, 1200x630","HYROX for military and veterans: what transfers, what to train | Suth Performance",Niche-audience capture (loaded-carry DNA. From the Elite 15 HYROX coaching team at Suth Performance.,Article + BreadcrumbList (+HowTo where stepped),planned,
H318,hyrox,Niche Audiences,3,"HYROX for police officers: what transfers, what to train",hyrox-for-police-officers-what-transfers-what-to-train,hyrox for police,,,Informational,longtail-unevidenced,Niche-audience capture (job-fitness standards crossover); each its own mini-funnel per traffic playbook,guide,1500,Free HYROX plan maker (branded PDF),Take the fitness assessment quiz,/plans,ai-generate,police officers training scene bridging their sport and hyrox stations,"photo + title band, brand dark/chartreuse, 1200x630","HYROX for police officers: what transfers, what to train | Suth Performance",Niche-audience capture (job-fitness standards crossover). From the Elite 15 HYROX coaching team at Suth Performance.,Article + BreadcrumbList (+HowTo where stepped),planned,
H319,hyrox,Niche Audiences,3,"HYROX for firefighters: what transfers, what to train",hyrox-for-firefighters-what-transfers-what-to-train,hyrox for firefighters,,,Informational,longtail-unevidenced,Niche-audience capture (sled push is literally the job; PPE conditioning); each its own mini-funnel per traffic playbook,guide,1500,Free HYROX plan maker (branded PDF),Take the fitness assessment quiz,/plans,ai-generate,firefighters training scene bridging their sport and hyrox stations,"photo + title band, brand dark/chartreuse, 1200x630","HYROX for firefighters: what transfers, what to train | Suth Performance",Niche-audience capture (sled push is literally the job. From the Elite 15 HYROX coaching team at Suth Performance.,Article + BreadcrumbList (+HowTo where stepped),planned,
H320,hyrox,Niche Audiences,3,"HYROX for NHS shift workers: what transfers, what to train",hyrox-for-nhs-shift-workers-what-transfers-what-to-train,hyrox for nurses,,,Informational,longtail-unevidenced,Niche-audience capture (shift-pattern training; existing shift post crosslink); each its own mini-funnel per traffic playbook,guide,1500,Free HYROX plan maker (branded PDF),Take the fitness assessment quiz,/plans,ai-generate,NHS shift workers training scene bridging their sport and hyrox stations,"photo + title band, brand dark/chartreuse, 1200x630","HYROX for NHS shift workers: what transfers, what to train | Suth Performance",Niche-audience capture (shift-pattern training. From the Elite 15 HYROX coaching team at Suth Performance.,Article + BreadcrumbList (+HowTo where stepped),planned,
H321,hyrox,Niche Audiences,3,"HYROX for teachers: what transfers, what to train",hyrox-for-teachers-what-transfers-what-to-train,hyrox for teachers,,,Informational,longtail-unevidenced,Niche-audience capture (term-time periodisation; holiday race targeting); each its own mini-funnel per traffic playbook,guide,1500,Free HYROX plan maker (branded PDF),Take the fitness assessment quiz,/plans,ai-generate,teachers training scene bridging their sport and hyrox stations,"photo + title band, brand dark/chartreuse, 1200x630","HYROX for teachers: what transfers, what to train | Suth Performance",Niche-audience capture (term-time periodisation. From the Elite 15 HYROX coaching team at Suth Performance.,Article + BreadcrumbList (+HowTo where stepped),planned,
H322,hyrox,Niche Audiences,3,"HYROX for new dads: what transfers, what to train",hyrox-for-new-dads-what-transfers-what-to-train,hyrox for dads,,,Informational,longtail-unevidenced,Niche-audience capture (identity+time angle; existing parents post sibling); each its own mini-funnel per traffic playbook,guide,1500,Free HYROX plan maker (branded PDF),Take the fitness assessment quiz,/plans,ai-generate,new dads training scene bridging their sport and hyrox stations,"photo + title band, brand dark/chartreuse, 1200x630","HYROX for new dads: what transfers, what to train | Suth Performance",Niche-audience capture (identity+time angle. From the Elite 15 HYROX coaching team at Suth Performance.,Article + BreadcrumbList (+HowTo where stepped),planned,
H323,hyrox,Niche Audiences,3,"HYROX for busy executives: what transfers, what to train",hyrox-for-busy-executives-what-transfers-what-to-train,hyrox for busy professionals,,,Informational,longtail-unevidenced,Niche-audience capture (minimum effective dose; travel workouts crosslink); each its own mini-funnel per traffic playbook,guide,1500,Free HYROX plan maker (branded PDF),Take the fitness assessment quiz,/plans,ai-generate,busy executives training scene bridging their sport and hyrox stations,"photo + title band, brand dark/chartreuse, 1200x630","HYROX for busy executives: what transfers, what to train | Suth Performance",Niche-audience capture (minimum effective dose. From the Elite 15 HYROX coaching team at Suth Performance.,Article + BreadcrumbList (+HowTo where stepped),planned,
H324,hyrox,Niche Audiences,3,"HYROX for students: what transfers, what to train",hyrox-for-students-what-transfers-what-to-train,hyrox student,,,Informational,longtail-unevidenced,Niche-audience capture (budget + uni gym reality; first-race social angle); each its own mini-funnel per traffic playbook,guide,1500,Free HYROX plan maker (branded PDF),Take the fitness assessment quiz,/plans,ai-generate,students training scene bridging their sport and hyrox stations,"photo + title band, brand dark/chartreuse, 1200x630","HYROX for students: what transfers, what to train | Suth Performance",Niche-audience capture (budget + uni gym reality. From the Elite 15 HYROX coaching team at Suth Performance.,Article + BreadcrumbList (+HowTo where stepped),planned,
H325,hyrox,Niche Audiences,3,"HYROX for vegans: what transfers, what to train",hyrox-for-vegans-what-transfers-what-to-train,vegan hyrox nutrition,,,Informational,longtail-unevidenced,Niche-audience capture (plant-based fuelling for hybrid load); each its own mini-funnel per traffic playbook,guide,1500,Free HYROX plan maker (branded PDF),Take the fitness assessment quiz,/plans,ai-generate,vegans training scene bridging their sport and hyrox stations,"photo + title band, brand dark/chartreuse, 1200x630","HYROX for vegans: what transfers, what to train | Suth Performance",Niche-audience capture (plant-based fuelling for hybrid load). From the Elite 15 HYROX coaching team at Suth Performance.,Article + BreadcrumbList (+HowTo where stepped),planned,
H326,hyrox,Niche Audiences,3,"HYROX for tall rowers: what transfers, what to train",hyrox-for-tall-rowers-what-transfers-what-to-train,hyrox for rowers,,,Informational,longtail-unevidenced,Niche-audience capture (erg natives; the running problem); each its own mini-funnel per traffic playbook,guide,1500,Free HYROX plan maker (branded PDF),Take the fitness assessment quiz,/plans,ai-generate,tall rowers training scene bridging their sport and hyrox stations,"photo + title band, brand dark/chartreuse, 1200x630","HYROX for tall rowers: what transfers, what to train | Suth Performance",Niche-audience capture (erg natives. From the Elite 15 HYROX coaching team at Suth Performance.,Article + BreadcrumbList (+HowTo where stepped),planned,
H327,hyrox,Niche Audiences,3,"HYROX for hybrid-curious bodybuilders: what transfers, what to train",hyrox-for-hybrid-curious-bodybuilders-what-transfers-what-to-train,hyrox for bodybuilders,,,Informational,longtail-unevidenced,Niche-audience capture (muscle-loss fear addressed with evidence); each its own mini-funnel per traffic playbook,guide,1500,Free HYROX plan maker (branded PDF),Take the fitness assessment quiz,/plans,ai-generate,hybrid-curious bodybuilders training scene bridging their sport and hyrox stations,"photo + title band, brand dark/chartreuse, 1200x630","HYROX for hybrid-curious bodybuilders: what transfers, what to train | Suth Performance",Niche-audience capture (muscle-loss fear addressed with evidence). From the Elite 15 HYROX coaching team at Suth Performance.,Article + BreadcrumbList (+HowTo where stepped),planned,
H328,hyrox,Niche Audiences,3,"HYROX for dancers: what transfers, what to train",hyrox-for-dancers-what-transfers-what-to-train,hyrox for dancers,,,Informational,longtail-unevidenced,Niche-audience capture (capacity vs aesthetics athletic identity shift); each its own mini-funnel per traffic playbook,guide,1500,Free HYROX plan maker (branded PDF),Take the fitness assessment quiz,/plans,ai-generate,dancers training scene bridging their sport and hyrox stations,"photo + title band, brand dark/chartreuse, 1200x630","HYROX for dancers: what transfers, what to train | Suth Performance",Niche-audience capture (capacity vs aesthetics athletic identity shift). From the Elite 15 HYROX coaching team at Suth Performance.,Article + BreadcrumbList (+HowTo where stepped),planned,
H329,hyrox,Niche Audiences,3,"HYROX for golfers: what transfers, what to train",hyrox-for-golfers-what-transfers-what-to-train,hyrox for golfers,,,Informational,longtail-unevidenced,Niche-audience capture (unexpected crossover; engine for the back nine); each its own mini-funnel per traffic playbook,guide,1500,Free HYROX plan maker (branded PDF),Take the fitness assessment quiz,/plans,ai-generate,golfers training scene bridging their sport and hyrox stations,"photo + title band, brand dark/chartreuse, 1200x630","HYROX for golfers: what transfers, what to train | Suth Performance",Niche-audience capture (unexpected crossover. From the Elite 15 HYROX coaching team at Suth Performance.,Article + BreadcrumbList (+HowTo where stepped),planned,
H330,hyrox,Niche Audiences,3,"HYROX for skiers: what transfers, what to train",hyrox-for-skiers-what-transfers-what-to-train,hyrox for skiers,,,Informational,longtail-unevidenced,Niche-audience capture (off-season leg engine; ski erg irony); each its own mini-funnel per traffic playbook,guide,1500,Free HYROX plan maker (branded PDF),Take the fitness assessment quiz,/plans,ai-generate,skiers training scene bridging their sport and hyrox stations,"photo + title band, brand dark/chartreuse, 1200x630","HYROX for skiers: what transfers, what to train | Suth Performance",Niche-audience capture (off-season leg engine. From the Elite 15 HYROX coaching team at Suth Performance.,Article + BreadcrumbList (+HowTo where stepped),planned,
H331,hyrox,Niche Audiences,3,"HYROX for obstacle-race converts: what transfers, what to train",hyrox-for-obstacle-race-converts-what-transfers-what-to-train,spartan to hyrox,,,Informational,longtail-unevidenced,Niche-audience capture (OCR-to-HYROX migration guide); each its own mini-funnel per traffic playbook,guide,1500,Free HYROX plan maker (branded PDF),Take the fitness assessment quiz,/plans,ai-generate,obstacle-race converts training scene bridging their sport and hyrox stations,"photo + title band, brand dark/chartreuse, 1200x630","HYROX for obstacle-race converts: what transfers, what to train | Suth Performance",Niche-audience capture (OCR-to-HYROX migration guide). From the Elite 15 HYROX coaching team at Suth Performance.,Article + BreadcrumbList (+HowTo where stepped),planned,
H332,hyrox,Niche Audiences,3,"HYROX for park runners: what transfers, what to train",hyrox-for-park-runners-what-transfers-what-to-train,parkrun to hyrox,,,Informational,longtail-unevidenced,Niche-audience capture (the 5k community is the perfect feeder); each its own mini-funnel per traffic playbook,guide,1500,Free HYROX plan maker (branded PDF),Take the fitness assessment quiz,/plans,ai-generate,park runners training scene bridging their sport and hyrox stations,"photo + title band, brand dark/chartreuse, 1200x630","HYROX for park runners: what transfers, what to train | Suth Performance",Niche-audience capture (the 5k community is the perfect feeder). From the Elite 15 HYROX coaching team at Suth Performance.,Article + BreadcrumbList (+HowTo where stepped),planned,
H333,hyrox,Training Micro-topics,4,Treadmill sled simulation: incline settings that transfer,treadmill-sled-simulation-incline-settings-that-transfer,treadmill sled push,,,Informational,longtail-unevidenced,no-sled hack with real numbers,guide,1500,Free HYROX plan maker (branded PDF),Take the fitness assessment quiz,/plans,ai-generate,"steep incline treadmill push position, gym corner","photo + title band, brand dark/chartreuse, 1200x630",Treadmill sled simulation: incline settings that transfer | Suth Performance,no-sled hack with real numbers. From the Elite 15 HYROX coaching team at Suth Performance.,Article + BreadcrumbList (+HowTo where stepped),planned,
H334,hyrox,Training Micro-topics,4,Breathing patterns for the erg stations,breathing-patterns-for-the-erg-stations,breathing ski erg,,,Informational,longtail-unevidenced,micro-skill; calm-under-fatigue,guide,1500,Free HYROX plan maker (branded PDF),Take the fitness assessment quiz,/plans,own-photo,track/gym-skierg-colour.jpg,"photo + title band, brand dark/chartreuse, 1200x630",Breathing patterns for the erg stations | Suth Performance,micro-skill. From the Elite 15 HYROX coaching team at Suth Performance.,Article + BreadcrumbList (+HowTo where stepped),planned,
H335,hyrox,Training Micro-topics,4,Running cadence under fatigue: the compromised-running fix,running-cadence-under-fatigue-the-compromised-running-fix,running cadence,,,Informational,longtail-unevidenced,signature concept application,guide,1500,Free HYROX plan maker (branded PDF),Take the fitness assessment quiz,/plans,own-photo,track/bend-lanes-bw.jpg,"photo + title band, brand dark/chartreuse, 1200x630",Running cadence under fatigue: the compromised-running fix | Suth Performance,signature concept application. From the Elite 15 HYROX coaching team at Suth Performance.,Article + BreadcrumbList (+HowTo where stepped),planned,
H336,hyrox,Training Micro-topics,4,Heat training for summer races,heat-training-for-summer-races,hyrox heat training,,,Informational,longtail-unevidenced,existing heat post refresh; acclimation protocol,guide,1500,Free HYROX plan maker (branded PDF),Take the fitness assessment quiz,/plans,own-photo,track/palms-sunflare-pair-colour.jpg,"photo + title band, brand dark/chartreuse, 1200x630",Heat training for summer races | Suth Performance,existing heat post refresh. From the Elite 15 HYROX coaching team at Suth Performance.,Article + BreadcrumbList (+HowTo where stepped),planned,
H337,hyrox,Training Micro-topics,4,Cold venues: warming up when the arena is freezing,cold-venues-warming-up-when-the-arena-is-freezing,hyrox cold venue,,,Informational,longtail-unevidenced,UK winter race reality,guide,1500,Free HYROX plan maker (branded PDF),Take the fitness assessment quiz,/plans,ai-generate,"athlete in layers warming up, breath visible, arena concourse","photo + title band, brand dark/chartreuse, 1200x630",Cold venues: warming up when the arena is freezing | Suth Performance,UK winter race reality. From the Elite 15 HYROX coaching team at Suth Performance.,Article + BreadcrumbList (+HowTo where stepped),planned,
H338,hyrox,Training Micro-topics,4,Double days: training twice without falling apart,double-days-training-twice-without-falling-apart,two a day training,,,Informational,longtail-unevidenced,advanced volume management,guide,1500,Free HYROX plan maker (branded PDF),Take the fitness assessment quiz,/plans,ai-generate,"morning and evening gym bags by door, clock detail","photo + title band, brand dark/chartreuse, 1200x630",Double days: training twice without falling apart | Suth Performance,advanced volume management. From the Elite 15 HYROX coaching team at Suth Performance.,Article + BreadcrumbList (+HowTo where stepped),planned,
H339,hyrox,Training Micro-topics,4,Morning vs evening training: what the evidence says,morning-vs-evening-training-what-the-evidence-says,morning vs evening workout,,,Informational,longtail-unevidenced,"evergreen question, hybrid lens",guide,1500,Free HYROX plan maker (branded PDF),Take the fitness assessment quiz,/plans,ai-generate,split dawn run vs evening gym scene,"photo + title band, brand dark/chartreuse, 1200x630",Morning vs evening training: what the evidence says | Suth Performance,"evergreen question, hybrid lens. From the Elite 15 HYROX coaching team at Suth Performance.",Article + BreadcrumbList (+HowTo where stepped),planned,
H340,hyrox,Training Micro-topics,4,Training on holiday: the 3-session week that maintains,training-on-holiday-the-3-session-week-that-maintains,training on holiday,,,Informational,longtail-unevidenced,consistency niche; travel workouts sibling,guide,1500,Free HYROX plan maker (branded PDF),Take the fitness assessment quiz,/plans,ai-generate,"hotel gym minimal session, suitcase in room","photo + title band, brand dark/chartreuse, 1200x630",Training on holiday: the 3-session week that maintains | Suth Performance,consistency niche. From the Elite 15 HYROX coaching team at Suth Performance.,Article + BreadcrumbList (+HowTo where stepped),planned,
H341,hyrox,Training Micro-topics,4,The minimum effective dose for HYROX maintenance,minimum-effective-dose-for-hyrox-maintenance,minimum training hyrox,,,Informational,longtail-unevidenced,busy-life honesty; retention content,guide,1500,Free HYROX plan maker (branded PDF),Take the fitness assessment quiz,/plans,data-graphic,maintenance vs build training loads,"headline stat rendered as branded card, 1200x630",The minimum effective dose for HYROX maintenance | Suth Performance,busy-life honesty. From the Elite 15 HYROX coaching team at Suth Performance.,Article + BreadcrumbList (+HowTo where stepped),planned,
H342,hyrox,Training Micro-topics,4,Training through minor injury: what you can still do,training-through-minor-injury-what-you-can-still-do,training with injury,,,Informational,longtail-unevidenced,responsible modification matrix; physio signpost,guide,1500,Free HYROX plan maker (branded PDF),Take the fitness assessment quiz,/plans,ai-generate,"athlete on ski erg with taped ankle, careful","photo + title band, brand dark/chartreuse, 1200x630",Training through minor injury: what you can still do | Suth Performance,responsible modification matrix. From the Elite 15 HYROX coaching team at Suth Performance.,Article + BreadcrumbList (+HowTo where stepped),planned,
H343,hyrox,Training Micro-topics,4,Cross-training for HYROX: bike and swim sessions that count,cross-training-for-hyrox-bike-and-swim-sessions-that-count,cross training hyrox,,,Informational,longtail-unevidenced,low-impact volume options,guide,1500,Free HYROX plan maker (branded PDF),Take the fitness assessment quiz,/plans,ai-generate,"athlete on assault bike, effort, gym window light","photo + title band, brand dark/chartreuse, 1200x630",Cross-training for HYROX: bike and swim sessions that count | Suth Performance,low-impact volume options. From the Elite 15 HYROX coaching team at Suth Performance.,Article + BreadcrumbList (+HowTo where stepped),planned,
H344,hyrox,Training Micro-topics,4,The HYROX warm-up library: 5 warm-ups for 5 session types,hyrox-warm-up-library-5-warm-ups-for-5-session-types,hyrox warm up,,,Informational,longtail-unevidenced,existing warm-up post refresh + expansion,guide,1500,Free HYROX plan maker (branded PDF),Take the fitness assessment quiz,/plans,own-photo,v2/quiz-interstitial-3.jpg,"photo + title band, brand dark/chartreuse, 1200x630",The HYROX warm-up library: 5 warm-ups for 5 session types | Suth Performance,existing warm-up post refresh + expansion. From the Elite 15 HYROX coaching team at Suth Performance.,Article + BreadcrumbList (+HowTo where stepped),planned,
H345,hyrox,Training Micro-topics,4,Cooldowns that actually speed recovery,cooldowns-that-actually-speed-recovery,cool down after workout,,,Informational,longtail-unevidenced,evidence vs ritual; short protocols,guide,1500,Free HYROX plan maker (branded PDF),Take the fitness assessment quiz,/plans,ai-generate,"athlete walking track lane post session, dusk","photo + title band, brand dark/chartreuse, 1200x630",Cooldowns that actually speed recovery | Suth Performance,evidence vs ritual. From the Elite 15 HYROX coaching team at Suth Performance.,Article + BreadcrumbList (+HowTo where stepped),planned,
H346,hyrox,Training Micro-topics,4,Mobility for the sled: hips and ankles that hold position,mobility-for-the-sled-hips-and-ankles-that-hold-position,sled push mobility,,,Informational,longtail-unevidenced,position-specific mobility,guide,1500,Free HYROX plan maker (branded PDF),Take the fitness assessment quiz,/plans,ai-generate,"deep drive position hold, coach observing","photo + title band, brand dark/chartreuse, 1200x630",Mobility for the sled: hips and ankles that hold position | Suth Performance,position-specific mobility. From the Elite 15 HYROX coaching team at Suth Performance.,Article + BreadcrumbList (+HowTo where stepped),planned,
H347,hyrox,Training Micro-topics,4,Rucking for HYROX: does weighted walking transfer?,rucking-for-hyrox-does-weighted-walking-transfer,rucking hyrox,,,Informational,longtail-unevidenced,trend crossover; honest transfer analysis,guide,1500,Free HYROX plan maker (branded PDF),Take the fitness assessment quiz,/plans,ai-generate,"walker with weighted pack on trail, morning","photo + title band, brand dark/chartreuse, 1200x630",Rucking for HYROX: does weighted walking transfer? | Suth Performance,trend crossover. From the Elite 15 HYROX coaching team at Suth Performance.,Article + BreadcrumbList (+HowTo where stepped),planned,
H348,hyrox,Training Micro-topics,4,Zone 2 on the ski erg: base building without running impact,zone-2-on-the-ski-erg-base-building-without-running-impact,ski erg zone 2,,,Informational,longtail-unevidenced,erg-first base; joint-friendly angle,guide,1500,Free HYROX plan maker (branded PDF),Take the fitness assessment quiz,/plans,own-photo,track/gym-ergs-dark-colour.jpg,"photo + title band, brand dark/chartreuse, 1200x630",Zone 2 on the ski erg: base building without running impact | Suth Performance,erg-first base. From the Elite 15 HYROX coaching team at Suth Performance.,Article + BreadcrumbList (+HowTo where stepped),planned,
H349,hyrox,Training Micro-topics,4,Step count and HYROX: does daily movement matter?,step-count-and-hyrox-does-daily-movement-matter,step count fitness,,,Informational,longtail-unevidenced,NEAT education for athletes,guide,1500,Free HYROX plan maker (branded PDF),Take the fitness assessment quiz,/plans,ai-generate,"watch step count mid walk, city park","photo + title band, brand dark/chartreuse, 1200x630",Step count and HYROX: does daily movement matter? | Suth Performance,NEAT education for athletes. From the Elite 15 HYROX coaching team at Suth Performance.,Article + BreadcrumbList (+HowTo where stepped),planned,
H350,hyrox,Training Micro-topics,4,Strength maintenance in race season,strength-maintenance-in-race-season,in season strength training,,,Informational,longtail-unevidenced,periodisation education,guide,1500,Free HYROX plan maker (branded PDF),Take the fitness assessment quiz,/plans,data-graphic,in-season vs off-season strength dose,"headline stat rendered as branded card, 1200x630",Strength maintenance in race season | Suth Performance,periodisation education. From the Elite 15 HYROX coaching team at Suth Performance.,Article + BreadcrumbList (+HowTo where stepped),planned,
H351,hyrox,Seasonal & Series,2,"New year, first HYROX: the January starter's roadmap",new-year-first-hyrox-the-january-starters-roadmap,new year hyrox,,,Informational,longtail-unevidenced,January spike capture; beginner branch bridge; republish annually,guide,1500,Free HYROX plan maker (branded PDF),Take the fitness assessment quiz,/plans,ai-generate,"january gym floor, new starter determination, honest busy-ness","photo + title band, brand dark/chartreuse, 1200x630","New year, first HYROX: the January starter's roadmap | Suth Performance",January spike capture. From the Elite 15 HYROX coaching team at Suth Performance.,Article + BreadcrumbList (+HowTo where stepped),planned,
H352,hyrox,Seasonal & Series,2,Race week: the complete 7-day countdown series hub,race-week-the-complete-7-day-countdown-series-hub,hyrox race week,,,Informational,longtail-unevidenced,Hub for taper/kit/nutrition/warm-up posts; email-series twin,pillar,2500,Free HYROX plan maker (branded PDF),Take the fitness assessment quiz,/plans,own-photo,v2/quiz-interstitial-2.jpg,"photo + title band, brand dark/chartreuse, 1200x630",Race week: the complete 7-day countdown series hub | Suth Performance,Hub for taper/kit/nutrition/warm-up posts. From the Elite 15 HYROX coaching team at Suth Performance.,Article + FAQPage + BreadcrumbList,planned,
H353,hyrox,Seasonal & Series,3,"HYROX season preview 2026/27: dates, changes, predictions",hyrox-season-preview-202627-dates-changes-predictions,hyrox season 2027,,,Informational,longtail-unevidenced,Annual authority post; ticket-release traffic; update yearly,guide,1500,Free HYROX plan maker (branded PDF),Take the fitness assessment quiz,/plans,data-graphic,season map with key dates,"headline stat rendered as branded card, 1200x630","HYROX season preview 2026/27: dates, changes, predictions | Suth Performance",Annual authority post. From the Elite 15 HYROX coaching team at Suth Performance.,Article + BreadcrumbList (+HowTo where stepped),planned,
H354,hyrox,Seasonal & Series,3,HYROX season review: what the times told us this year,hyrox-season-review-what-the-times-told-us-this-year,hyrox season review,,,Informational,longtail-unevidenced,Annual data retrospective; needs results layer for full version,guide,1500,Free HYROX plan maker (branded PDF),Take the fitness assessment quiz,/plans,data-graphic,season trends dashboard,"headline stat rendered as branded card, 1200x630",HYROX season review: what the times told us this year | Suth Performance,Annual data retrospective. From the Elite 15 HYROX coaching team at Suth Performance.,Article + BreadcrumbList (+HowTo where stepped),blocked-results,
H355,hyrox,Seasonal & Series,3,Summer training for an autumn race: the 12-week runway,summer-training-for-an-autumn-race-the-12-week-runway,autumn hyrox training,,,Informational,longtail-unevidenced,Seasonal periodisation; race-calendar synergy,guide,1500,Free HYROX plan maker (branded PDF),Take the fitness assessment quiz,/plans,ai-generate,"summer outdoor training session, track heat shimmer","photo + title band, brand dark/chartreuse, 1200x630",Summer training for an autumn race: the 12-week runway | Suth Performance,Seasonal periodisation. From the Elite 15 HYROX coaching team at Suth Performance.,Article + BreadcrumbList (+HowTo where stepped),planned,
H356,hyrox,Seasonal & Series,4,"Christmas week training: keep the engine, keep the peace",christmas-week-training-keep-the-engine-keep-the-peace,training over christmas,,,Informational,longtail-unevidenced,Seasonal reality post; maintenance dose; republish annually,guide,1500,Free HYROX plan maker (branded PDF),Take the fitness assessment quiz,/plans,ai-generate,"home workout beside christmas tree, kettlebell with bow","photo + title band, brand dark/chartreuse, 1200x630","Christmas week training: keep the engine, keep the peace | Suth Performance",Seasonal reality post. From the Elite 15 HYROX coaching team at Suth Performance.,Article + BreadcrumbList (+HowTo where stepped),planned,
H357,hyrox,Seasonal & Series,4,Black Friday for HYROX athletes: kit worth waiting for,black-friday-for-hyrox-athletes-kit-worth-waiting-for,hyrox black friday,,,Informational,longtail-unevidenced,Seasonal commercial; gear cluster synergy; update annually,guide,1500,Free HYROX plan maker (branded PDF),Take the fitness assessment quiz,/plans,data-graphic,kit deals checklist template,"headline stat rendered as branded card, 1200x630",Black Friday for HYROX athletes: kit worth waiting for | Suth Performance,Seasonal commercial. From the Elite 15 HYROX coaching team at Suth Performance.,Article + BreadcrumbList (+HowTo where stepped),planned,
H358,hyrox,Seasonal & Series,4,12 Days of HYROX: the festive partner workout series,12-days-of-hyrox-the-festive-partner-workout-series,christmas workout,,,Informational,longtail-unevidenced,Community/share content; social-first with blog anchor,guide,1500,Free HYROX plan maker (branded PDF),Take the fitness assessment quiz,/plans,ai-generate,"pair doing festive-themed stations, santa hats, gym","photo + title band, brand dark/chartreuse, 1200x630",12 Days of HYROX: the festive partner workout series | Suth Performance,Community/share content. From the Elite 15 HYROX coaching team at Suth Performance.,Article + BreadcrumbList (+HowTo where stepped),planned,
H359,hyrox,Gear,3,"HYROX socks, insoles and the unglamorous kit that matters",hyrox-socks-insoles-and-the-unglamorous-kit-that-matters,hyrox socks,,,Informational,longtail-unevidenced,Micro-kit roundup; comfort-detail authority,guide,1500,HYROX kit checklist download,Free HYROX plan maker,/hyrox/gear,ai-generate,race sock and insole detail on gym bench,"photo + title band, brand dark/chartreuse, 1200x630","HYROX socks, insoles and the unglamorous kit that matters | Suth Performance",Micro-kit roundup. From the Elite 15 HYROX coaching team at Suth Performance.,Article + BreadcrumbList (+HowTo where stepped),planned,
H360,hyrox,Gear,3,Knee sleeves and supports: needed for HYROX or not?,knee-sleeves-and-supports-needed-for-hyrox-or-not,knee sleeves hyrox,,,Informational,longtail-unevidenced,Support-kit honesty; injury cluster crosslink,guide,1500,HYROX kit checklist download,Free HYROX plan maker,/hyrox/gear,ai-generate,athlete rolling on knee sleeve pre wall balls,"photo + title band, brand dark/chartreuse, 1200x630",Knee sleeves and supports: needed for HYROX or not? | Suth Performance,Support-kit honesty. From the Elite 15 HYROX coaching team at Suth Performance.,Article + BreadcrumbList (+HowTo where stepped),planned,
H361,hyrox,Gear,4,"Chalk at HYROX: rules, etiquette and alternatives",chalk-at-hyrox-rules-etiquette-and-alternatives,chalk hyrox,,,Informational,longtail-unevidenced,Detail question; rules crosslink,guide,1500,HYROX kit checklist download,Free HYROX plan maker,/hyrox/gear,own-photo,track/palms-lamp-colour.jpg,"photo + title band, brand dark/chartreuse, 1200x630","Chalk at HYROX: rules, etiquette and alternatives | Suth Performance",Detail question. From the Elite 15 HYROX coaching team at Suth Performance.,Article + BreadcrumbList (+HowTo where stepped),planned,
H362,hyrox,Gear,4,Massage guns and recovery tech: what's worth the money,massage-guns-and-recovery-tech-whats-worth-the-money,massage gun worth it,,,Informational,longtail-unevidenced,Recovery-tech honesty; evidence-based,guide,1500,HYROX kit checklist download,Free HYROX plan maker,/hyrox/gear,ai-generate,"massage gun on quad post session, sofa setting","photo + title band, brand dark/chartreuse, 1200x630",Massage guns and recovery tech: what's worth the money | Suth Performance,Recovery-tech honesty. From the Elite 15 HYROX coaching team at Suth Performance.,Article + BreadcrumbList (+HowTo where stepped),planned,
H363,hyrox,Gear,4,Running vests and hydration at HYROX: allowed? needed?,running-vests-and-hydration-at-hyrox-allowed-needed,hyrox hydration vest,,,Informational,longtail-unevidenced,Kit-rules micro question,guide,1500,HYROX kit checklist download,Free HYROX plan maker,/hyrox/gear,ai-generate,"vest laid out with race kit, flat lay","photo + title band, brand dark/chartreuse, 1200x630",Running vests and hydration at HYROX: allowed? needed? | Suth Performance,Kit-rules micro question. From the Elite 15 HYROX coaching team at Suth Performance.,Article + BreadcrumbList (+HowTo where stepped),planned,
H364,hyrox,Gear,4,The £50 HYROX starter kit,50-hyrox-starter-kit,cheap hyrox kit,,,Informational,longtail-unevidenced,Entry-level access angle; beginner-brand warmth,guide,1500,HYROX kit checklist download,Free HYROX plan maker,/hyrox/gear,ai-generate,"budget kit flat lay, honest brands blurred","photo + title band, brand dark/chartreuse, 1200x630",The £50 HYROX starter kit | Suth Performance,Entry-level access angle. From the Elite 15 HYROX coaching team at Suth Performance.,Article + BreadcrumbList (+HowTo where stepped),planned,
H365,hyrox,Race Cities & Events,4,"HYROX Dublin: races, venues and what to know",hyrox-dublin-races-venues-and-what-to-know,dublin hyrox,880,22,Info/Transactional,semrush,Evidenced country/venue term (KD 12-39); travelling-athlete guide feeding the race hub,guide,1500,Race-specific 12-week plan,Free HYROX plan maker,/hyrox/events,ai-generate,"Dublin landmark with training scene, editorial travel style","photo + title band, brand dark/chartreuse, 1200x630","HYROX Dublin: races, venues and what to know | Suth Performance",Evidenced country/venue term (KD 12-39). From the Elite 15 HYROX coaching team at Suth Performance.,Article + BreadcrumbList (+HowTo where stepped),planned,
H366,hyrox,Race Cities & Events,4,"HYROX Olympia: races, venues and what to know",hyrox-olympia-races-venues-and-what-to-know,hyrox olympia,720,18,Informational,semrush,Evidenced country/venue term (KD 12-39); travelling-athlete guide feeding the race hub,guide,1500,Race-specific 12-week plan,Free HYROX plan maker,/hyrox/events,ai-generate,"Olympia landmark with training scene, editorial travel style","photo + title band, brand dark/chartreuse, 1200x630","HYROX Olympia: races, venues and what to know | Suth Performance",Evidenced country/venue term (KD 12-39). From the Elite 15 HYROX coaching team at Suth Performance.,Article + BreadcrumbList (+HowTo where stepped),planned,
H367,hyrox,Race Cities & Events,4,"HYROX Poland: races, venues and what to know",hyrox-poland-races-venues-and-what-to-know,hyrox poland,390,13,Informational,semrush,Evidenced country/venue term (KD 12-39); travelling-athlete guide feeding the race hub,guide,1500,Race-specific 12-week plan,Free HYROX plan maker,/hyrox/events,ai-generate,"Poland landmark with training scene, editorial travel style","photo + title band, brand dark/chartreuse, 1200x630","HYROX Poland: races, venues and what to know | Suth Performance",Evidenced country/venue term (KD 12-39). From the Elite 15 HYROX coaching team at Suth Performance.,Article + BreadcrumbList (+HowTo where stepped),planned,
H368,hyrox,Race Cities & Events,4,"HYROX Belgium: races, venues and what to know",hyrox-belgium-races-venues-and-what-to-know,hyrox belgium,210,22,Info/Transactional,semrush,Evidenced country/venue term (KD 12-39); travelling-athlete guide feeding the race hub,guide,1500,Race-specific 12-week plan,Free HYROX plan maker,/hyrox/events,ai-generate,"Belgium landmark with training scene, editorial travel style","photo + title band, brand dark/chartreuse, 1200x630","HYROX Belgium: races, venues and what to know | Suth Performance",Evidenced country/venue term (KD 12-39). From the Elite 15 HYROX coaching team at Suth Performance.,Article + BreadcrumbList (+HowTo where stepped),planned,
H369,hyrox,Race Cities & Events,4,"HYROX Spain: races, venues and what to know",hyrox-spain-races-venues-and-what-to-know,hyrox spain,170,29,Navigational,semrush,Evidenced country/venue term (KD 12-39); travelling-athlete guide feeding the race hub,guide,1500,Race-specific 12-week plan,Free HYROX plan maker,/hyrox/events,ai-generate,"Spain landmark with training scene, editorial travel style","photo + title band, brand dark/chartreuse, 1200x630","HYROX Spain: races, venues and what to know | Suth Performance",Evidenced country/venue term (KD 12-39). From the Elite 15 HYROX coaching team at Suth Performance.,Article + BreadcrumbList (+HowTo where stepped),planned,
H370,hyrox,Race Cities & Events,4,"HYROX Italy: races, venues and what to know",hyrox-italy-races-venues-and-what-to-know,hyrox italy,140,12,Navigational,semrush,Evidenced country/venue term (KD 12-39); travelling-athlete guide feeding the race hub,guide,1500,Race-specific 12-week plan,Free HYROX plan maker,/hyrox/events,ai-generate,"Italy landmark with training scene, editorial travel style","photo + title band, brand dark/chartreuse, 1200x630","HYROX Italy: races, venues and what to know | Suth Performance",Evidenced country/venue term (KD 12-39). From the Elite 15 HYROX coaching team at Suth Performance.,Article + BreadcrumbList (+HowTo where stepped),planned,
H371,hyrox,Race Cities & Events,4,"HYROX Germany: races, venues and what to know",hyrox-germany-races-venues-and-what-to-know,hyrox germany,110,37,Info/Transactional,semrush,Evidenced country/venue term (KD 12-39); travelling-athlete guide feeding the race hub,guide,1500,Race-specific 12-week plan,Free HYROX plan maker,/hyrox/events,ai-generate,"Germany landmark with training scene, editorial travel style","photo + title band, brand dark/chartreuse, 1200x630","HYROX Germany: races, venues and what to know | Suth Performance",Evidenced country/venue term (KD 12-39). From the Elite 15 HYROX coaching team at Suth Performance.,Article + BreadcrumbList (+HowTo where stepped),planned,
H372,hyrox,Race Cities & Events,4,"HYROX Ireland: races, venues and what to know",hyrox-ireland-races-venues-and-what-to-know,hyrox ireland,140,39,Info/Transactional,semrush,Evidenced country/venue term (KD 12-39); travelling-athlete guide feeding the race hub,guide,1500,Race-specific 12-week plan,Free HYROX plan maker,/hyrox/events,ai-generate,"Ireland landmark with training scene, editorial travel style","photo + title band, brand dark/chartreuse, 1200x630","HYROX Ireland: races, venues and what to know | Suth Performance",Evidenced country/venue term (KD 12-39). From the Elite 15 HYROX coaching team at Suth Performance.,Article + BreadcrumbList (+HowTo where stepped),planned,
H373,hyrox,Race Cities & Events,4,"HYROX Scotland: races, venues and what to know",hyrox-scotland-races-venues-and-what-to-know,hyrox scotland,140,16,Informational,semrush,Evidenced country/venue term (KD 12-39); travelling-athlete guide feeding the race hub,guide,1500,Race-specific 12-week plan,Free HYROX plan maker,/hyrox/events,ai-generate,"Scotland landmark with training scene, editorial travel style","photo + title band, brand dark/chartreuse, 1200x630","HYROX Scotland: races, venues and what to know | Suth Performance",Evidenced country/venue term (KD 12-39). From the Elite 15 HYROX coaching team at Suth Performance.,Article + BreadcrumbList (+HowTo where stepped),planned,
H374,hyrox,Race Cities & Events,4,"HYROX Australia: races, venues and what to know",hyrox-australia-races-venues-and-what-to-know,hyrox australia,110,30,Navigational,semrush,Evidenced country/venue term (KD 12-39); travelling-athlete guide feeding the race hub,guide,1500,Race-specific 12-week plan,Free HYROX plan maker,/hyrox/events,ai-generate,"Australia landmark with training scene, editorial travel style","photo + title band, brand dark/chartreuse, 1200x630","HYROX Australia: races, venues and what to know | Suth Performance",Evidenced country/venue term (KD 12-39). From the Elite 15 HYROX coaching team at Suth Performance.,Article + BreadcrumbList (+HowTo where stepped),planned,
H375,hyrox,Race Cities & Events,3,"HYROX events explained: majors, opens and world championships",hyrox-events-explained-majors-opens-and-world-championships,hyrox events,6600,41,Informational,semrush,"6,600/KD41; the event-type taxonomy nobody explains clearly",guide,1500,Race-specific 12-week plan,Free HYROX plan maker,/hyrox/events,data-graphic,event tier pyramid diagram,"headline stat rendered as branded card, 1200x630","HYROX events explained: majors, opens and world championships | Suth Performance","6,600/KD41. From the Elite 15 HYROX coaching team at Suth Performance.",Article + BreadcrumbList (+HowTo where stepped),planned,
H376,hyrox,Race Cities & Events,3,Where is HYROX held? Every venue type and what to expect,where-is-hyrox-held-every-venue-type-and-what-to-expect,hyrox locations,140,29,Informational,semrush,"Venue-conditions content: arena floors, air quality, crowd noise",guide,1500,Race-specific 12-week plan,Free HYROX plan maker,/hyrox/events,ai-generate,"cavernous arena interior pre-race setup, wide","photo + title band, brand dark/chartreuse, 1200x630",Where is HYROX held? Every venue type and what to expect | Suth Performance,"Venue-conditions content: arena floors, air quality, crowd noise. From the Elite 15 HYROX coaching team at Suth Performance.",Article + BreadcrumbList (+HowTo where stepped),planned,
H377,hyrox,Race Cities & Events,4,HYROX live streams and results tracking: follow the race,hyrox-live-streams-and-results-tracking-follow-the-race,hyrox glasgow live stream,110,16,Informational,semrush,KD16 long-tail; spectator utility; results-page crosslink,guide,1500,Race-specific 12-week plan,Free HYROX plan maker,/hyrox/events,ai-generate,"laptop showing live timing with phone alongside, home","photo + title band, brand dark/chartreuse, 1200x630",HYROX live streams and results tracking: follow the race | Suth Performance,KD16 long-tail. From the Elite 15 HYROX coaching team at Suth Performance.,Article + BreadcrumbList (+HowTo where stepped),planned,
H378,hyrox,Race Cities & Events,4,How HYROX race numbers and waves are assigned,how-hyrox-race-numbers-and-waves-are-assigned,hyrox wave allocation,,,Informational,longtail-unevidenced,Practical logistics query; entry-process crosslink,guide,1500,Race-specific 12-week plan,Free HYROX plan maker,/hyrox/events,ai-generate,"race bib and wristband on kit bag, morning","photo + title band, brand dark/chartreuse, 1200x630",How HYROX race numbers and waves are assigned | Suth Performance,Practical logistics query. From the Elite 15 HYROX coaching team at Suth Performance.,Article + BreadcrumbList (+HowTo where stepped),planned,
H379,hyrox,Gyms & Community,1,HYROX training near me: how to find a gym that's actually equipped,hyrox-training-near-me-how-to-find-a-gym-thats-actually-equipped,hyrox training near me,880,6,Transactional,semrush,880/KD6 — the single best keyword in the database; equipment-checklist approach + online alternative,pillar,2500,Free HYROX plan maker (branded PDF),Take the fitness assessment quiz,/hyrox-coach,ai-generate,"athlete assessing gym equipment, sled visible, decision moment","photo + title band, brand dark/chartreuse, 1200x630",HYROX training near me: how to find a gym that's actually equipped | Suth Performance,880/KD6 — the single best keyword in the database. From the Elite 15 HYROX coaching team at Suth Performance.,Article + FAQPage + BreadcrumbList,check-overlap,
H380,hyrox,Gyms & Community,2,HYROX affiliate gyms explained: what the badge means,hyrox-affiliate-gyms-explained-what-the-badge-means,hyrox affiliated gym,,,Informational,longtail-unevidenced,Directory-adjacent; explains the ecosystem honestly (no affiliation claimed),guide,1500,Free HYROX plan maker (branded PDF),Take the fitness assessment quiz,/hyrox-coach,ai-generate,"functional gym interior with sled track taped, wide","photo + title band, brand dark/chartreuse, 1200x630",HYROX affiliate gyms explained: what the badge means | Suth Performance,Directory-adjacent. From the Elite 15 HYROX coaching team at Suth Performance.,Article + BreadcrumbList (+HowTo where stepped),planned,
H381,hyrox,Gyms & Community,2,"Training for HYROX at PureGym, The Gym Group and budget gyms",training-for-hyrox-at-puregym-the-gym-group-and-budget-gyms,hyrox budget gym,,,Informational,longtail-unevidenced,The reality for most UK athletes; substitution matrix; huge practical value,guide,1500,Free HYROX plan maker (branded PDF),Take the fitness assessment quiz,/hyrox-coach,ai-generate,"budget gym floor with improvised setup, honest","photo + title band, brand dark/chartreuse, 1200x630","Training for HYROX at PureGym, The Gym Group and budget gyms | Suth Performance",The reality for most UK athletes. From the Elite 15 HYROX coaching team at Suth Performance.,Article + BreadcrumbList (+HowTo where stepped),planned,
H382,hyrox,Gyms & Community,2,How to choose a HYROX coach: 8 questions to ask,how-to-choose-a-hyrox-coach-8-questions-to-ask,hyrox coach,,,Informational,longtail-unevidenced,Coach-selection framework; our credentials answer it; coaching CTA,guide,1500,Free HYROX plan maker (branded PDF),Take the fitness assessment quiz,/hyrox-coach,own-photo,ben/ben-coaching-placeholder.jpg,"photo + title band, brand dark/chartreuse, 1200x630",How to choose a HYROX coach: 8 questions to ask | Suth Performance,Coach-selection framework. From the Elite 15 HYROX coaching team at Suth Performance.,Article + BreadcrumbList (+HowTo where stepped),planned,
H383,hyrox,Gyms & Community,3,Do you need a HYROX coach? An honest assessment,do-you-need-a-hyrox-coach-an-honest-assessment,do i need a hyrox coach,,,Informational,longtail-unevidenced,Objection-handler; honest 'no' cases build trust,guide,1500,Free HYROX plan maker (branded PDF),Take the fitness assessment quiz,/hyrox-coach,own-photo,v2/adapt-coaching.jpg,"photo + title band, brand dark/chartreuse, 1200x630",Do you need a HYROX coach? An honest assessment | Suth Performance,Objection-handler. From the Elite 15 HYROX coaching team at Suth Performance.,Article + BreadcrumbList (+HowTo where stepped),planned,
H384,hyrox,Gyms & Community,3,Finding training partners for HYROX,finding-training-partners-for-hyrox,hyrox training partner,,,Informational,longtail-unevidenced,Community-building content; doubles crosslink,guide,1500,Free HYROX plan maker (branded PDF),Take the fitness assessment quiz,/hyrox-coach,own-photo,track/pair-close-frontal-colour.jpg,"photo + title band, brand dark/chartreuse, 1200x630",Finding training partners for HYROX | Suth Performance,Community-building content. From the Elite 15 HYROX coaching team at Suth Performance.,Article + BreadcrumbList (+HowTo where stepped),planned,
H385,hyrox,Gyms & Community,3,HYROX gyms in the UK: what the map actually looks like,hyrox-gyms-in-the-uk-what-the-map-actually-looks-like,hyrox gyms uk,,,Informational,longtail-unevidenced,Directory-adjacent editorial; supports location pages,guide,1500,Free HYROX plan maker (branded PDF),Take the fitness assessment quiz,/hyrox-coach,data-graphic,UK equipped-gym density map,"headline stat rendered as branded card, 1200x630",HYROX gyms in the UK: what the map actually looks like | Suth Performance,Directory-adjacent editorial. From the Elite 15 HYROX coaching team at Suth Performance.,Article + BreadcrumbList (+HowTo where stepped),planned,
H386,hyrox,Gyms & Community,4,"The HYROX community: clubs, groups and where to find your people",hyrox-community-clubs-groups-and-where-to-find-your-people,hyrox community,,,Informational,longtail-unevidenced,Culture content; goodwill and links; low competition,guide,1500,Free HYROX plan maker (branded PDF),Take the fitness assessment quiz,/hyrox-coach,ai-generate,"post-race group photo energy, arms around shoulders","photo + title band, brand dark/chartreuse, 1200x630","The HYROX community: clubs, groups and where to find your people | Suth Performance",Culture content. From the Elite 15 HYROX coaching team at Suth Performance.,Article + BreadcrumbList (+HowTo where stepped),planned,
H387,hyrox,Gyms & Community,4,HYROX on social: the accounts worth following,hyrox-on-social-the-accounts-worth-following,hyrox youtube,170,30,Navigational,semrush,KD30 navigational catch; curation content; entity-building,guide,1500,Free HYROX plan maker (branded PDF),Take the fitness assessment quiz,/hyrox-coach,ai-generate,"phone showing training feed, gym bench setting","photo + title band, brand dark/chartreuse, 1200x630",HYROX on social: the accounts worth following | Suth Performance,KD30 navigational catch. From the Elite 15 HYROX coaching team at Suth Performance.,Article + BreadcrumbList (+HowTo where stepped),planned,
H388,hyrox,Programming,3,Periodisation for HYROX: structuring a full season,periodisation-for-hyrox-structuring-a-full-season,hyrox periodisation,,,Informational,longtail-unevidenced,advanced programming; coaching-tier CTA,guide,1500,Free HYROX plan maker (branded PDF),Take the fitness assessment quiz,/plans,data-graphic,annual periodisation plan,"headline stat rendered as branded card, 1200x630",Periodisation for HYROX: structuring a full season | Suth Performance,advanced programming. From the Elite 15 HYROX coaching team at Suth Performance.,Article + BreadcrumbList (+HowTo where stepped),planned,
H389,hyrox,Programming,3,How to programme your own HYROX training,how-to-programme-your-own-hyrox-training,how to program hyrox training,,,Informational,longtail-unevidenced,transparency content; sells coaching by showing the craft,guide,1500,Free HYROX plan maker (branded PDF),Take the fitness assessment quiz,/plans,ai-generate,"coach's notebook with session structure, desk","photo + title band, brand dark/chartreuse, 1200x630",How to programme your own HYROX training | Suth Performance,transparency content. From the Elite 15 HYROX coaching team at Suth Performance.,Article + BreadcrumbList (+HowTo where stepped),planned,
H390,hyrox,Programming,3,Training volume for HYROX: how much is enough?,training-volume-for-hyrox-how-much-is-enough,hyrox training volume,,,Informational,longtail-unevidenced,volume-landmarks; overtraining honesty,guide,1500,Free HYROX plan maker (branded PDF),Take the fitness assessment quiz,/plans,data-graphic,weekly volume by experience level,"headline stat rendered as branded card, 1200x630",Training volume for HYROX: how much is enough? | Suth Performance,volume-landmarks. From the Elite 15 HYROX coaching team at Suth Performance.,Article + BreadcrumbList (+HowTo where stepped),planned,
H391,hyrox,Programming,3,Intensity distribution: the 80/20 rule applied to HYROX,intensity-distribution-the-8020-rule-applied-to-hyrox,80 20 training,,,Informational,longtail-unevidenced,polarised-training evidence applied to hybrid,guide,1500,Free HYROX plan maker (branded PDF),Take the fitness assessment quiz,/plans,data-graphic,intensity distribution pie,"headline stat rendered as branded card, 1200x630",Intensity distribution: the 80/20 rule applied to HYROX | Suth Performance,polarised-training evidence applied to hybrid. From the Elite 15 HYROX coaching team at Suth Performance.,Article + BreadcrumbList (+HowTo where stepped),planned,
H392,hyrox,Programming,3,Testing days: benchmark sessions to track real progress,testing-days-benchmark-sessions-to-track-real-progress,hyrox benchmark workout,,,Informational,longtail-unevidenced,repeatable test protocols; logging synergy,guide,1500,Free HYROX plan maker (branded PDF),Take the fitness assessment quiz,/plans,own-photo,v2/metrics-fresh.jpg,"photo + title band, brand dark/chartreuse, 1200x630",Testing days: benchmark sessions to track real progress | Suth Performance,repeatable test protocols. From the Elite 15 HYROX coaching team at Suth Performance.,Article + BreadcrumbList (+HowTo where stepped),planned,
H393,hyrox,Programming,3,Building a training week around one long session,building-a-training-week-around-one-long-session,long workout weekly,,,Informational,longtail-unevidenced,time-poor programming; weekend-warrior reality,guide,1500,Free HYROX plan maker (branded PDF),Take the fitness assessment quiz,/plans,data-graphic,week structure around one key session,"headline stat rendered as branded card, 1200x630",Building a training week around one long session | Suth Performance,time-poor programming. From the Elite 15 HYROX coaching team at Suth Performance.,Article + BreadcrumbList (+HowTo where stepped),planned,
H394,hyrox,Programming,3,When to switch from base building to race prep,when-to-switch-from-base-building-to-race-prep,base training to race prep,,,Informational,longtail-unevidenced,transition-timing decision; periodisation crosslink,guide,1500,Free HYROX plan maker (branded PDF),Take the fitness assessment quiz,/plans,data-graphic,phase transition timing markers,"headline stat rendered as branded card, 1200x630",When to switch from base building to race prep | Suth Performance,transition-timing decision. From the Elite 15 HYROX coaching team at Suth Performance.,Article + BreadcrumbList (+HowTo where stepped),planned,
H395,hyrox,Programming,3,Overtraining in hybrid athletes: the warning signs,overtraining-in-hybrid-athletes-the-warning-signs,overtraining symptoms,,,Informational,longtail-unevidenced,health-first content; recovery crosslink,guide,1500,Free HYROX plan maker (branded PDF),Take the fitness assessment quiz,/plans,ai-generate,"fatigued athlete sitting on bench, honest","photo + title band, brand dark/chartreuse, 1200x630",Overtraining in hybrid athletes: the warning signs | Suth Performance,health-first content. From the Elite 15 HYROX coaching team at Suth Performance.,Article + BreadcrumbList (+HowTo where stepped),planned,
H396,hyrox,Programming,3,Autoregulation: training by feel without going soft,autoregulation-training-by-feel-without-going-soft,autoregulation training,,,Informational,longtail-unevidenced,RPE-based programming education,guide,1500,Free HYROX plan maker (branded PDF),Take the fitness assessment quiz,/plans,data-graphic,RPE adjustment decision guide,"headline stat rendered as branded card, 1200x630",Autoregulation: training by feel without going soft | Suth Performance,RPE-based programming education. From the Elite 15 HYROX coaching team at Suth Performance.,Article + BreadcrumbList (+HowTo where stepped),planned,
H397,hyrox,Programming,3,How to fit HYROX training around a marathon block,how-to-fit-hyrox-training-around-a-marathon-block,hyrox and marathon training,,,Informational,longtail-unevidenced,dual-goal programming; runner audience,guide,1500,Free HYROX plan maker (branded PDF),Take the fitness assessment quiz,/plans,data-graphic,combined block structure,"headline stat rendered as branded card, 1200x630",How to fit HYROX training around a marathon block | Suth Performance,dual-goal programming. From the Elite 15 HYROX coaching team at Suth Performance.,Article + BreadcrumbList (+HowTo where stepped),planned,
H398,hyrox,Race Execution,3,The first 1km: why everyone goes out too fast,first-1km-why-everyone-goes-out-too-fast,hyrox first km,,,Informational,longtail-unevidenced,existing first-5km post sibling; pacing discipline,guide,1500,Free HYROX plan maker (branded PDF),Take the fitness assessment quiz,/hyrox/guide,own-photo,track/pair-frontal-colour.jpg,"photo + title band, brand dark/chartreuse, 1200x630",The first 1km: why everyone goes out too fast | Suth Performance,existing first-5km post sibling. From the Elite 15 HYROX coaching team at Suth Performance.,Article + BreadcrumbList (+HowTo where stepped),planned,
H399,hyrox,Race Execution,3,Reading the course map before race day,reading-the-course-map-before-race-day,hyrox course map,,,Informational,longtail-unevidenced,preparation micro-skill; venue-specific advantage,guide,1500,Free HYROX plan maker (branded PDF),Take the fitness assessment quiz,/hyrox/guide,data-graphic,annotated course map example,"headline stat rendered as branded card, 1200x630",Reading the course map before race day | Suth Performance,preparation micro-skill. From the Elite 15 HYROX coaching team at Suth Performance.,Article + BreadcrumbList (+HowTo where stepped),planned,
H400,hyrox,Race Execution,3,Fuelling during the race: is there time?,fuelling-during-the-race-is-there-time,hyrox fuelling during race,,,Informational,longtail-unevidenced,in-race nutrition reality; practical honesty,guide,1500,Free HYROX plan maker (branded PDF),Take the fitness assessment quiz,/hyrox/guide,ai-generate,"gel tucked in waistband, race kit detail","photo + title band, brand dark/chartreuse, 1200x630",Fuelling during the race: is there time? | Suth Performance,in-race nutrition reality. From the Elite 15 HYROX coaching team at Suth Performance.,Article + BreadcrumbList (+HowTo where stepped),planned,
H401,hyrox,Race Execution,3,The final 1km: how to finish without falling apart,final-1km-how-to-finish-without-falling-apart,hyrox final km,,,Informational,longtail-unevidenced,closing-strength strategy; mental crosslink,guide,1500,Free HYROX plan maker (branded PDF),Take the fitness assessment quiz,/hyrox/guide,ai-generate,athlete on final run visibly digging in,"photo + title band, brand dark/chartreuse, 1200x630",The final 1km: how to finish without falling apart | Suth Performance,closing-strength strategy. From the Elite 15 HYROX coaching team at Suth Performance.,Article + BreadcrumbList (+HowTo where stepped),planned,
H402,hyrox,Race Execution,3,Wall balls at the end: surviving the last station,wall-balls-at-the-end-surviving-the-last-station,hyrox wall balls strategy,,,Informational,longtail-unevidenced,the station everyone fears; break-up strategies,guide,1500,Free HYROX plan maker (branded PDF),Take the fitness assessment quiz,/hyrox/guide,own-photo,guides/station-wall-balls.jpg,"photo + title band, brand dark/chartreuse, 1200x630",Wall balls at the end: surviving the last station | Suth Performance,the station everyone fears. From the Elite 15 HYROX coaching team at Suth Performance.,Article + BreadcrumbList (+HowTo where stepped),planned,
H403,hyrox,Race Execution,3,Sled push strategy: when to push through and when to reset,sled-push-strategy-when-to-push-through-and-when-to-reset,hyrox sled push strategy,,,Informational,longtail-unevidenced,in-station decision-making; high-value micro-skill,guide,1500,Free HYROX plan maker (branded PDF),Take the fitness assessment quiz,/hyrox/guide,own-photo,guides/station-sled-push.jpg,"photo + title band, brand dark/chartreuse, 1200x630",Sled push strategy: when to push through and when to reset | Suth Performance,in-station decision-making. From the Elite 15 HYROX coaching team at Suth Performance.,Article + BreadcrumbList (+HowTo where stepped),planned,
H404,hyrox,Race Execution,3,Managing a bad race in real time,managing-a-bad-race-in-real-time,bad hyrox race,,,Informational,longtail-unevidenced,resilience content; race-craft; honest,guide,1500,Free HYROX plan maker (branded PDF),Take the fitness assessment quiz,/hyrox/guide,ai-generate,"athlete regrouping mid-race, hands on knees","photo + title band, brand dark/chartreuse, 1200x630",Managing a bad race in real time | Suth Performance,resilience content. From the Elite 15 HYROX coaching team at Suth Performance.,Article + BreadcrumbList (+HowTo where stepped),planned,
H405,hyrox,Race Execution,3,Warm-up on race day: timing it to your wave,warm-up-on-race-day-timing-it-to-your-wave,hyrox race day warm up,,,Informational,longtail-unevidenced,existing warm-up post refresh; wave-timed protocol,guide,1500,Free HYROX plan maker (branded PDF),Take the fitness assessment quiz,/hyrox/guide,own-photo,v2/quiz-interstitial-3.jpg,"photo + title band, brand dark/chartreuse, 1200x630",Warm-up on race day: timing it to your wave | Suth Performance,existing warm-up post refresh. From the Elite 15 HYROX coaching team at Suth Performance.,Article + BreadcrumbList (+HowTo where stepped),planned,
H406,hyrox,Race Execution,3,"Racing in a hot, crowded arena: the conditions playbook",racing-in-a-hot-crowded-arena-the-conditions-playbook,hyrox arena conditions,,,Informational,longtail-unevidenced,environment-specific prep; underserved,guide,1500,Free HYROX plan maker (branded PDF),Take the fitness assessment quiz,/hyrox/guide,ai-generate,"crowded warm-up area, heat and energy","photo + title band, brand dark/chartreuse, 1200x630","Racing in a hot, crowded arena: the conditions playbook | Suth Performance",environment-specific prep. From the Elite 15 HYROX coaching team at Suth Performance.,Article + BreadcrumbList (+HowTo where stepped),planned,
H407,hyrox,Race Execution,3,What to do in the 10 minutes before your wave,what-to-do-in-the-10-minutes-before-your-wave,before hyrox start,,,Informational,longtail-unevidenced,micro-timeline; nerves crosslink,guide,1500,Free HYROX plan maker (branded PDF),Take the fitness assessment quiz,/hyrox/guide,ai-generate,"athletes in holding pen pre-start, focus","photo + title band, brand dark/chartreuse, 1200x630",What to do in the 10 minutes before your wave | Suth Performance,micro-timeline. From the Elite 15 HYROX coaching team at Suth Performance.,Article + BreadcrumbList (+HowTo where stepped),planned,
H408,hyrox,Venue Intelligence,1,"HYROX floor surfaces: how carpet, rubber and concrete change your sled",hyrox-floor-surfaces-how-carpet-rubber-and-concrete-change-your-sled,hyrox sled floor surface,,,Informational,longtail-unevidenced,GAP: only a flooring supplier ranks for this. Every rival writes event listings; nobody writes what a competitor actually needs,pillar,2500,Free HYROX plan maker (branded PDF),Take the fitness assessment quiz,/hyrox/events,ai-generate,"sled runner on different floor surfaces, close detail","photo + title band, brand dark/chartreuse, 1200x630","HYROX floor surfaces: how carpet, rubber and concrete change your sled | Suth Performance",GAP: only a flooring supplier ranks for this. Every rival writes event listings. From the Elite 15 HYROX coaching team at Suth Performance.,Article + FAQPage + BreadcrumbList,planned,
H409,hyrox,Venue Intelligence,1,Why indoor arenas are hotter than you expect (and how to race in one),why-indoor-arenas-are-hotter-than-you-expect-and-how-to-race-in-one,hyrox arena heat,,,Informational,longtail-unevidenced,GAP: 'indoor means cool' is a costly assumption; zero competitor coverage of venue heat management,guide,1500,Free HYROX plan maker (branded PDF),Take the fitness assessment quiz,/hyrox/events,ai-generate,"humid arena interior, condensation and effort, wide","photo + title band, brand dark/chartreuse, 1200x630",Why indoor arenas are hotter than you expect (and how to race in one) | Suth Performance,GAP: 'indoor means cool' is a costly assumption. From the Elite 15 HYROX coaching team at Suth Performance.,Article + BreadcrumbList (+HowTo where stepped),planned,
H410,hyrox,Venue Intelligence,2,"Course length variance: why your watch says 1.08km, not 1km",course-length-variance-why-your-watch-says-108km-not-1km,hyrox course length,,,Informational,longtail-unevidenced,"GAP: widely discussed in forums, written up by nobody; recalculates every pacing plan",guide,1500,Free HYROX plan maker (branded PDF),Take the fitness assessment quiz,/hyrox/events,data-graphic,measured lap distance variance vs pacing impact,"headline stat rendered as branded card, 1200x630","Course length variance: why your watch says 1.08km, not 1km | Suth Performance","GAP: widely discussed in forums, written up by nobody. From the Elite 15 HYROX coaching team at Suth Performance.",Article + BreadcrumbList (+HowTo where stepped),planned,
H411,hyrox,Venue Intelligence,2,Early wave or late wave? How race-day timing changes your race,early-wave-or-late-wave-how-race-day-timing-changes-your-race,hyrox wave strategy,,,Informational,longtail-unevidenced,"GAP: sled degradation, floor wear, crowding and heat all shift across a race day. Unclaimed",guide,1500,Free HYROX plan maker (branded PDF),Take the fitness assessment quiz,/hyrox/events,ai-generate,"arena early morning vs busy afternoon, split","photo + title band, brand dark/chartreuse, 1200x630",Early wave or late wave? How race-day timing changes your race | Suth Performance,"GAP: sled degradation, floor wear, crowding and heat all shift across a race day. Unclaimed. From the Elite 15 HYROX coaching team at Suth Performance.",Article + BreadcrumbList (+HowTo where stepped),planned,
H412,hyrox,Venue Intelligence,2,Reading the RoxZone: venue geometry and the fastest route through,reading-the-roxzone-venue-geometry-and-the-fastest-route-through,roxzone layout,,,Informational,longtail-unevidenced,GAP: everyone writes 'be efficient'; nobody maps the actual transition geometry,guide,1500,Free HYROX plan maker (branded PDF),Take the fitness assessment quiz,/hyrox/events,data-graphic,roxzone route diagram with distance annotations,"headline stat rendered as branded card, 1200x630",Reading the RoxZone: venue geometry and the fastest route through | Suth Performance,GAP: everyone writes 'be efficient'. From the Elite 15 HYROX coaching team at Suth Performance.,Article + BreadcrumbList (+HowTo where stepped),planned,
H413,hyrox,Venue Intelligence,2,ExCeL London: the coach's venue guide,excel-london-the-coachs-venue-guide,hyrox excel london,,,Informational,longtail-unevidenced,"GAP: UK venue deep-dives at coaching depth (floor, air, roxzone, warm-up space, logistics) — rivals do dates and hotels only",guide,1500,Free HYROX plan maker (branded PDF),Take the fitness assessment quiz,/hyrox/events,ai-generate,"ExCeL London interior architecture with race setup, documentary","photo + title band, brand dark/chartreuse, 1200x630",ExCeL London: the coach's venue guide | Suth Performance,"GAP: UK venue deep-dives at coaching depth (floor, air, roxzone, warm-up space, logistics) — rivals do dates and hotels only. From the Elite 15 HYROX coaching",Article + BreadcrumbList (+HowTo where stepped),planned,
H414,hyrox,Venue Intelligence,2,Olympia London: the coach's venue guide,olympia-london-the-coachs-venue-guide,hyrox olympia venue,,,Informational,longtail-unevidenced,"GAP: UK venue deep-dives at coaching depth (floor, air, roxzone, warm-up space, logistics) — rivals do dates and hotels only",guide,1500,Free HYROX plan maker (branded PDF),Take the fitness assessment quiz,/hyrox/events,ai-generate,"Olympia London interior architecture with race setup, documentary","photo + title band, brand dark/chartreuse, 1200x630",Olympia London: the coach's venue guide | Suth Performance,"GAP: UK venue deep-dives at coaching depth (floor, air, roxzone, warm-up space, logistics) — rivals do dates and hotels only. From the Elite 15 HYROX coaching",Article + BreadcrumbList (+HowTo where stepped),planned,
H415,hyrox,Venue Intelligence,2,Manchester Central: the coach's venue guide,manchester-central-the-coachs-venue-guide,hyrox manchester central,,,Informational,longtail-unevidenced,"GAP: UK venue deep-dives at coaching depth (floor, air, roxzone, warm-up space, logistics) — rivals do dates and hotels only",guide,1500,Free HYROX plan maker (branded PDF),Take the fitness assessment quiz,/hyrox/events,ai-generate,"Manchester Central interior architecture with race setup, documentary","photo + title band, brand dark/chartreuse, 1200x630",Manchester Central: the coach's venue guide | Suth Performance,"GAP: UK venue deep-dives at coaching depth (floor, air, roxzone, warm-up space, logistics) — rivals do dates and hotels only. From the Elite 15 HYROX coaching",Article + BreadcrumbList (+HowTo where stepped),planned,
H416,hyrox,Venue Intelligence,2,OVO Hydro Glasgow: the coach's venue guide,ovo-hydro-glasgow-the-coachs-venue-guide,hyrox ovo hydro,,,Informational,longtail-unevidenced,"GAP: UK venue deep-dives at coaching depth (floor, air, roxzone, warm-up space, logistics) — rivals do dates and hotels only",guide,1500,Free HYROX plan maker (branded PDF),Take the fitness assessment quiz,/hyrox/events,ai-generate,"OVO Hydro Glasgow interior architecture with race setup, documentary","photo + title band, brand dark/chartreuse, 1200x630",OVO Hydro Glasgow: the coach's venue guide | Suth Performance,"GAP: UK venue deep-dives at coaching depth (floor, air, roxzone, warm-up space, logistics) — rivals do dates and hotels only. From the Elite 15 HYROX coaching",Article + BreadcrumbList (+HowTo where stepped),planned,
H417,hyrox,Venue Intelligence,2,NEC Birmingham: the coach's venue guide,nec-birmingham-the-coachs-venue-guide,hyrox nec birmingham,,,Informational,longtail-unevidenced,"GAP: UK venue deep-dives at coaching depth (floor, air, roxzone, warm-up space, logistics) — rivals do dates and hotels only",guide,1500,Free HYROX plan maker (branded PDF),Take the fitness assessment quiz,/hyrox/events,ai-generate,"NEC Birmingham interior architecture with race setup, documentary","photo + title band, brand dark/chartreuse, 1200x630",NEC Birmingham: the coach's venue guide | Suth Performance,"GAP: UK venue deep-dives at coaching depth (floor, air, roxzone, warm-up space, logistics) — rivals do dates and hotels only. From the Elite 15 HYROX coaching",Article + BreadcrumbList (+HowTo where stepped),planned,
H418,hyrox,Wearables & Tech,2,Garmin for HYROX: the exact race-day setup,garmin-for-hyrox-the-exact-race-day-setup,garmin hyrox setup,,,Informational,longtail-unevidenced,GAP: near-empty vertical; screenshot-led setup guides rank fast and get bookmarked,guide,1500,Free HYROX plan maker (branded PDF),Take the fitness assessment quiz,/hyrox/gear,ai-generate,"Garmin on wrist showing race screen, gym context","photo + title band, brand dark/chartreuse, 1200x630",Garmin for HYROX: the exact race-day setup | Suth Performance,GAP: near-empty vertical. From the Elite 15 HYROX coaching team at Suth Performance.,Article + BreadcrumbList (+HowTo where stepped),planned,
H419,hyrox,Wearables & Tech,2,Apple Watch for HYROX: the exact race-day setup,apple-watch-for-hyrox-the-exact-race-day-setup,apple watch hyrox,,,Informational,longtail-unevidenced,GAP: near-empty vertical; screenshot-led setup guides rank fast and get bookmarked,guide,1500,Free HYROX plan maker (branded PDF),Take the fitness assessment quiz,/hyrox/gear,ai-generate,"Apple Watch on wrist showing race screen, gym context","photo + title band, brand dark/chartreuse, 1200x630",Apple Watch for HYROX: the exact race-day setup | Suth Performance,GAP: near-empty vertical. From the Elite 15 HYROX coaching team at Suth Performance.,Article + BreadcrumbList (+HowTo where stepped),planned,
H420,hyrox,Wearables & Tech,2,Coros for HYROX: the exact race-day setup,coros-for-hyrox-the-exact-race-day-setup,coros hyrox,,,Informational,longtail-unevidenced,GAP: near-empty vertical; screenshot-led setup guides rank fast and get bookmarked,guide,1500,Free HYROX plan maker (branded PDF),Take the fitness assessment quiz,/hyrox/gear,ai-generate,"Coros on wrist showing race screen, gym context","photo + title band, brand dark/chartreuse, 1200x630",Coros for HYROX: the exact race-day setup | Suth Performance,GAP: near-empty vertical. From the Elite 15 HYROX coaching team at Suth Performance.,Article + BreadcrumbList (+HowTo where stepped),planned,
H421,hyrox,Wearables & Tech,2,Polar for HYROX: the exact race-day setup,polar-for-hyrox-the-exact-race-day-setup,polar hyrox,,,Informational,longtail-unevidenced,GAP: near-empty vertical; screenshot-led setup guides rank fast and get bookmarked,guide,1500,Free HYROX plan maker (branded PDF),Take the fitness assessment quiz,/hyrox/gear,ai-generate,"Polar on wrist showing race screen, gym context","photo + title band, brand dark/chartreuse, 1200x630",Polar for HYROX: the exact race-day setup | Suth Performance,GAP: near-empty vertical. From the Elite 15 HYROX coaching team at Suth Performance.,Article + BreadcrumbList (+HowTo where stepped),planned,
H422,hyrox,Wearables & Tech,2,Whoop for HYROX: the exact race-day setup,whoop-for-hyrox-the-exact-race-day-setup,whoop hyrox,,,Informational,longtail-unevidenced,GAP: near-empty vertical; screenshot-led setup guides rank fast and get bookmarked,guide,1500,Free HYROX plan maker (branded PDF),Take the fitness assessment quiz,/hyrox/gear,ai-generate,"Whoop on wrist showing race screen, gym context","photo + title band, brand dark/chartreuse, 1200x630",Whoop for HYROX: the exact race-day setup | Suth Performance,GAP: near-empty vertical. From the Elite 15 HYROX coaching team at Suth Performance.,Article + BreadcrumbList (+HowTo where stepped),planned,
H423,hyrox,Wearables & Tech,2,What your heart rate actually does during a HYROX,what-your-heart-rate-actually-does-during-a-hyrox,hyrox heart rate,,,Informational,longtail-unevidenced,GAP: nobody has published real in-race HR traces. Ben's own race data makes this unmatchable,guide,1500,Free HYROX plan maker (branded PDF),Take the fitness assessment quiz,/hyrox/gear,data-graphic,annotated in-race heart rate trace by station,"headline stat rendered as branded card, 1200x630",What your heart rate actually does during a HYROX | Suth Performance,GAP: nobody has published real in-race HR traces. Ben's own race data makes this unmatchable. From the Elite 15 HYROX coaching team at Suth Performance.,Article + BreadcrumbList (+HowTo where stepped),planned,
H424,hyrox,Wearables & Tech,3,Reading your HYROX race data: what the numbers tell you to fix,reading-your-hyrox-race-data-what-the-numbers-tell-you-to-fix,hyrox race data analysis,,,Informational,longtail-unevidenced,GAP: aggregate-average content everywhere; per-athlete diagnostic framework nowhere,guide,1500,Free HYROX plan maker (branded PDF),Take the fitness assessment quiz,/hyrox/gear,data-graphic,split analysis diagnostic worksheet,"headline stat rendered as branded card, 1200x630",Reading your HYROX race data: what the numbers tell you to fix | Suth Performance,GAP: aggregate-average content everywhere. From the Elite 15 HYROX coaching team at Suth Performance.,Article + BreadcrumbList (+HowTo where stepped),planned,
H425,hyrox,Wearables & Tech,3,Do you need a fitness watch for HYROX?,do-you-need-a-fitness-watch-for-hyrox,hyrox watch,,,Informational,longtail-unevidenced,Buying-decision post; honest 'no' case included,guide,1500,Free HYROX plan maker (branded PDF),Take the fitness assessment quiz,/hyrox/gear,ai-generate,"bare wrist vs watch, decision framing","photo + title band, brand dark/chartreuse, 1200x630",Do you need a fitness watch for HYROX? | Suth Performance,Buying-decision post. From the Elite 15 HYROX coaching team at Suth Performance.,Article + BreadcrumbList (+HowTo where stepped),planned,
H426,hyrox,Injury & Return,1,Returning to HYROX after injury: the staged comeback,returning-to-hyrox-after-injury-the-staged-comeback,return to training after injury,,,Informational,longtail-unevidenced,GAP: physio clinics own HYROX injury search with zero HYROX-specific programming; no rival competes,pillar,2500,Free HYROX plan maker (branded PDF),Take the fitness assessment quiz,/recovery,ai-generate,"athlete carefully resuming sled work, coach supervising","photo + title band, brand dark/chartreuse, 1200x630",Returning to HYROX after injury: the staged comeback | Suth Performance,GAP: physio clinics own HYROX injury search with zero HYROX-specific programming. From the Elite 15 HYROX coaching team at Suth Performance.,Article + FAQPage + BreadcrumbList,planned,
H427,hyrox,Injury & Return,2,Training around a knee injury for HYROX,training-around-a-knee-injury-for-hyrox,hyrox knee injury,,,Informational,longtail-unevidenced,"GAP: station-by-station modification matrix; genuinely useful, entirely unwritten",guide,1500,Free HYROX plan maker (branded PDF),Take the fitness assessment quiz,/recovery,data-graphic,station modification matrix for knee injury,"headline stat rendered as branded card, 1200x630",Training around a knee injury for HYROX | Suth Performance,GAP: station-by-station modification matrix. From the Elite 15 HYROX coaching team at Suth Performance.,Article + BreadcrumbList (+HowTo where stepped),planned,
H428,hyrox,Injury & Return,2,Training around a lower back injury for HYROX,training-around-a-lower-back-injury-for-hyrox,hyrox back injury,,,Informational,longtail-unevidenced,GAP: sandbag/sled/lunges are the risk stations; modification guidance is absent,guide,1500,Free HYROX plan maker (branded PDF),Take the fitness assessment quiz,/recovery,ai-generate,"athlete doing supported hinge work, careful technique","photo + title band, brand dark/chartreuse, 1200x630",Training around a lower back injury for HYROX | Suth Performance,GAP: sandbag/sled/lunges are the risk stations. From the Elite 15 HYROX coaching team at Suth Performance.,Article + BreadcrumbList (+HowTo where stepped),planned,
H429,hyrox,Injury & Return,2,Shoulder injuries and the erg stations,shoulder-injuries-and-the-erg-stations,hyrox shoulder injury,,,Informational,longtail-unevidenced,GAP: ski erg/wall ball modification; clinic content lacks race context,guide,1500,Free HYROX plan maker (branded PDF),Take the fitness assessment quiz,/recovery,ai-generate,shoulder rehab band work beside ski erg,"photo + title band, brand dark/chartreuse, 1200x630",Shoulder injuries and the erg stations | Suth Performance,GAP: ski erg/wall ball modification. From the Elite 15 HYROX coaching team at Suth Performance.,Article + BreadcrumbList (+HowTo where stepped),planned,
H430,hyrox,Injury & Return,3,The physio handover: from discharge back to race training,physio-handover-from-discharge-back-to-race-training,physio to training,,,Informational,longtail-unevidenced,GAP: the discharge-to-training gap is uncovered on both sides; needs physio review,guide,1500,Free HYROX plan maker (branded PDF),Take the fitness assessment quiz,/recovery,ai-generate,"clinic to gym transition, rehab notes on bench","photo + title band, brand dark/chartreuse, 1200x630",The physio handover: from discharge back to race training | Suth Performance,GAP: the discharge-to-training gap is uncovered on both sides. From the Elite 15 HYROX coaching team at Suth Performance.,Article + BreadcrumbList (+HowTo where stepped),planned,
H431,hyrox,Injury & Return,3,Injury prevention for HYROX: the five highest-risk moments,injury-prevention-for-hyrox-the-five-highest-risk-moments,hyrox injury prevention,,,Informational,longtail-unevidenced,Prevention content anchored to real station demands,guide,1500,Free HYROX plan maker (branded PDF),Take the fitness assessment quiz,/recovery,data-graphic,risk moments across the eight stations,"headline stat rendered as branded card, 1200x630",Injury prevention for HYROX: the five highest-risk moments | Suth Performance,Prevention content anchored to real station demands. From the Elite 15 HYROX coaching team at Suth Performance.,Article + BreadcrumbList (+HowTo where stepped),planned,
H432,hyrox,Doubles & Teams,1,"Doubles split strategy with the actual maths, station by station",doubles-split-strategy-with-the-actual-maths-station-by-station,hyrox doubles splits,,,Informational,longtail-unevidenced,GAP: every rival says 'play to your strengths'. Nobody publishes the time-cost maths. Ben races doubles,pillar,2500,Free HYROX plan maker (branded PDF),Take the fitness assessment quiz,/hyrox/doubles,data-graphic,doubles split time-cost model per station,"headline stat rendered as branded card, 1200x630","Doubles split strategy with the actual maths, station by station | Suth Performance",GAP: every rival says 'play to your strengths'. Nobody publishes the time-cost maths. Ben races doubles. From the Elite 15 HYROX coaching team at Suth Perform,Article + FAQPage + BreadcrumbList,planned,
H433,hyrox,Doubles & Teams,2,Partner matching: what happens when your paces don't match,partner-matching-what-happens-when-your-paces-dont-match,hyrox doubles partner mismatch,,,Informational,longtail-unevidenced,GAP: pace and weight-class mismatch is the real doubles problem; unaddressed anywhere,guide,1500,Free HYROX plan maker (branded PDF),Take the fitness assessment quiz,/hyrox/doubles,data-graphic,partner compatibility matrix,"headline stat rendered as branded card, 1200x630",Partner matching: what happens when your paces don't match | Suth Performance,GAP: pace and weight-class mismatch is the real doubles problem. From the Elite 15 HYROX coaching team at Suth Performance.,Article + BreadcrumbList (+HowTo where stepped),planned,
H434,hyrox,Doubles & Teams,2,Changeover drills: practising the handoff before race day,changeover-drills-practising-the-handoff-before-race-day,hyrox doubles changeover,,,Informational,longtail-unevidenced,"GAP: changeover mechanics as trainable skill with drills; competitors describe, never coach",guide,1500,Free HYROX plan maker (branded PDF),Take the fitness assessment quiz,/hyrox/doubles,own-photo,track/pair-rear-close-colour.jpg,"photo + title band, brand dark/chartreuse, 1200x630",Changeover drills: practising the handoff before race day | Suth Performance,GAP: changeover mechanics as trainable skill with drills. From the Elite 15 HYROX coaching team at Suth Performance.,Article + BreadcrumbList (+HowTo where stepped),planned,
H435,hyrox,Doubles & Teams,3,Relay leg assignment: who takes which of the eight blocks,relay-leg-assignment-who-takes-which-of-the-eight-blocks,hyrox relay strategy,,,Informational,longtail-unevidenced,GAP: relay is the thinnest division in the niche; optimisation framework is unclaimed,guide,1500,Free HYROX plan maker (branded PDF),Take the fitness assessment quiz,/hyrox/doubles,data-graphic,relay leg assignment optimisation grid,"headline stat rendered as branded card, 1200x630",Relay leg assignment: who takes which of the eight blocks | Suth Performance,GAP: relay is the thinnest division in the niche. From the Elite 15 HYROX coaching team at Suth Performance.,Article + BreadcrumbList (+HowTo where stepped),planned,
H436,hyrox,Hybrid Training Science,1,"The physiology of HYROX pacing: LT1, LT2 and cardiac drift",physiology-of-hyrox-pacing-lt1-lt2-and-cardiac-drift,hyrox pacing physiology,,,Informational,longtail-unevidenced,GAP: all pacing content in the niche is heuristic. Actual physiological rationale is unwritten and is a credibility moat,pillar,2500,Free HYROX plan maker (branded PDF),Take the fitness assessment quiz,/hybrid-training,data-graphic,physiological demand across eight run-station cycles,"headline stat rendered as branded card, 1200x630","The physiology of HYROX pacing: LT1, LT2 and cardiac drift | Suth Performance",GAP: all pacing content in the niche is heuristic. Actual physiological rationale is unwritten and is a credibility moat. From the Elite 15 HYROX coaching tea,Article + FAQPage + BreadcrumbList,planned,
H437,hyrox,Hybrid Training Science,2,Lactate clearance and the run-station cycle,lactate-clearance-and-the-run-station-cycle,lactate clearance training,,,Informational,longtail-unevidenced,GAP: explains WHY compromised running degrades; supports the signature concept,guide,1500,Free HYROX plan maker (branded PDF),Take the fitness assessment quiz,/hybrid-training,data-graphic,lactate response across race structure,"headline stat rendered as branded card, 1200x630",Lactate clearance and the run-station cycle | Suth Performance,GAP: explains WHY compromised running degrades. From the Elite 15 HYROX coaching team at Suth Performance.,Article + BreadcrumbList (+HowTo where stepped),planned,
H438,hyrox,Hybrid Training Science,3,Cardiac drift: why your pace slows at the same effort,cardiac-drift-why-your-pace-slows-at-the-same-effort,cardiac drift,,,Informational,longtail-unevidenced,GAP: explains a universal race experience nobody has named for this audience,guide,1500,Free HYROX plan maker (branded PDF),Take the fitness assessment quiz,/hybrid-training,data-graphic,HR drift vs pace decay over race duration,"headline stat rendered as branded card, 1200x630",Cardiac drift: why your pace slows at the same effort | Suth Performance,GAP: explains a universal race experience nobody has named for this audience. From the Elite 15 HYROX coaching team at Suth Performance.,Article + BreadcrumbList (+HowTo where stepped),planned,
H439,hyrox,Data Stories,3,Where UK athletes actually lose time: variance by station,where-uk-athletes-actually-lose-time-variance-by-station,hyrox time loss station,,,Informational,longtail-unevidenced,GAP: rivals publish averages; variance analysis identifies the real coaching target,guide,1500,Results lookup / percentile check,Free HYROX plan maker,/results,data-graphic,"time variance by station, UK field","headline stat rendered as branded card, 1200x630",Where UK athletes actually lose time: variance by station | Suth Performance,GAP: rivals publish averages. From the Elite 15 HYROX coaching team at Suth Performance.,Article + BreadcrumbList (+HowTo where stepped),blocked-results,
H440,hyrox,Data Stories,3,Open to Pro: what the upgrade really costs you in minutes,open-to-pro-what-the-upgrade-really-costs-you-in-minutes,hyrox open to pro time,,,Informational,longtail-unevidenced,GAP: quantified division-change cost is asked constantly and answered nowhere,guide,1500,Results lookup / percentile check,Free HYROX plan maker,/results,data-graphic,open vs pro time delta distribution,"headline stat rendered as branded card, 1200x630",Open to Pro: what the upgrade really costs you in minutes | Suth Performance,GAP: quantified division-change cost is asked constantly and answered nowhere. From the Elite 15 HYROX coaching team at Suth Performance.,Article + BreadcrumbList (+HowTo where stepped),blocked-results,
H441,hyrox,Data Stories,3,UK HYROX results analysis: how the British field compares,uk-hyrox-results-analysis-how-the-british-field-compares,uk hyrox results,,,Informational,longtail-unevidenced,GAP: all data content is global-aggregate; UK-specific segmentation is unclaimed and matches our audience,guide,1500,Results lookup / percentile check,Free HYROX plan maker,/results,data-graphic,UK vs global field distribution,"headline stat rendered as branded card, 1200x630",UK HYROX results analysis: how the British field compares | Suth Performance,GAP: all data content is global-aggregate. From the Elite 15 HYROX coaching team at Suth Performance.,Article + BreadcrumbList (+HowTo where stepped),blocked-results,
H442,hyrox,Data Stories,4,Age-graded HYROX: comparing times fairly across decades,age-graded-hyrox-comparing-times-fairly-across-decades,hyrox age graded,,,Informational,longtail-unevidenced,"GAP: age-grading tables exist in running, not HYROX. Genuine link magnet",guide,1500,Results lookup / percentile check,Free HYROX plan maker,/results,data-graphic,age grading factor table,"headline stat rendered as branded card, 1200x630",Age-graded HYROX: comparing times fairly across decades | Suth Performance,"GAP: age-grading tables exist in running, not HYROX. Genuine link magnet. From the Elite 15 HYROX coaching team at Suth Performance.",Article + BreadcrumbList (+HowTo where stepped),blocked-results,
H443,hyrox,Data Stories,4,"DNF rates in HYROX: how often people don't finish, and why",dnf-rates-in-hyrox-how-often-people-dont-finish-and-why,hyrox dnf rate,,,Informational,longtail-unevidenced,GAP: nobody publishes this; reassuring and honest; strong share potential,guide,1500,Results lookup / percentile check,Free HYROX plan maker,/results,data-graphic,DNF rate by division and station,"headline stat rendered as branded card, 1200x630","DNF rates in HYROX: how often people don't finish, and why | Suth Performance",GAP: nobody publishes this. From the Elite 15 HYROX coaching team at Suth Performance.,Article + BreadcrumbList (+HowTo where stepped),blocked-results,
H444,hyrox,Data Stories,4,Your 5k time predicts your HYROX: the conversion model,your-5k-time-predicts-your-hyrox-the-conversion-model,5k to hyrox time,,,Informational,longtail-unevidenced,GAP: predictive tooling is the single most-requested calculator; needs results data,guide,1500,Results lookup / percentile check,Free HYROX plan maker,/results,data-graphic,5k time to predicted finish scatter,"headline stat rendered as branded card, 1200x630",Your 5k time predicts your HYROX: the conversion model | Suth Performance,GAP: predictive tooling is the single most-requested calculator. From the Elite 15 HYROX coaching team at Suth Performance.,Article + BreadcrumbList (+HowTo where stepped),blocked-results,
H445,hyrox,Women & Demographics,1,"Pregnancy and HYROX: training, racing and returning",pregnancy-and-hyrox-training-racing-and-returning,hyrox pregnancy,,,Informational,longtail-unevidenced,"GAP: search returned ZERO HYROX-specific content. Completely open, needs clinical review",pillar,2500,Free HYROX plan maker (branded PDF),Take the fitness assessment quiz,/hyrox/guide,ai-generate,"pregnant athlete training modified, supportive coach present","photo + title band, brand dark/chartreuse, 1200x630","Pregnancy and HYROX: training, racing and returning | Suth Performance","GAP: search returned ZERO HYROX-specific content. Completely open, needs clinical review. From the Elite 15 HYROX coaching team at Suth Performance.",Article + FAQPage + BreadcrumbList,planned,
H446,hyrox,Women & Demographics,2,Postpartum return to HYROX: the first 12 months,postpartum-return-to-hyrox-the-first-12-months,postpartum hyrox return,,,Informational,longtail-unevidenced,GAP: no HYROX-specific return pathway exists anywhere,guide,1500,Free HYROX plan maker (branded PDF),Take the fitness assessment quiz,/hyrox/guide,ai-generate,"parent training with pram nearby, gentle progression","photo + title band, brand dark/chartreuse, 1200x630",Postpartum return to HYROX: the first 12 months | Suth Performance,GAP: no HYROX-specific return pathway exists anywhere. From the Elite 15 HYROX coaching team at Suth Performance.,Article + BreadcrumbList (+HowTo where stepped),planned,
H447,hyrox,Women & Demographics,2,"Women and the sled push: the biggest time gap, and how to close it",women-and-the-sled-push-the-biggest-time-gap-and-how-to-close-it,women hyrox sled push,,,Informational,longtail-unevidenced,GAP: identified as the largest female time-loss station but only lightly covered anywhere,guide,1500,Free HYROX plan maker (branded PDF),Take the fitness assessment quiz,/hyrox/guide,ai-generate,"female athlete low sled drive position, technical focus","photo + title band, brand dark/chartreuse, 1200x630","Women and the sled push: the biggest time gap, and how to close it | Suth Performance",GAP: identified as the largest female time-loss station but only lightly covered anywhere. From the Elite 15 HYROX coaching team at Suth Performance.,Article + BreadcrumbList (+HowTo where stepped),planned,
H448,hyrox,Women & Demographics,3,HYROX for heavier athletes: pacing and station strategy,hyrox-for-heavier-athletes-pacing-and-station-strategy,hyrox for bigger athletes,,,Informational,longtail-unevidenced,GAP: entirely unwritten; large audience; running vs strength station trade-off is real,guide,1500,Free HYROX plan maker (branded PDF),Take the fitness assessment quiz,/hyrox/guide,ai-generate,"larger-build athlete strong on sled, respectful and capable","photo + title band, brand dark/chartreuse, 1200x630",HYROX for heavier athletes: pacing and station strategy | Suth Performance,GAP: entirely unwritten. From the Elite 15 HYROX coaching team at Suth Performance.,Article + BreadcrumbList (+HowTo where stepped),planned,
H449,hyrox,Women & Demographics,3,"Adaptive and para HYROX: divisions, access and preparation",adaptive-and-para-hyrox-divisions-access-and-preparation,adaptive hyrox,,,Informational,longtail-unevidenced,GAP: no coverage anywhere in the niche; genuine access content,guide,1500,Free HYROX plan maker (branded PDF),Take the fitness assessment quiz,/hyrox/guide,ai-generate,"adaptive athlete training, dignified documentary style","photo + title band, brand dark/chartreuse, 1200x630","Adaptive and para HYROX: divisions, access and preparation | Suth Performance",GAP: no coverage anywhere in the niche. From the Elite 15 HYROX coaching team at Suth Performance.,Article + BreadcrumbList (+HowTo where stepped),planned,
H450,hyrox,Women & Demographics,4,Youth and under-24 HYROX: the development pathway,youth-and-under-24-hyrox-the-development-pathway,youth hyrox,,,Informational,longtail-unevidenced,GAP: pathway content unwritten; parent-and-athlete audience,guide,1500,Free HYROX plan maker (branded PDF),Take the fitness assessment quiz,/hyrox/guide,ai-generate,"young athlete with coach, development setting","photo + title band, brand dark/chartreuse, 1200x630",Youth and under-24 HYROX: the development pathway | Suth Performance,GAP: pathway content unwritten. From the Elite 15 HYROX coaching team at Suth Performance.,Article + BreadcrumbList (+HowTo where stepped),planned,
H451,hyrox,Programming,2,How many HYROX races can you actually do in a season?,how-many-hyrox-races-can-you-actually-do-in-a-season,how many hyrox races per season,,,Informational,longtail-unevidenced,GAP: taper + recovery maths means the honest answer is lower than people think. Unwritten,guide,1500,Free HYROX plan maker (branded PDF),Take the fitness assessment quiz,/plans,data-graphic,"season capacity model, taper and recovery blocks","headline stat rendered as branded card, 1200x630",How many HYROX races can you actually do in a season? | Suth Performance,GAP: taper + recovery maths means the honest answer is lower than people think. Unwritten. From the Elite 15 HYROX coaching team at Suth Performance.,Article + BreadcrumbList (+HowTo where stepped),planned,
H452,hyrox,Programming,3,Multi-race periodisation: planning three races across a season,multi-race-periodisation-planning-three-races-across-a-season,hyrox season periodisation,,,Informational,longtail-unevidenced,GAP: only one rival covers offseason at all; multi-race planning is unclaimed,guide,1500,Free HYROX plan maker (branded PDF),Take the fitness assessment quiz,/plans,data-graphic,three-race season plan,"headline stat rendered as branded card, 1200x630",Multi-race periodisation: planning three races across a season | Suth Performance,GAP: only one rival covers offseason at all. From the Elite 15 HYROX coaching team at Suth Performance.,Article + BreadcrumbList (+HowTo where stepped),planned,
H453,hyrox,Fundamentals & FAQ,1,"The HYROX rulebook, in plain English and searchable",hyrox-rulebook-in-plain-english-and-searchable,hyrox rulebook,,,Informational,longtail-unevidenced,"GAP: official rules ship as a PDF. A searchable, structured HTML version outranks PDFs reliably; maintained per season",pillar,2500,Free HYROX plan maker (branded PDF),Take the fitness assessment quiz,/hyrox/guide,data-graphic,structured rules reference layout,"headline stat rendered as branded card, 1200x630","The HYROX rulebook, in plain English and searchable | Suth Performance","GAP: official rules ship as a PDF. A searchable, structured HTML version outranks PDFs reliably. From the Elite 15 HYROX coaching team at Suth Performance.",Article + FAQPage + BreadcrumbList,planned,
H454,hyrox,Fundamentals & FAQ,2,HYROX no-reps: every standard a judge is watching for,hyrox-no-reps-every-standard-a-judge-is-watching-for,hyrox no rep,,,Informational,longtail-unevidenced,GAP: judging standards scattered across a PDF; one clear reference per station,guide,1500,Free HYROX plan maker (branded PDF),Take the fitness assessment quiz,/hyrox/guide,data-graphic,judging standards per station,"headline stat rendered as branded card, 1200x630",HYROX no-reps: every standard a judge is watching for | Suth Performance,GAP: judging standards scattered across a PDF. From the Elite 15 HYROX coaching team at Suth Performance.,Article + BreadcrumbList (+HowTo where stepped),planned,
