id,section,cluster,wave,title,slug,primary_keyword,volume,kd,intent,evidence,angle_rationale,format,word_count,cta_primary,cta_secondary,hub_link,image_source,image_concept,og_treatment,meta_title,meta_description,schema,status,notes
P001,pt,PT Cost & Value,1,"How much is a personal trainer in the UK? 2026 prices, honestly",how-much-is-a-personal-trainer-in-the-uk-2026-prices-honestly,how much is a personal trainer,1300,12,Informational,semrush,"1,300/KD12 anchor — THE online-vs-local argument page in blog form; cites real UK benchmarks",pillar,2500,See coaching options,Free personal fitness assessment,/how-much-is-a-personal-trainer,data-graphic,UK PT price map by region,"headline stat rendered as branded card, 1200x630","How much is a personal trainer in the UK? 2026 prices, honestly | Suth Performance","1,300/KD12 anchor — THE online-vs-local argument page in blog form. From the Elite 15 HYROX coaching team at Suth Performance.",Article + FAQPage + BreadcrumbList,published,shipped as /blog/how-much-is-a-personal-trainer-uk
P002,pt,PT Cost & Value,1,Personal trainer prices: what you get at every price point,personal-trainer-prices-what-you-get-at-every-price-point,personal trainer prices,90,13,Informational,semrush,Price-tier breakdown £25-£100+/session; what quality looks like at each,guide,1500,See coaching options,Free personal fitness assessment,/how-much-is-a-personal-trainer,data-graphic,price tier ladder with inclusions,"headline stat rendered as branded card, 1200x630",Personal trainer prices: what you get at every price point | Suth Performance,Price-tier breakdown £25-£100+/session. From the Elite 15 HYROX coaching team at Suth Performance.,Article + BreadcrumbList (+HowTo where stepped),planned,
P003,pt,PT Cost & Value,1,Is a personal trainer worth it? A trainer answers honestly,is-a-personal-trainer-worth-it-a-trainer-answers-honestly,is a personal trainer worth it,,,Informational,longtail-unevidenced,"Decision-stage; honest cases where a PT is NOT worth it — trust play, coaching CTA",guide,1500,See coaching options,Free personal fitness assessment,/how-much-is-a-personal-trainer,own-photo,v2/adapt-coaching.jpg,"photo + title band, brand dark/chartreuse, 1200x630",Is a personal trainer worth it? A trainer answers honestly | Suth Performance,Decision-stage. From the Elite 15 HYROX coaching team at Suth Performance.,Article + BreadcrumbList (+HowTo where stepped),planned,
P004,pt,PT Cost & Value,1,How much does an online personal trainer cost?,how-much-does-an-online-personal-trainer-cost,online personal trainer cost,,,Informational,longtail-unevidenced,Online pricing transparency nobody offers; our prices named openly,guide,1500,See coaching options,Free personal fitness assessment,/how-much-is-a-personal-trainer,data-graphic,online vs in-person cost comparison,"headline stat rendered as branded card, 1200x630",How much does an online personal trainer cost? | Suth Performance,Online pricing transparency nobody offers. From the Elite 15 HYROX coaching team at Suth Performance.,Article + BreadcrumbList (+HowTo where stepped),planned,
P005,pt,PT Cost & Value,2,Personal trainer cost per month: sessions vs coaching compared,personal-trainer-cost-per-month-sessions-vs-coaching-compared,cost of personal trainer,260,14,Info/Commercial,semrush,Monthly-budget framing; £160-260/mo local anchor vs online,guide,1500,See coaching options,Free personal fitness assessment,/how-much-is-a-personal-trainer,data-graphic,monthly cost scenarios,"headline stat rendered as branded card, 1200x630",Personal trainer cost per month: sessions vs coaching compared | Suth Performance,Monthly-budget framing. From the Elite 15 HYROX coaching team at Suth Performance.,Article + BreadcrumbList (+HowTo where stepped),planned,
P006,pt,PT Cost & Value,2,How often should you see a personal trainer?,how-often-should-you-see-a-personal-trainer,how often personal trainer,,,Informational,longtail-unevidenced,Frequency question; honest tapering-off answer; online model comparison,guide,1500,See coaching options,Free personal fitness assessment,/how-much-is-a-personal-trainer,ai-generate,"diary page with two marked sessions per week, coffee","photo + title band, brand dark/chartreuse, 1200x630",How often should you see a personal trainer? | Suth Performance,Frequency question. From the Elite 15 HYROX coaching team at Suth Performance.,Article + BreadcrumbList (+HowTo where stepped),planned,
P007,pt,PT Cost & Value,2,Are personal trainers worth it for weight loss specifically?,are-personal-trainers-worth-it-for-weight-loss-specifically,personal trainer for weight loss worth it,,,Informational,longtail-unevidenced,Outcome-specific value question; evidence on adherence,guide,1500,See coaching options,Free personal fitness assessment,/how-much-is-a-personal-trainer,ai-generate,trainer and client reviewing food diary at gym table,"photo + title band, brand dark/chartreuse, 1200x630",Are personal trainers worth it for weight loss specifically? | Suth Performance,Outcome-specific value question. From the Elite 15 HYROX coaching team at Suth Performance.,Article + BreadcrumbList (+HowTo where stepped),planned,
P008,pt,PT Cost & Value,2,20 questions to ask a personal trainer before paying,20-questions-to-ask-a-personal-trainer-before-paying,questions to ask a personal trainer,,,Informational,longtail-unevidenced,Consumer-champion checklist; printable; positions our answers,guide,1500,See coaching options,Free personal fitness assessment,/how-much-is-a-personal-trainer,data-graphic,question checklist card,"headline stat rendered as branded card, 1200x630",20 questions to ask a personal trainer before paying | Suth Performance,Consumer-champion checklist. From the Elite 15 HYROX coaching team at Suth Performance.,Article + BreadcrumbList (+HowTo where stepped),planned,
P009,pt,PT Cost & Value,3,Personal trainer red flags: 12 signs to walk away,personal-trainer-red-flags-12-signs-to-walk-away,personal trainer red flags,,,Informational,longtail-unevidenced,Consumer-protection content; trust magnet; share performance,guide,1500,See coaching options,Free personal fitness assessment,/how-much-is-a-personal-trainer,ai-generate,"client looking sceptical mid gym consult, candid","photo + title band, brand dark/chartreuse, 1200x630",Personal trainer red flags: 12 signs to walk away | Suth Performance,Consumer-protection content. From the Elite 15 HYROX coaching team at Suth Performance.,Article + BreadcrumbList (+HowTo where stepped),planned,
P010,pt,PT Cost & Value,3,What does a personal trainer actually do?,what-does-a-personal-trainer-actually-do,what does a personal trainer do,,,Informational,longtail-unevidenced,"Definition-stage query; sets expectations, funnels to assessment",guide,1500,See coaching options,Free personal fitness assessment,/how-much-is-a-personal-trainer,own-photo,v2/about-coaching.jpg,"photo + title band, brand dark/chartreuse, 1200x630",What does a personal trainer actually do? | Suth Performance,Definition-stage query. From the Elite 15 HYROX coaching team at Suth Performance.,Article + BreadcrumbList (+HowTo where stepped),planned,
P011,pt,PT Cost & Value,3,"PT session length: 30, 45 or 60 minutes — what's actually needed?",pt-session-length-30-45-or-60-minutes-whats-actually-needed,personal trainer session length,,,Informational,longtail-unevidenced,Micro-decision post; value-density argument favours coaching,guide,1500,See coaching options,Free personal fitness assessment,/how-much-is-a-personal-trainer,ai-generate,interval timer on gym floor beside kettlebell,"photo + title band, brand dark/chartreuse, 1200x630","PT session length: 30, 45 or 60 minutes — what's actually needed? | Suth Performance",Micro-decision post. From the Elite 15 HYROX coaching team at Suth Performance.,Article + BreadcrumbList (+HowTo where stepped),planned,
P012,pt,PT Cost & Value,3,How long do you need a personal trainer for?,how-long-do-you-need-a-personal-trainer-for,how long do you need a personal trainer,,,Informational,longtail-unevidenced,Honest exit-plan answer builds trust; graduate-to-online path,guide,1500,See coaching options,Free personal fitness assessment,/how-much-is-a-personal-trainer,data-graphic,12-week outcome timeline,"headline stat rendered as branded card, 1200x630",How long do you need a personal trainer for? | Suth Performance,Honest exit-plan answer builds trust. From the Elite 15 HYROX coaching team at Suth Performance.,Article + BreadcrumbList (+HowTo where stepped),planned,
P013,pt,PT Cost & Value,4,Cheap personal trainers: what corners get cut,cheap-personal-trainers-what-corners-get-cut,cheap personal trainer,,,Informational,longtail-unevidenced,Budget-intent honesty; online coaching as the quality-per-pound answer,guide,1500,See coaching options,Free personal fitness assessment,/how-much-is-a-personal-trainer,ai-generate,"worn gym equipment corner, budget gym scene","photo + title band, brand dark/chartreuse, 1200x630",Cheap personal trainers: what corners get cut | Suth Performance,Budget-intent honesty. From the Elite 15 HYROX coaching team at Suth Performance.,Article + BreadcrumbList (+HowTo where stepped),planned,
P014,pt,PT Cost & Value,4,"Personal training packages explained: blocks, subs and contracts",personal-training-packages-explained-blocks-subs-and-contracts,personal training packages,,,Informational,longtail-unevidenced,Contract-literacy consumer post; our transparent model contrast,guide,1500,See coaching options,Free personal fitness assessment,/how-much-is-a-personal-trainer,data-graphic,package structure comparison,"headline stat rendered as branded card, 1200x630","Personal training packages explained: blocks, subs and contracts | Suth Performance",Contract-literacy consumer post. From the Elite 15 HYROX coaching team at Suth Performance.,Article + BreadcrumbList (+HowTo where stepped),planned,
P015,pt,Online Coaching,1,Online personal trainer UK: how it works and who it suits,online-personal-trainer-uk-how-it-works-and-who-it-suits,online personal trainer uk,,,Informational,longtail-unevidenced,Category pillar; the full model explained; assessment CTA,pillar,2500,Book a free call with Ben,Free personal fitness assessment,/coaching,own-photo,v2/how-step-2.jpg,"photo + title band, brand dark/chartreuse, 1200x630",Online personal trainer UK: how it works and who it suits | Suth Performance,Category pillar. From the Elite 15 HYROX coaching team at Suth Performance.,Article + FAQPage + BreadcrumbList,planned,
P016,pt,Online Coaching,1,Is online personal training worth it? Results vs the gym floor,is-online-personal-training-worth-it-results-vs-the-gym-floor,is online personal training worth it,,,Informational,longtail-unevidenced,Head-on value question; adherence evidence; honest fit criteria,guide,1500,Book a free call with Ben,Free personal fitness assessment,/coaching,own-photo,v2/adapt-coaching.jpg,"photo + title band, brand dark/chartreuse, 1200x630",Is online personal training worth it? Results vs the gym floor | Suth Performance,Head-on value question. From the Elite 15 HYROX coaching team at Suth Performance.,Article + BreadcrumbList (+HowTo where stepped),planned,
P017,pt,Online Coaching,1,Online coaching vs in-person PT: the real differences,online-coaching-vs-in-person-pt-the-real-differences,online coaching vs personal trainer,,,Informational,longtail-unevidenced,The conversion argument as editorial; geo-page synergy,guide,1500,Book a free call with Ben,Free personal fitness assessment,/coaching,data-graphic,side-by-side model comparison,"headline stat rendered as branded card, 1200x630",Online coaching vs in-person PT: the real differences | Suth Performance,The conversion argument as editorial. From the Elite 15 HYROX coaching team at Suth Performance.,Article + BreadcrumbList (+HowTo where stepped),planned,
P018,pt,Online Coaching,2,"What to expect from online coaching: your first month, week by week",what-to-expect-from-online-coaching-your-first-month-week-by-week,online coaching what to expect,,,Informational,longtail-unevidenced,Expectation-setting reduces buying anxiety; onboarding preview,guide,1500,Book a free call with Ben,Free personal fitness assessment,/coaching,own-photo,v2/how-step-3.jpg,"photo + title band, brand dark/chartreuse, 1200x630","What to expect from online coaching: your first month, week by week | Suth Performance",Expectation-setting reduces buying anxiety. From the Elite 15 HYROX coaching team at Suth Performance.,Article + BreadcrumbList (+HowTo where stepped),planned,
P019,pt,Online Coaching,2,How online coaching check-ins work (and why they beat a weekly hour),how-online-coaching-check-ins-work-and-why-they-beat-a-weekly-hour,online coaching check ins,,,Informational,longtail-unevidenced,Model education; accountability science; retention preview,guide,1500,Book a free call with Ben,Free personal fitness assessment,/coaching,ai-generate,"coach recording feedback video at desk, warm light","photo + title band, brand dark/chartreuse, 1200x630",How online coaching check-ins work (and why they beat a weekly hour) | Suth Performance,Model education. From the Elite 15 HYROX coaching team at Suth Performance.,Article + BreadcrumbList (+HowTo where stepped),planned,
P020,pt,Online Coaching,2,Do you need a gym for online coaching?,do-you-need-a-gym-for-online-coaching,online coaching without gym,,,Informational,longtail-unevidenced,Access objection-handler; home-plan crosslinks,guide,1500,Book a free call with Ben,Free personal fitness assessment,/coaching,ai-generate,"living room workout setup, mat dumbbells, real home","photo + title band, brand dark/chartreuse, 1200x630",Do you need a gym for online coaching? | Suth Performance,Access objection-handler. From the Elite 15 HYROX coaching team at Suth Performance.,Article + BreadcrumbList (+HowTo where stepped),planned,
P021,pt,Online Coaching,3,"How to choose an online coach: credentials, proof and fit",how-to-choose-an-online-coach-credentials-proof-and-fit,how to choose online coach,,,Informational,longtail-unevidenced,Chooser framework; our proof laid out within it,guide,1500,Book a free call with Ben,Free personal fitness assessment,/coaching,data-graphic,coach vetting checklist,"headline stat rendered as branded card, 1200x630","How to choose an online coach: credentials, proof and fit | Suth Performance",Chooser framework. From the Elite 15 HYROX coaching team at Suth Performance.,Article + BreadcrumbList (+HowTo where stepped),planned,
P022,pt,Online Coaching,3,Online coaching for beginners: is it too soon?,online-coaching-for-beginners-is-it-too-soon,online coaching for beginners,,,Informational,longtail-unevidenced,Beginner objection-handler; beginner-branch quiz CTA,guide,1500,Book a free call with Ben,Free personal fitness assessment,/coaching,own-photo,track/diverse-pool,"photo + title band, brand dark/chartreuse, 1200x630",Online coaching for beginners: is it too soon? | Suth Performance,Beginner objection-handler. From the Elite 15 HYROX coaching team at Suth Performance.,Article + BreadcrumbList (+HowTo where stepped),planned,
P023,pt,Online Coaching,3,App plans vs human coaching: what the £8.99 tier can and can't do,app-plans-vs-human-coaching-what-the-899-tier-can-and-cant-do,fitness app vs personal trainer,,,Informational,longtail-unevidenced,Honest tier comparison — sells both our tiers by being straight,guide,1500,Book a free call with Ben,Free personal fitness assessment,/coaching,data-graphic,app vs coach capability matrix,"headline stat rendered as branded card, 1200x630",App plans vs human coaching: what the £8.99 tier can and can't do | Suth Performance,Honest tier comparison — sells both our tiers by being straight. From the Elite 15 HYROX coaching team at Suth Performance.,Article + BreadcrumbList (+HowTo where stepped),planned,
P024,pt,Online Coaching,4,The case for a coach when you already know what to do,case-for-a-coach-when-you-already-know-what-to-do,why hire a coach,,,Informational,longtail-unevidenced,"Experienced-audience angle: accountability, blind spots, ceilings",guide,1500,Book a free call with Ben,Free personal fitness assessment,/coaching,own-photo,v2/bento-coaches.jpg,"photo + title band, brand dark/chartreuse, 1200x630",The case for a coach when you already know what to do | Suth Performance,"Experienced-audience angle: accountability, blind spots, ceilings. From the Elite 15 HYROX coaching team at Suth Performance.",Article + BreadcrumbList (+HowTo where stepped),planned,
P025,pt,Online Coaching,4,"Group personal training online: cheaper, and it works",group-personal-training-online-cheaper-and-it-works,group personal training,390,10,Commercial,semrush,390/KD10 quick win; Hub Plus group Q&A synergy,guide,1500,Book a free call with Ben,Free personal fitness assessment,/coaching,ai-generate,"laptop group video call with coach, home gym corner","photo + title band, brand dark/chartreuse, 1200x630","Group personal training online: cheaper, and it works | Suth Performance",390/KD10 quick win. From the Elite 15 HYROX coaching team at Suth Performance.,Article + BreadcrumbList (+HowTo where stepped),planned,
P026,pt,Online Coaching,4,Corporate personal training: fitness benefits teams actually use,corporate-personal-training-fitness-benefits-teams-actually-use,corporate personal training,170,10,Informational,semrush,KD10 B2B capture; partner-programme CTA,guide,1500,Book a free call with Ben,Free personal fitness assessment,/coaching,ai-generate,"office wellness session, small group stretching meeting room","photo + title band, brand dark/chartreuse, 1200x630",Corporate personal training: fitness benefits teams actually use | Suth Performance,KD10 B2B capture. From the Elite 15 HYROX coaching team at Suth Performance.,Article + BreadcrumbList (+HowTo where stepped),planned,
P027,pt,Beginner Fitness,1,How to start working out again (after months or years off),how-to-start-working-out-again-after-months-or-years-off,how to start working out again,,,Informational,longtail-unevidenced,"The beginner-branch front door; shame-free, programming-problem framing",pillar,2500,Free personal fitness assessment,Book a free call with Ben,/get-fit,own-photo,track/diverse-pool,"photo + title band, brand dark/chartreuse, 1200x630",How to start working out again (after months or years off) | Suth Performance,The beginner-branch front door. From the Elite 15 HYROX coaching team at Suth Performance.,Article + FAQPage + BreadcrumbList,planned,
P028,pt,Beginner Fitness,1,"The beginner gym plan: your first 8 weeks, fully mapped",beginner-gym-plan-your-first-8-weeks-fully-mapped,beginner gym plan,,,Informational,longtail-unevidenced,Core beginner plan; printable; assessment CTA throughout,guide,1500,Free personal fitness assessment,Book a free call with Ben,/get-fit,data-graphic,8-week beginner plan grid,"headline stat rendered as branded card, 1200x630","The beginner gym plan: your first 8 weeks, fully mapped | Suth Performance",Core beginner plan. From the Elite 15 HYROX coaching team at Suth Performance.,Article + BreadcrumbList (+HowTo where stepped),planned,
P029,pt,Beginner Fitness,1,"First time at the gym: what to do, where to stand, what to press",first-time-at-the-gym-what-to-do-where-to-stand-what-to-press,first time at the gym,,,Informational,longtail-unevidenced,Anxiety-dissolving walkthrough; genuinely kind tone,guide,1500,Free personal fitness assessment,Book a free call with Ben,/get-fit,ai-generate,"person at gym entrance with bag, deep breath, morning light","photo + title band, brand dark/chartreuse, 1200x630","First time at the gym: what to do, where to stand, what to press | Suth Performance",Anxiety-dissolving walkthrough. From the Elite 15 HYROX coaching team at Suth Performance.,Article + BreadcrumbList (+HowTo where stepped),planned,
P030,pt,Beginner Fitness,1,Gym anxiety: 9 tactics that actually help,gym-anxiety-9-tactics-that-actually-help,gym anxiety,,,Informational,longtail-unevidenced,High-empathy topic; beginner-brand trust builder; share magnet,guide,1500,Free personal fitness assessment,Book a free call with Ben,/get-fit,ai-generate,"quiet gym corner, person on mat with phone plan, safe feeling","photo + title band, brand dark/chartreuse, 1200x630",Gym anxiety: 9 tactics that actually help | Suth Performance,High-empathy topic. From the Elite 15 HYROX coaching team at Suth Performance.,Article + BreadcrumbList (+HowTo where stepped),planned,
P031,pt,Beginner Fitness,2,How many days a week should a beginner work out?,how-many-days-a-week-should-a-beginner-work-out,how many days a week should i workout,,,Informational,longtail-unevidenced,Frequency question; honest minimum-effective answer,guide,1500,Free personal fitness assessment,Book a free call with Ben,/get-fit,data-graphic,results by weekly frequency visual,"headline stat rendered as branded card, 1200x630",How many days a week should a beginner work out? | Suth Performance,Frequency question. From the Elite 15 HYROX coaching team at Suth Performance.,Article + BreadcrumbList (+HowTo where stepped),planned,
P032,pt,Beginner Fitness,2,"Full body workout for beginners: one routine, three days",full-body-workout-for-beginners-one-routine-three-days,full body workout for beginners,,,Informational,longtail-unevidenced,The canonical starter routine; video-linked; printable,guide,1500,Free personal fitness assessment,Book a free call with Ben,/get-fit,ai-generate,"simple dumbbell setup on gym floor, beginner-friendly","photo + title band, brand dark/chartreuse, 1200x630","Full body workout for beginners: one routine, three days | Suth Performance",The canonical starter routine. From the Elite 15 HYROX coaching team at Suth Performance.,Article + BreadcrumbList (+HowTo where stepped),planned,
P033,pt,Beginner Fitness,2,How long does it take to see results from working out?,how-long-does-it-take-to-see-results-from-working-out,how long to see results working out,,,Informational,longtail-unevidenced,THE beginner question; honest photo-timeline expectations,guide,1500,Free personal fitness assessment,Book a free call with Ben,/get-fit,data-graphic,realistic results timeline by weeks,"headline stat rendered as branded card, 1200x630",How long does it take to see results from working out? | Suth Performance,THE beginner question. From the Elite 15 HYROX coaching team at Suth Performance.,Article + BreadcrumbList (+HowTo where stepped),planned,
P034,pt,Beginner Fitness,2,Gym machines explained: what everything does (with pictures),gym-machines-explained-what-everything-does-with-pictures,gym machines explained,,,Informational,longtail-unevidenced,Visual glossary; massive beginner utility; long dwell time,guide,1500,Free personal fitness assessment,Book a free call with Ben,/get-fit,ai-generate,"clean gym machine lineup labelled naturally, catalogue style","photo + title band, brand dark/chartreuse, 1200x630",Gym machines explained: what everything does (with pictures) | Suth Performance,Visual glossary. From the Elite 15 HYROX coaching team at Suth Performance.,Article + BreadcrumbList (+HowTo where stepped),planned,
P035,pt,Beginner Fitness,2,Gym etiquette: the unwritten rules nobody tells beginners,gym-etiquette-the-unwritten-rules-nobody-tells-beginners,gym etiquette,,,Informational,longtail-unevidenced,Social-fear remover; light tone; share performance,guide,1500,Free personal fitness assessment,Book a free call with Ben,/get-fit,ai-generate,"busy gym floor polite moment, wiping bench, candid","photo + title band, brand dark/chartreuse, 1200x630",Gym etiquette: the unwritten rules nobody tells beginners | Suth Performance,Social-fear remover. From the Elite 15 HYROX coaching team at Suth Performance.,Article + BreadcrumbList (+HowTo where stepped),planned,
P036,pt,Beginner Fitness,2,How to build a workout routine (that survives real life),how-to-build-a-workout-routine-that-survives-real-life,how to build a workout routine,,,Informational,longtail-unevidenced,Habit-architecture guide; template download,guide,1500,Free personal fitness assessment,Book a free call with Ben,/get-fit,data-graphic,routine builder decision flow,"headline stat rendered as branded card, 1200x630",How to build a workout routine (that survives real life) | Suth Performance,Habit-architecture guide. From the Elite 15 HYROX coaching team at Suth Performance.,Article + BreadcrumbList (+HowTo where stepped),planned,
P037,pt,Beginner Fitness,3,Strength training for beginners: the only guide you need,strength-training-for-beginners-the-only-guide-you-need,strength training for beginners,,,Informational,longtail-unevidenced,Beginner strength pillar; form-video links; plan CTA,pillar,2500,Free personal fitness assessment,Book a free call with Ben,/get-fit,own-photo,v2/video-farmers.jpg,"photo + title band, brand dark/chartreuse, 1200x630",Strength training for beginners: the only guide you need | Suth Performance,Beginner strength pillar. From the Elite 15 HYROX coaching team at Suth Performance.,Article + FAQPage + BreadcrumbList,planned,
P038,pt,Beginner Fitness,3,Walking to running: the 8-week progression from zero,walking-to-running-the-8-week-progression-from-zero,walking to running plan,,,Informational,longtail-unevidenced,C25K-adjacent with coaching voice; beginner-branch bridge,guide,1500,Free personal fitness assessment,Book a free call with Ben,/get-fit,ai-generate,"park path morning walker in trainers, hopeful light","photo + title band, brand dark/chartreuse, 1200x630",Walking to running: the 8-week progression from zero | Suth Performance,C25K-adjacent with coaching voice. From the Elite 15 HYROX coaching team at Suth Performance.,Article + BreadcrumbList (+HowTo where stepped),planned,
P039,pt,Beginner Fitness,3,Home workouts with no equipment: 12 sessions that work,home-workouts-with-no-equipment-12-sessions-that-work,home workout no equipment,,,Informational,longtail-unevidenced,Access-first content; no-excuses-needed tone,guide,1500,Free personal fitness assessment,Book a free call with Ben,/get-fit,ai-generate,"living room bodyweight squat, real home, natural light","photo + title band, brand dark/chartreuse, 1200x630",Home workouts with no equipment: 12 sessions that work | Suth Performance,Access-first content. From the Elite 15 HYROX coaching team at Suth Performance.,Article + BreadcrumbList (+HowTo where stepped),planned,
P040,pt,Beginner Fitness,3,Your first month at the gym: a day-by-day diary,your-first-month-at-the-gym-a-day-by-day-diary,first month at the gym,,,Informational,longtail-unevidenced,Narrative format; expectation-setting; relatable milestones,guide,1500,Free personal fitness assessment,Book a free call with Ben,/get-fit,ai-generate,gym bag by door with calendar week one ticked,"photo + title band, brand dark/chartreuse, 1200x630",Your first month at the gym: a day-by-day diary | Suth Performance,Narrative format. From the Elite 15 HYROX coaching team at Suth Performance.,Article + BreadcrumbList (+HowTo where stepped),planned,
P041,pt,Beginner Fitness,3,Working out before work: the 6am routine that sticks,working-out-before-work-the-6am-routine-that-sticks,morning workout routine,,,Informational,longtail-unevidenced,Schedule-fit content; shift-worker crosslink,guide,1500,Free personal fitness assessment,Book a free call with Ben,/get-fit,ai-generate,"dark kitchen 5.45am, coffee and gym bag ready","photo + title band, brand dark/chartreuse, 1200x630",Working out before work: the 6am routine that sticks | Suth Performance,Schedule-fit content. From the Elite 15 HYROX coaching team at Suth Performance.,Article + BreadcrumbList (+HowTo where stepped),planned,
P042,pt,Beginner Fitness,4,Am I too unfit to start? (No — here's the actual floor),am-i-too-unfit-to-start-no-heres-the-actual-floor,too unfit to exercise,,,Informational,longtail-unevidenced,Deepest fear answered directly; GP-clearance guidance included,guide,1500,Free personal fitness assessment,Book a free call with Ben,/get-fit,ai-generate,"person on bench post short walk, small win smile","photo + title band, brand dark/chartreuse, 1200x630",Am I too unfit to start? (No — here's the actual floor) | Suth Performance,Deepest fear answered directly. From the Elite 15 HYROX coaching team at Suth Performance.,Article + BreadcrumbList (+HowTo where stepped),planned,
P043,pt,Beginner Fitness,4,"The 20-minute workout: enough, if you do this",20-minute-workout-enough-if-you-do-this,20 minute workout,,,Informational,longtail-unevidenced,Time-objection killer; EMOM-style beginner sessions,guide,1500,Free personal fitness assessment,Book a free call with Ben,/get-fit,data-graphic,20-minute session cards,"headline stat rendered as branded card, 1200x630","The 20-minute workout: enough, if you do this | Suth Performance",Time-objection killer. From the Elite 15 HYROX coaching team at Suth Performance.,Article + BreadcrumbList (+HowTo where stepped),planned,
P044,pt,Beginner Fitness,4,Couch to 5k and then what? The next 12 weeks,couch-to-5k-and-then-what-the-next-12-weeks,after couch to 5k,,,Informational,longtail-unevidenced,Graduation-intent capture; running + strength bridge,guide,1500,Free personal fitness assessment,Book a free call with Ben,/get-fit,ai-generate,"runner finishing park loop checking watch, satisfied","photo + title band, brand dark/chartreuse, 1200x630",Couch to 5k and then what? The next 12 weeks | Suth Performance,Graduation-intent capture. From the Elite 15 HYROX coaching team at Suth Performance.,Article + BreadcrumbList (+HowTo where stepped),planned,
P045,pt,Age & Life Stage,1,"Getting fit at 40: what changes, what doesn't",getting-fit-at-40-what-changes-what-doesnt,getting fit at 40,,,Informational,longtail-unevidenced,Age-ladder anchor; hormone/recovery honesty without doom,pillar,2500,Free personal fitness assessment,Book a free call with Ben,/get-fit,ai-generate,"40s person confident with dumbbells, home gym, real build","photo + title band, brand dark/chartreuse, 1200x630","Getting fit at 40: what changes, what doesn't | Suth Performance",Age-ladder anchor. From the Elite 15 HYROX coaching team at Suth Performance.,Article + FAQPage + BreadcrumbList,planned,
P046,pt,Age & Life Stage,1,Getting fit at 50: strength is the priority now,getting-fit-at-50-strength-is-the-priority-now,getting fit at 50,,,Informational,longtail-unevidenced,Age ladder; muscle-mass evidence; medical-clearance framing,guide,1500,Free personal fitness assessment,Book a free call with Ben,/get-fit,ai-generate,"50s person barbell setup with coach spotting, respectful","photo + title band, brand dark/chartreuse, 1200x630",Getting fit at 50: strength is the priority now | Suth Performance,Age ladder. From the Elite 15 HYROX coaching team at Suth Performance.,Article + BreadcrumbList (+HowTo where stepped),planned,
P047,pt,Age & Life Stage,2,Getting fit at 30: the decade to build the base,getting-fit-at-30-the-decade-to-build-the-base,getting fit at 30,,,Informational,longtail-unevidenced,Age ladder; career/kids collision angle,guide,1500,Free personal fitness assessment,Book a free call with Ben,/get-fit,ai-generate,"30s person quick lunch workout, office backdrop","photo + title band, brand dark/chartreuse, 1200x630",Getting fit at 30: the decade to build the base | Suth Performance,Age ladder. From the Elite 15 HYROX coaching team at Suth Performance.,Article + BreadcrumbList (+HowTo where stepped),planned,
P048,pt,Age & Life Stage,2,Getting fit at 60 and beyond: the evidence is on your side,getting-fit-at-60-and-beyond-the-evidence-is-on-your-side,getting fit at 60,,,Informational,longtail-unevidenced,Age ladder top; senior PT keywords (KD9-15) support this,guide,1500,Free personal fitness assessment,Book a free call with Ben,/get-fit,ai-generate,"60s pair walking with poles then light weights, joyful","photo + title band, brand dark/chartreuse, 1200x630",Getting fit at 60 and beyond: the evidence is on your side | Suth Performance,Age ladder top. From the Elite 15 HYROX coaching team at Suth Performance.,Article + BreadcrumbList (+HowTo where stepped),planned,
P049,pt,Age & Life Stage,2,Personal training for over 60s: what good looks like,personal-training-for-over-60s-what-good-looks-like,personal trainer for over 60,,,Informational,longtail-unevidenced,KD11 senior-service capture; falls-prevention + strength evidence,guide,1500,Free personal fitness assessment,Book a free call with Ben,/get-fit,ai-generate,"trainer guiding senior client balance work, warm studio","photo + title band, brand dark/chartreuse, 1200x630",Personal training for over 60s: what good looks like | Suth Performance,KD11 senior-service capture. From the Elite 15 HYROX coaching team at Suth Performance.,Article + BreadcrumbList (+HowTo where stepped),planned,
P050,pt,Age & Life Stage,2,Fitness for new parents: training on broken sleep,fitness-for-new-parents-training-on-broken-sleep,fitness for new parents,,,Informational,longtail-unevidenced,Life-stage empathy content; 20-minute session crosslinks,guide,1500,Free personal fitness assessment,Book a free call with Ben,/get-fit,ai-generate,"parent stretching beside baby monitor, dawn living room","photo + title band, brand dark/chartreuse, 1200x630",Fitness for new parents: training on broken sleep | Suth Performance,Life-stage empathy content. From the Elite 15 HYROX coaching team at Suth Performance.,Article + BreadcrumbList (+HowTo where stepped),planned,
P051,pt,Age & Life Stage,3,Postnatal fitness: rebuilding safely after birth,postnatal-fitness-rebuilding-safely-after-birth,postnatal fitness,,,Informational,longtail-unevidenced,"Sensitive, evidence-cited, professional-reviewed framing",guide,1500,Free personal fitness assessment,Book a free call with Ben,/get-fit,ai-generate,"postnatal class gentle core work, supportive setting","photo + title band, brand dark/chartreuse, 1200x630",Postnatal fitness: rebuilding safely after birth | Suth Performance,"Sensitive, evidence-cited, professional-reviewed framing. From the Elite 15 HYROX coaching team at Suth Performance.",Article + BreadcrumbList (+HowTo where stepped),planned,
P052,pt,Age & Life Stage,3,"Training through menopause: strength, symptoms and honesty",training-through-menopause-strength-symptoms-and-honesty,menopause exercise,,,Informational,longtail-unevidenced,Underserved high-trust topic; evidence-based,guide,1500,Free personal fitness assessment,Book a free call with Ben,/get-fit,ai-generate,"mid-life woman strength session, strong and unposed","photo + title band, brand dark/chartreuse, 1200x630","Training through menopause: strength, symptoms and honesty | Suth Performance",Underserved high-trust topic. From the Elite 15 HYROX coaching team at Suth Performance.,Article + BreadcrumbList (+HowTo where stepped),planned,
P053,pt,Age & Life Stage,3,Shift worker fitness: training when your body clock is chaos,shift-worker-fitness-training-when-your-body-clock-is-chaos,shift work exercise,,,Informational,longtail-unevidenced,Existing hyrox-shift-workers post generalised; unique niche,guide,1500,Free personal fitness assessment,Book a free call with Ben,/get-fit,ai-generate,"nurse in scrubs leaving night shift with gym bag, dawn","photo + title band, brand dark/chartreuse, 1200x630",Shift worker fitness: training when your body clock is chaos | Suth Performance,Existing hyrox-shift-workers post generalised. From the Elite 15 HYROX coaching team at Suth Performance.,Article + BreadcrumbList (+HowTo where stepped),planned,
P054,pt,Age & Life Stage,3,Fitness for busy professionals: the minimum effective week,fitness-for-busy-professionals-the-minimum-effective-week,exercise for busy professionals,,,Informational,longtail-unevidenced,Time-scarcity segment; calendar-integration angle,guide,1500,Free personal fitness assessment,Book a free call with Ben,/get-fit,ai-generate,"suit jacket on gym hook, watch check, lunchtime session","photo + title band, brand dark/chartreuse, 1200x630",Fitness for busy professionals: the minimum effective week | Suth Performance,Time-scarcity segment. From the Elite 15 HYROX coaching team at Suth Performance.,Article + BreadcrumbList (+HowTo where stepped),planned,
P055,pt,Age & Life Stage,4,Getting back in shape after injury: the patient comeback,getting-back-in-shape-after-injury-the-patient-comeback,getting fit after injury,,,Informational,longtail-unevidenced,Return-journey empathy; physio-handoff honesty,guide,1500,Free personal fitness assessment,Book a free call with Ben,/get-fit,ai-generate,"person removing knee support before careful squat, hopeful","photo + title band, brand dark/chartreuse, 1200x630",Getting back in shape after injury: the patient comeback | Suth Performance,Return-journey empathy. From the Elite 15 HYROX coaching team at Suth Performance.,Article + BreadcrumbList (+HowTo where stepped),planned,
P056,pt,Age & Life Stage,4,Student fitness on a budget: gym-free and cheap-gym plans,student-fitness-on-a-budget-gym-free-and-cheap-gym-plans,student workout plan,,,Informational,longtail-unevidenced,Young-audience capture; budget angle,guide,1500,Free personal fitness assessment,Book a free call with Ben,/get-fit,ai-generate,"campus room bodyweight workout, laptop plan playing","photo + title band, brand dark/chartreuse, 1200x630",Student fitness on a budget: gym-free and cheap-gym plans | Suth Performance,Young-audience capture. From the Elite 15 HYROX coaching team at Suth Performance.,Article + BreadcrumbList (+HowTo where stepped),planned,
P057,pt,Age & Life Stage,4,Exercise for desk workers: undoing 8 hours of sitting,exercise-for-desk-workers-undoing-8-hours-of-sitting,exercise for desk workers,,,Informational,longtail-unevidenced,Occupational segment; micro-break routines; corporate crosslink,guide,1500,Free personal fitness assessment,Book a free call with Ben,/get-fit,ai-generate,"standing desk stretch moment, office plants, natural","photo + title band, brand dark/chartreuse, 1200x630",Exercise for desk workers: undoing 8 hours of sitting | Suth Performance,Occupational segment. From the Elite 15 HYROX coaching team at Suth Performance.,Article + BreadcrumbList (+HowTo where stepped),planned,
P058,pt,Fat Loss,1,How to lose fat: the complete evidence-based guide,how-to-lose-fat-the-complete-evidence-based-guide,how to lose fat,,,Informational,longtail-unevidenced,Fat-loss pillar; no gimmicks positioning; assessment CTA,pillar,2500,Free personal fitness assessment,Book a free call with Ben,/fat-loss,own-photo,v2/metrics-fresh.jpg,"photo + title band, brand dark/chartreuse, 1200x630",How to lose fat: the complete evidence-based guide | Suth Performance,Fat-loss pillar. From the Elite 15 HYROX coaching team at Suth Performance.,Article + FAQPage + BreadcrumbList,planned,
P059,pt,Fat Loss,1,Calorie deficit explained: the maths and the psychology,calorie-deficit-explained-the-maths-and-the-psychology,calorie deficit,,,Informational,longtail-unevidenced,Core concept explainer; calculator CTA; snippet-format definition,guide,1500,Free personal fitness assessment,Book a free call with Ben,/fat-loss,data-graphic,"energy balance visual, plain-English","headline stat rendered as branded card, 1200x630",Calorie deficit explained: the maths and the psychology | Suth Performance,Core concept explainer. From the Elite 15 HYROX coaching team at Suth Performance.,Article + BreadcrumbList (+HowTo where stepped),planned,
P060,pt,Fat Loss,2,Why the scale isn't moving (though you're doing everything right),why-the-scale-isnt-moving-though-youre-doing-everything-right,scale not moving,,,Informational,longtail-unevidenced,Frustration-intent; water/glycogen/measurement education; retention tone,guide,1500,Free personal fitness assessment,Book a free call with Ben,/fat-loss,data-graphic,weight fluctuation vs trend line,"headline stat rendered as branded card, 1200x630",Why the scale isn't moving (though you're doing everything right) | Suth Performance,Frustration-intent. From the Elite 15 HYROX coaching team at Suth Performance.,Article + BreadcrumbList (+HowTo where stepped),planned,
P061,pt,Fat Loss,2,"Fat loss for people who train hard: eat enough, lose anyway",fat-loss-for-people-who-train-hard-eat-enough-lose-anyway,fat loss while training,,,Informational,longtail-unevidenced,Athlete-specific deficit guidance; performance-preservation angle,guide,1500,Free personal fitness assessment,Book a free call with Ben,/fat-loss,ai-generate,weighing meal prep portions beside training plan,"photo + title band, brand dark/chartreuse, 1200x630","Fat loss for people who train hard: eat enough, lose anyway | Suth Performance",Athlete-specific deficit guidance. From the Elite 15 HYROX coaching team at Suth Performance.,Article + BreadcrumbList (+HowTo where stepped),planned,
P062,pt,Fat Loss,2,Weight loss personal trainer: what they do differently,weight-loss-personal-trainer-what-they-do-differently,weight loss personal trainer,110,10,Commercial,semrush,KD10 service capture; method transparency; coaching CTA,guide,1500,Free personal fitness assessment,Book a free call with Ben,/fat-loss,ai-generate,coach and client walking gym floor mid conversation,"photo + title band, brand dark/chartreuse, 1200x630",Weight loss personal trainer: what they do differently | Suth Performance,KD10 service capture. From the Elite 15 HYROX coaching team at Suth Performance.,Article + BreadcrumbList (+HowTo where stepped),planned,
P063,pt,Fat Loss,2,Body recomposition: losing fat and gaining muscle at once,body-recomposition-losing-fat-and-gaining-muscle-at-once,body recomposition,,,Informational,longtail-unevidenced,Popular concept; honest who-it-works-for criteria,guide,1500,Free personal fitness assessment,Book a free call with Ben,/fat-loss,data-graphic,recomp vs cut-bulk comparison,"headline stat rendered as branded card, 1200x630",Body recomposition: losing fat and gaining muscle at once | Suth Performance,Popular concept. From the Elite 15 HYROX coaching team at Suth Performance.,Article + BreadcrumbList (+HowTo where stepped),planned,
P064,pt,Fat Loss,3,"Macros for beginners: protein first, then don't overthink",macros-for-beginners-protein-first-then-dont-overthink,macros for beginners,,,Informational,longtail-unevidenced,Simplification play against macro-obsessed content,guide,1500,Free personal fitness assessment,Book a free call with Ben,/fat-loss,ai-generate,"simple plate portioned by hand method, kitchen light","photo + title band, brand dark/chartreuse, 1200x630","Macros for beginners: protein first, then don't overthink | Suth Performance",Simplification play against macro-obsessed content. From the Elite 15 HYROX coaching team at Suth Performance.,Article + BreadcrumbList (+HowTo where stepped),planned,
P065,pt,Fat Loss,3,How much protein to lose weight (without losing muscle),how-much-protein-to-lose-weight-without-losing-muscle,protein for weight loss,,,Informational,longtail-unevidenced,Specific dosing question; evidence tables,guide,1500,Free personal fitness assessment,Book a free call with Ben,/fat-loss,data-graphic,protein targets by bodyweight,"headline stat rendered as branded card, 1200x630",How much protein to lose weight (without losing muscle) | Suth Performance,Specific dosing question. From the Elite 15 HYROX coaching team at Suth Performance.,Article + BreadcrumbList (+HowTo where stepped),planned,
P066,pt,Fat Loss,3,Walking for fat loss: the most underrated tool,walking-for-fat-loss-the-most-underrated-tool,walking for fat loss,,,Informational,longtail-unevidenced,Low-barrier entry content; step-count honesty,guide,1500,Free personal fitness assessment,Book a free call with Ben,/fat-loss,ai-generate,"brisk walker on canal path, headphones, everyday clothing","photo + title band, brand dark/chartreuse, 1200x630",Walking for fat loss: the most underrated tool | Suth Performance,Low-barrier entry content. From the Elite 15 HYROX coaching team at Suth Performance.,Article + BreadcrumbList (+HowTo where stepped),planned,
P067,pt,Fat Loss,3,How long does it take to lose a stone (healthily)?,how-long-does-it-take-to-lose-a-stone-healthily,how long to lose a stone,,,Informational,longtail-unevidenced,UK-specific unit query; honest timeline; UK audience signal,guide,1500,Free personal fitness assessment,Book a free call with Ben,/fat-loss,data-graphic,stone loss timeline scenarios,"headline stat rendered as branded card, 1200x630",How long does it take to lose a stone (healthily)? | Suth Performance,UK-specific unit query. From the Elite 15 HYROX coaching team at Suth Performance.,Article + BreadcrumbList (+HowTo where stepped),planned,
P068,pt,Fat Loss,4,Cardio vs weights for fat loss: the actual answer,cardio-vs-weights-for-fat-loss-the-actual-answer,cardio vs weights fat loss,,,Informational,longtail-unevidenced,Evergreen debate; both-and evidence; programme crosslink,guide,1500,Free personal fitness assessment,Book a free call with Ben,/fat-loss,ai-generate,"split treadmill vs dumbbell rack, same person","photo + title band, brand dark/chartreuse, 1200x630",Cardio vs weights for fat loss: the actual answer | Suth Performance,Evergreen debate. From the Elite 15 HYROX coaching team at Suth Performance.,Article + BreadcrumbList (+HowTo where stepped),planned,
P069,pt,Fat Loss,4,Maintenance: keeping weight off after you've lost it,maintenance-keeping-weight-off-after-youve-lost-it,keeping weight off,,,Informational,longtail-unevidenced,Post-diet content nobody writes; long-term coaching case,guide,1500,Free personal fitness assessment,Book a free call with Ben,/fat-loss,ai-generate,"person cooking relaxed weeknight meal, sustainable feel","photo + title band, brand dark/chartreuse, 1200x630",Maintenance: keeping weight off after you've lost it | Suth Performance,Post-diet content nobody writes. From the Elite 15 HYROX coaching team at Suth Performance.,Article + BreadcrumbList (+HowTo where stepped),planned,
P070,pt,Beginner Strength,1,"How to squat: form, depth and fixes for every body",how-to-squat-form-depth-and-fixes-for-every-body,how to squat,,,Informational,longtail-unevidenced,Movement pillar; video-first; form-check CTA,pillar,2500,Free personal fitness assessment,Book a free call with Ben,/strength,own-photo,v2/video-burpee.jpg,"photo + title band, brand dark/chartreuse, 1200x630","How to squat: form, depth and fixes for every body | Suth Performance",Movement pillar. From the Elite 15 HYROX coaching team at Suth Performance.,Article + FAQPage + BreadcrumbList,planned,
P071,pt,Beginner Strength,1,How to deadlift safely: the hinge that changes everything,how-to-deadlift-safely-the-hinge-that-changes-everything,how to deadlift,,,Informational,longtail-unevidenced,"Movement pillar; fear-reducing, physio-informed",guide,1500,Free personal fitness assessment,Book a free call with Ben,/strength,ai-generate,"coach teaching hinge with dowel, side profile, clean gym","photo + title band, brand dark/chartreuse, 1200x630",How to deadlift safely: the hinge that changes everything | Suth Performance,Movement pillar. From the Elite 15 HYROX coaching team at Suth Performance.,Article + BreadcrumbList (+HowTo where stepped),planned,
P072,pt,Beginner Strength,2,Progressive overload: the only principle that matters,progressive-overload-the-only-principle-that-matters,progressive overload,,,Informational,longtail-unevidenced,Core principle explainer; glossary crosslink; snippet definition,guide,1500,Free personal fitness assessment,Book a free call with Ben,/strength,data-graphic,progression staircase visual,"headline stat rendered as branded card, 1200x630",Progressive overload: the only principle that matters | Suth Performance,Core principle explainer. From the Elite 15 HYROX coaching team at Suth Performance.,Article + BreadcrumbList (+HowTo where stepped),planned,
P073,pt,Beginner Strength,2,How much should I be able to lift? Standards by age and weight,how-much-should-i-be-able-to-lift-standards-by-age-and-weight,how much should i be able to lift,,,Informational,longtail-unevidenced,Benchmark tables; calculator CTA; comparison-intent capture,guide,1500,Free personal fitness assessment,Book a free call with Ben,/strength,data-graphic,strength standards by age/bodyweight,"headline stat rendered as branded card, 1200x630",How much should I be able to lift? Standards by age and weight | Suth Performance,Benchmark tables. From the Elite 15 HYROX coaching team at Suth Performance.,Article + BreadcrumbList (+HowTo where stepped),planned,
P074,pt,Beginner Strength,2,Dumbbells vs barbells for beginners,dumbbells-vs-barbells-for-beginners,dumbbells vs barbells,,,Informational,longtail-unevidenced,Equipment-decision post; home-gym crosslink,guide,1500,Free personal fitness assessment,Book a free call with Ben,/strength,ai-generate,"dumbbell rack and barbell side by side, choice framing","photo + title band, brand dark/chartreuse, 1200x630",Dumbbells vs barbells for beginners | Suth Performance,Equipment-decision post. From the Elite 15 HYROX coaching team at Suth Performance.,Article + BreadcrumbList (+HowTo where stepped),planned,
P075,pt,Beginner Strength,3,"Kettlebell training for beginners: 6 moves, one bell",kettlebell-training-for-beginners-6-moves-one-bell,kettlebell workout beginners,,,Informational,longtail-unevidenced,Minimal-kit strength; home audience; video-linked,guide,1500,Free personal fitness assessment,Book a free call with Ben,/strength,ai-generate,"single kettlebell swing mid-motion, garden setting","photo + title band, brand dark/chartreuse, 1200x630","Kettlebell training for beginners: 6 moves, one bell | Suth Performance",Minimal-kit strength. From the Elite 15 HYROX coaching team at Suth Performance.,Article + BreadcrumbList (+HowTo where stepped),planned,
P076,pt,Beginner Strength,3,Core training that isn't crunches,core-training-that-isnt-crunches,core exercises,,,Informational,longtail-unevidenced,Anti-boredom angle; carries/planks/anti-rotation education,guide,1500,Free personal fitness assessment,Book a free call with Ben,/strength,ai-generate,"plank with coach cueing hips, gym floor","photo + title band, brand dark/chartreuse, 1200x630",Core training that isn't crunches | Suth Performance,Anti-boredom angle. From the Elite 15 HYROX coaching team at Suth Performance.,Article + BreadcrumbList (+HowTo where stepped),planned,
P077,pt,Beginner Strength,3,How to overhead press: shoulders that stay healthy,how-to-overhead-press-shoulders-that-stay-healthy,how to overhead press,,,Informational,longtail-unevidenced,Movement library completion,guide,1500,Free personal fitness assessment,Book a free call with Ben,/strength,ai-generate,"press lockout from behind, natural strength","photo + title band, brand dark/chartreuse, 1200x630",How to overhead press: shoulders that stay healthy | Suth Performance,Movement library completion. From the Elite 15 HYROX coaching team at Suth Performance.,Article + BreadcrumbList (+HowTo where stepped),planned,
P078,pt,Beginner Strength,4,Grip strength: why yours is holding everything back,grip-strength-why-yours-is-holding-everything-back,grip strength training,,,Informational,longtail-unevidenced,Underrated-limiter angle; carry crosslinks to HYROX side,guide,1500,Free personal fitness assessment,Book a free call with Ben,/strength,own-photo,track/palms-lamp-colour.jpg,"photo + title band, brand dark/chartreuse, 1200x630",Grip strength: why yours is holding everything back | Suth Performance,Underrated-limiter angle. From the Elite 15 HYROX coaching team at Suth Performance.,Article + BreadcrumbList (+HowTo where stepped),planned,
P079,pt,Beginner Strength,4,Should beginners lift to failure?,should-beginners-lift-to-failure,lifting to failure,,,Informational,longtail-unevidenced,Programming question; RIR education; snippet answer,guide,1500,Free personal fitness assessment,Book a free call with Ben,/strength,ai-generate,"last hard rep face, honest effort, spotter present","photo + title band, brand dark/chartreuse, 1200x630",Should beginners lift to failure? | Suth Performance,Programming question. From the Elite 15 HYROX coaching team at Suth Performance.,Article + BreadcrumbList (+HowTo where stepped),planned,
P080,pt,Beginner Running,1,How to start running from zero (when running feels impossible),how-to-start-running-from-zero-when-running-feels-impossible,how to start running,,,Informational,longtail-unevidenced,Running pillar; walk-run method; empathy-first,pillar,2500,Free personal fitness assessment,Book a free call with Ben,/running,ai-generate,"new runner pausing to breathe, park, no shame framing","photo + title band, brand dark/chartreuse, 1200x630",How to start running from zero (when running feels impossible) | Suth Performance,Running pillar. From the Elite 15 HYROX coaching team at Suth Performance.,Article + FAQPage + BreadcrumbList,planned,
P081,pt,Beginner Running,2,How to run faster: the 4 levers that actually work,how-to-run-faster-the-4-levers-that-actually-work,how to run faster,,,Informational,longtail-unevidenced,Improvement-intent; intervals/strength/economy/weight honesty,guide,1500,Free personal fitness assessment,Book a free call with Ben,/running,own-photo,track/bend-lanes-bw.jpg,"photo + title band, brand dark/chartreuse, 1200x630",How to run faster: the 4 levers that actually work | Suth Performance,Improvement-intent. From the Elite 15 HYROX coaching team at Suth Performance.,Article + BreadcrumbList (+HowTo where stepped),planned,
P082,pt,Beginner Running,2,"Running form for beginners: 5 cues, not 50",running-form-for-beginners-5-cues-not-50,running form,,,Informational,longtail-unevidenced,Simplification play; video-linked cues,guide,1500,Free personal fitness assessment,Book a free call with Ben,/running,own-photo,track/pair-rear-close-colour.jpg,"photo + title band, brand dark/chartreuse, 1200x630","Running form for beginners: 5 cues, not 50 | Suth Performance",Simplification play. From the Elite 15 HYROX coaching team at Suth Performance.,Article + BreadcrumbList (+HowTo where stepped),planned,
P083,pt,Beginner Running,3,Couch to 5k: an honest review from coaches,couch-to-5k-an-honest-review-from-coaches,couch to 5k review,,,Informational,longtail-unevidenced,Rides the biggest beginner-running brand; what-next CTA,guide,1500,Free personal fitness assessment,Book a free call with Ben,/running,ai-generate,"phone with running app strapped to arm, park backdrop","photo + title band, brand dark/chartreuse, 1200x630",Couch to 5k: an honest review from coaches | Suth Performance,Rides the biggest beginner-running brand. From the Elite 15 HYROX coaching team at Suth Performance.,Article + BreadcrumbList (+HowTo where stepped),planned,
P084,pt,Beginner Running,3,Treadmill vs outdoor running: differences that matter,treadmill-vs-outdoor-running-differences-that-matter,treadmill vs outdoor running,,,Informational,longtail-unevidenced,Evergreen question; winter-UK practicality,guide,1500,Free personal fitness assessment,Book a free call with Ben,/running,ai-generate,split treadmill window scene vs wet pavement run,"photo + title band, brand dark/chartreuse, 1200x630",Treadmill vs outdoor running: differences that matter | Suth Performance,Evergreen question. From the Elite 15 HYROX coaching team at Suth Performance.,Article + BreadcrumbList (+HowTo where stepped),planned,
P085,pt,Beginner Running,3,Shin splints: why new runners get them and the fix,shin-splints-why-new-runners-get-them-and-the-fix,shin splints,,,Informational,longtail-unevidenced,Symptom-intent capture; load-management education,guide,1500,Free personal fitness assessment,Book a free call with Ben,/running,ai-generate,"runner stretching calf on kerb, morning street","photo + title band, brand dark/chartreuse, 1200x630",Shin splints: why new runners get them and the fix | Suth Performance,Symptom-intent capture. From the Elite 15 HYROX coaching team at Suth Performance.,Article + BreadcrumbList (+HowTo where stepped),planned,
P086,pt,Beginner Running,4,Running in the heat (and the cold): UK weather playbook,running-in-the-heat-and-the-cold-uk-weather-playbook,running in heat,,,Informational,longtail-unevidenced,Seasonal republish pair; practical hydration/kit,guide,1500,Free personal fitness assessment,Book a free call with Ben,/running,ai-generate,"runner in light rain with cap, very British conditions","photo + title band, brand dark/chartreuse, 1200x630",Running in the heat (and the cold): UK weather playbook | Suth Performance,Seasonal republish pair. From the Elite 15 HYROX coaching team at Suth Performance.,Article + BreadcrumbList (+HowTo where stepped),planned,
P087,pt,Beginner Running,4,Your first 10k: the 8-week step up from 5k,your-first-10k-the-8-week-step-up-from-5k,first 10k training plan,,,Informational,longtail-unevidenced,Progression-intent; plan download; coaching CTA,guide,1500,Free personal fitness assessment,Book a free call with Ben,/running,data-graphic,5k-to-10k 8-week plan grid,"headline stat rendered as branded card, 1200x630",Your first 10k: the 8-week step up from 5k | Suth Performance,Progression-intent. From the Elite 15 HYROX coaching team at Suth Performance.,Article + BreadcrumbList (+HowTo where stepped),planned,
P088,pt,Habits & Motivation,1,"How to stay consistent with exercise: systems, not willpower",how-to-stay-consistent-with-exercise-systems-not-willpower,how to stay consistent with exercise,,,Informational,longtail-unevidenced,The real problem named; habit-science; coaching-accountability CTA,pillar,2500,Free personal fitness assessment,Book a free call with Ben,/get-fit,data-graphic,habit loop applied to training,"headline stat rendered as branded card, 1200x630","How to stay consistent with exercise: systems, not willpower | Suth Performance",The real problem named. From the Elite 15 HYROX coaching team at Suth Performance.,Article + FAQPage + BreadcrumbList,planned,
P089,pt,Habits & Motivation,2,Lost all motivation to work out? Read this first,lost-all-motivation-to-work-out-read-this-first,no motivation to workout,,,Informational,longtail-unevidenced,Low-point empathy content; restart protocol; kind tone,guide,1500,Free personal fitness assessment,Book a free call with Ben,/get-fit,ai-generate,"trainers by door, hand reaching for them, quiet hope","photo + title band, brand dark/chartreuse, 1200x630",Lost all motivation to work out? Read this first | Suth Performance,Low-point empathy content. From the Elite 15 HYROX coaching team at Suth Performance.,Article + BreadcrumbList (+HowTo where stepped),planned,
P090,pt,Habits & Motivation,2,How to make exercise a habit: the 66-day reality,how-to-make-exercise-a-habit-the-66-day-reality,how to make exercise a habit,,,Informational,longtail-unevidenced,Evidence-based habit formation; tracker download,guide,1500,Free personal fitness assessment,Book a free call with Ben,/get-fit,data-graphic,habit formation curve annotated,"headline stat rendered as branded card, 1200x630",How to make exercise a habit: the 66-day reality | Suth Performance,Evidence-based habit formation. From the Elite 15 HYROX coaching team at Suth Performance.,Article + BreadcrumbList (+HowTo where stepped),planned,
P091,pt,Habits & Motivation,3,Training when you really don't feel like it: the 10-minute rule,training-when-you-really-dont-feel-like-it-the-10-minute-rule,workout when tired,,,Informational,longtail-unevidenced,Practical micro-strategy; permission-to-scale framing,guide,1500,Free personal fitness assessment,Book a free call with Ben,/get-fit,ai-generate,"athlete doing lighter session, satisfied compromise","photo + title band, brand dark/chartreuse, 1200x630",Training when you really don't feel like it: the 10-minute rule | Suth Performance,Practical micro-strategy. From the Elite 15 HYROX coaching team at Suth Performance.,Article + BreadcrumbList (+HowTo where stepped),planned,
P092,pt,Habits & Motivation,3,Why you quit the gym in February (and how not to),why-you-quit-the-gym-in-february-and-how-not-to,gym new years resolution,,,Informational,longtail-unevidenced,January-publish seasonal; resolution-retention play,guide,1500,Free personal fitness assessment,Book a free call with Ben,/get-fit,ai-generate,"january gym crowd vs same gym in march, split","photo + title band, brand dark/chartreuse, 1200x630",Why you quit the gym in February (and how not to) | Suth Performance,January-publish seasonal. From the Elite 15 HYROX coaching team at Suth Performance.,Article + BreadcrumbList (+HowTo where stepped),planned,
P093,pt,Habits & Motivation,4,Tracking progress beyond the mirror: 9 markers that matter,tracking-progress-beyond-the-mirror-9-markers-that-matter,how to track fitness progress,,,Informational,longtail-unevidenced,Non-scale-victory education; Hub logging synergy,guide,1500,Free personal fitness assessment,Book a free call with Ben,/get-fit,own-photo,v2/bento-progress.jpg,"photo + title band, brand dark/chartreuse, 1200x630",Tracking progress beyond the mirror: 9 markers that matter | Suth Performance,Non-scale-victory education. From the Elite 15 HYROX coaching team at Suth Performance.,Article + BreadcrumbList (+HowTo where stepped),planned,
P094,pt,Habits & Motivation,4,Exercise and mental health: what the evidence really shows,exercise-and-mental-health-what-the-evidence-really-shows,exercise mental health,,,Informational,longtail-unevidenced,"Evidence-cited wellbeing content; sensitive, non-clinical framing",guide,1500,Free personal fitness assessment,Book a free call with Ben,/get-fit,ai-generate,"post-workout calm outside gym, golden hour","photo + title band, brand dark/chartreuse, 1200x630",Exercise and mental health: what the evidence really shows | Suth Performance,Evidence-cited wellbeing content. From the Elite 15 HYROX coaching team at Suth Performance.,Article + BreadcrumbList (+HowTo where stepped),planned,
P095,pt,Niche Services,2,Personal trainers for seniors: strength against ageing,personal-trainers-for-seniors-strength-against-ageing,fitness trainer for seniors,140,10,Commercial,semrush,KD10-15 senior cluster capture; evidence-forward,guide,1500,Free personal fitness assessment,Book a free call with Ben,/coaching,ai-generate,"senior strength class, capable and dignified","photo + title band, brand dark/chartreuse, 1200x630",Personal trainers for seniors: strength against ageing | Suth Performance,KD10-15 senior cluster capture. From the Elite 15 HYROX coaching team at Suth Performance.,Article + BreadcrumbList (+HowTo where stepped),planned,
P096,pt,Niche Services,2,Female personal trainers: why many women prefer them (and finding fit),female-personal-trainers-why-many-women-prefer-them-and-finding-fit,personal trainer near me female,90,14,Transactional,semrush,Preference-intent; our coaching-fit answer; respectful framing,guide,1500,Free personal fitness assessment,Book a free call with Ben,/coaching,ai-generate,"female coach demonstrating row to client, professional","photo + title band, brand dark/chartreuse, 1200x630",Female personal trainers: why many women prefer them (and finding fit) | Suth Performance,Preference-intent. From the Elite 15 HYROX coaching team at Suth Performance.,Article + BreadcrumbList (+HowTo where stepped),planned,
P097,pt,Niche Services,3,1-on-1 personal training vs group sessions: choosing your format,1-on-1-personal-training-vs-group-sessions-choosing-your-format,personal training 1 on 1,140,9,Informational,semrush,KD9 format-decision; tier-ladder mapping,guide,1500,Free personal fitness assessment,Book a free call with Ben,/coaching,data-graphic,format comparison decision aid,"headline stat rendered as branded card, 1200x630",1-on-1 personal training vs group sessions: choosing your format | Suth Performance,KD9 format-decision. From the Elite 15 HYROX coaching team at Suth Performance.,Article + BreadcrumbList (+HowTo where stepped),planned,
P098,pt,Niche Services,3,Home personal trainers: how home sessions work (and the online rival),home-personal-trainers-how-home-sessions-work-and-the-online-rival,home personal trainer,140,14,Commercial,semrush,KD14; home-service intent captured then online-converted,guide,1500,Free personal fitness assessment,Book a free call with Ben,/coaching,ai-generate,"coach with kit bag at client's front door, friendly","photo + title band, brand dark/chartreuse, 1200x630",Home personal trainers: how home sessions work (and the online rival) | Suth Performance,KD14. From the Elite 15 HYROX coaching team at Suth Performance.,Article + BreadcrumbList (+HowTo where stepped),planned,
P099,pt,Niche Services,3,Personal trainer and nutritionist in one: what's realistic,personal-trainer-and-nutritionist-in-one-whats-realistic,personal trainer nutritionist,,,Informational,longtail-unevidenced,Scope-of-practice honesty; combined-support model,guide,1500,Free personal fitness assessment,Book a free call with Ben,/coaching,ai-generate,meal plan and training plan side by side on table,"photo + title band, brand dark/chartreuse, 1200x630",Personal trainer and nutritionist in one: what's realistic | Suth Performance,Scope-of-practice honesty. From the Elite 15 HYROX coaching team at Suth Performance.,Article + BreadcrumbList (+HowTo where stepped),planned,
P100,pt,Niche Services,4,Muscle-building coaching: when a PT accelerates hypertrophy,muscle-building-coaching-when-a-pt-accelerates-hypertrophy,personal trainer to build muscle,90,14,Informational,semrush,KD14 outcome-specific service post,guide,1500,Free personal fitness assessment,Book a free call with Ben,/coaching,ai-generate,"progressive dumbbell rack focus, gym depth","photo + title band, brand dark/chartreuse, 1200x630",Muscle-building coaching: when a PT accelerates hypertrophy | Suth Performance,KD14 outcome-specific service post. From the Elite 15 HYROX coaching team at Suth Performance.,Article + BreadcrumbList (+HowTo where stepped),planned,
P101,pt,Niche Services,4,"Strength training for women: the near-me search, answered online",strength-training-for-women-the-near-me-search-answered-online,weight training for women near me,90,13,Transactional,semrush,KD13; near-me intent to online conversion; geo synergy,guide,1500,Free personal fitness assessment,Book a free call with Ben,/coaching,ai-generate,"woman mid goblet squat, strong, everyday gym","photo + title band, brand dark/chartreuse, 1200x630","Strength training for women: the near-me search, answered online | Suth Performance",KD13. From the Elite 15 HYROX coaching team at Suth Performance.,Article + BreadcrumbList (+HowTo where stepped),planned,
P102,pt,Location Editorial,3,Personal trainer prices in Manchester: what locals pay (2026),personal-trainer-prices-in-manchester-what-locals-pay-2026,personal trainer prices manchester,,,Informational,longtail-unevidenced,Local price-transparency editorial feeding /personal-trainer/manchester; online anchor comparison,guide,1500,Free personal fitness assessment,Book a free call with Ben,/personal-trainer,data-graphic,city price ranges vs online,"headline stat rendered as branded card, 1200x630",Personal trainer prices in Manchester: what locals pay (2026) | Suth Performance,Local price-transparency editorial feeding /personal-trainer/manchester. From the Elite 15 HYROX coaching team at Suth Performance.,Article + BreadcrumbList (+HowTo where stepped),planned,
P103,pt,Location Editorial,3,Personal trainer prices in Bristol: what locals pay (2026),personal-trainer-prices-in-bristol-what-locals-pay-2026,personal trainer prices bristol,,,Informational,longtail-unevidenced,Local price-transparency editorial feeding /personal-trainer/bristol; online anchor comparison,guide,1500,Free personal fitness assessment,Book a free call with Ben,/personal-trainer,data-graphic,city price ranges vs online,"headline stat rendered as branded card, 1200x630",Personal trainer prices in Bristol: what locals pay (2026) | Suth Performance,Local price-transparency editorial feeding /personal-trainer/bristol. From the Elite 15 HYROX coaching team at Suth Performance.,Article + BreadcrumbList (+HowTo where stepped),planned,
P104,pt,Location Editorial,3,Personal trainer prices in Birmingham: what locals pay (2026),personal-trainer-prices-in-birmingham-what-locals-pay-2026,personal trainer prices birmingham,,,Informational,longtail-unevidenced,Local price-transparency editorial feeding /personal-trainer/birmingham; online anchor comparison,guide,1500,Free personal fitness assessment,Book a free call with Ben,/personal-trainer,data-graphic,city price ranges vs online,"headline stat rendered as branded card, 1200x630",Personal trainer prices in Birmingham: what locals pay (2026) | Suth Performance,Local price-transparency editorial feeding /personal-trainer/birmingham. From the Elite 15 HYROX coaching team at Suth Performance.,Article + BreadcrumbList (+HowTo where stepped),planned,
P105,pt,Location Editorial,3,Personal trainer prices in Cardiff: what locals pay (2026),personal-trainer-prices-in-cardiff-what-locals-pay-2026,personal trainer prices cardiff,,,Informational,longtail-unevidenced,Local price-transparency editorial feeding /personal-trainer/cardiff; online anchor comparison,guide,1500,Free personal fitness assessment,Book a free call with Ben,/personal-trainer,data-graphic,city price ranges vs online,"headline stat rendered as branded card, 1200x630",Personal trainer prices in Cardiff: what locals pay (2026) | Suth Performance,Local price-transparency editorial feeding /personal-trainer/cardiff. From the Elite 15 HYROX coaching team at Suth Performance.,Article + BreadcrumbList (+HowTo where stepped),planned,
P106,pt,Location Editorial,3,Personal trainer prices in London: what locals pay (2026),personal-trainer-prices-in-london-what-locals-pay-2026,personal trainer prices london,90,13,Informational,semrush,Local price-transparency editorial feeding /personal-trainer/london; online anchor comparison,guide,1500,Free personal fitness assessment,Book a free call with Ben,/personal-trainer,data-graphic,city price ranges vs online,"headline stat rendered as branded card, 1200x630",Personal trainer prices in London: what locals pay (2026) | Suth Performance,Local price-transparency editorial feeding /personal-trainer/london. From the Elite 15 HYROX coaching team at Suth Performance.,Article + BreadcrumbList (+HowTo where stepped),planned,
P107,pt,Location Editorial,4,The best value personal training in the UK might not be near you,best-value-personal-training-in-the-uk-might-not-be-near-you,best personal trainer uk,,,Informational,longtail-unevidenced,Flagship geo-argument editorial; Elite-15-online-vs-local case; links location pages,guide,1500,Free personal fitness assessment,Book a free call with Ben,/personal-trainer,own-photo,ben/ben-coaching-placeholder.jpg,"photo + title band, brand dark/chartreuse, 1200x630",The best value personal training in the UK might not be near you | Suth Performance,Flagship geo-argument editorial. From the Elite 15 HYROX coaching team at Suth Performance.,Article + BreadcrumbList (+HowTo where stepped),planned,
P108,pt,PT FAQ,4,Can a personal trainer write my diet plan?,can-a-personal-trainer-write-my-diet-plan,can personal trainer give diet plan,,,Informational,longtail-unevidenced,"FAQ micro-post: 60-word direct answer first, then depth; FAQPage schema; AI-citation format",guide,1500,Free personal fitness assessment,See coaching options,/coaching,ai-generate,relevant candid coaching moment matching the question,"photo + title band, brand dark/chartreuse, 1200x630",Can a personal trainer write my diet plan? | Suth Performance,"FAQ micro-post: 60-word direct answer first, then depth. From the Elite 15 HYROX coaching team at Suth Performance.",Article + BreadcrumbList (+HowTo where stepped),planned,
P109,pt,PT FAQ,4,Do you tip a personal trainer?,do-you-tip-a-personal-trainer,do you tip personal trainer,,,Informational,longtail-unevidenced,"FAQ micro-post: 60-word direct answer first, then depth; FAQPage schema; AI-citation format",guide,1500,Free personal fitness assessment,See coaching options,/coaching,ai-generate,relevant candid coaching moment matching the question,"photo + title band, brand dark/chartreuse, 1200x630",Do you tip a personal trainer? | Suth Performance,"FAQ micro-post: 60-word direct answer first, then depth. From the Elite 15 HYROX coaching team at Suth Performance.",Article + BreadcrumbList (+HowTo where stepped),planned,
P110,pt,PT FAQ,4,Can you share a personal trainer with a friend?,can-you-share-a-personal-trainer-with-a-friend,share personal trainer with friend,,,Informational,longtail-unevidenced,"FAQ micro-post: 60-word direct answer first, then depth; FAQPage schema; AI-citation format",guide,1500,Free personal fitness assessment,See coaching options,/coaching,ai-generate,relevant candid coaching moment matching the question,"photo + title band, brand dark/chartreuse, 1200x630",Can you share a personal trainer with a friend? | Suth Performance,"FAQ micro-post: 60-word direct answer first, then depth. From the Elite 15 HYROX coaching team at Suth Performance.",Article + BreadcrumbList (+HowTo where stepped),planned,
P111,pt,PT FAQ,4,What should I wear to my first PT session?,what-should-i-wear-to-my-first-pt-session,what to wear first pt session,,,Informational,longtail-unevidenced,"FAQ micro-post: 60-word direct answer first, then depth; FAQPage schema; AI-citation format",guide,1500,Free personal fitness assessment,See coaching options,/coaching,ai-generate,relevant candid coaching moment matching the question,"photo + title band, brand dark/chartreuse, 1200x630",What should I wear to my first PT session? | Suth Performance,"FAQ micro-post: 60-word direct answer first, then depth. From the Elite 15 HYROX coaching team at Suth Performance.",Article + BreadcrumbList (+HowTo where stepped),planned,
P112,pt,PT FAQ,4,What happens at a PT consultation?,what-happens-at-a-pt-consultation,personal trainer consultation,,,Informational,longtail-unevidenced,"FAQ micro-post: 60-word direct answer first, then depth; FAQPage schema; AI-citation format",guide,1500,Free personal fitness assessment,See coaching options,/coaching,ai-generate,relevant candid coaching moment matching the question,"photo + title band, brand dark/chartreuse, 1200x630",What happens at a PT consultation? | Suth Performance,"FAQ micro-post: 60-word direct answer first, then depth. From the Elite 15 HYROX coaching team at Suth Performance.",Article + BreadcrumbList (+HowTo where stepped),planned,
P113,pt,PT FAQ,4,Do personal trainers judge beginners? (No — here's why),do-personal-trainers-judge-beginners-no-heres-why,do personal trainers judge you,,,Informational,longtail-unevidenced,"FAQ micro-post: 60-word direct answer first, then depth; FAQPage schema; AI-citation format",guide,1500,Free personal fitness assessment,See coaching options,/coaching,ai-generate,relevant candid coaching moment matching the question,"photo + title band, brand dark/chartreuse, 1200x630",Do personal trainers judge beginners? (No — here's why) | Suth Performance,"FAQ micro-post: 60-word direct answer first, then depth. From the Elite 15 HYROX coaching team at Suth Performance.",Article + BreadcrumbList (+HowTo where stepped),planned,
P114,pt,PT FAQ,4,Can I cancel a personal training contract?,can-i-cancel-a-personal-training-contract,cancel personal training contract,,,Informational,longtail-unevidenced,"FAQ micro-post: 60-word direct answer first, then depth; FAQPage schema; AI-citation format",guide,1500,Free personal fitness assessment,See coaching options,/coaching,ai-generate,relevant candid coaching moment matching the question,"photo + title band, brand dark/chartreuse, 1200x630",Can I cancel a personal training contract? | Suth Performance,"FAQ micro-post: 60-word direct answer first, then depth. From the Elite 15 HYROX coaching team at Suth Performance.",Article + BreadcrumbList (+HowTo where stepped),planned,
P115,pt,PT FAQ,4,Is one PT session a week enough?,is-one-pt-session-a-week-enough,is one pt session a week enough,,,Informational,longtail-unevidenced,"FAQ micro-post: 60-word direct answer first, then depth; FAQPage schema; AI-citation format",guide,1500,Free personal fitness assessment,See coaching options,/coaching,ai-generate,relevant candid coaching moment matching the question,"photo + title band, brand dark/chartreuse, 1200x630",Is one PT session a week enough? | Suth Performance,"FAQ micro-post: 60-word direct answer first, then depth. From the Elite 15 HYROX coaching team at Suth Performance.",Article + BreadcrumbList (+HowTo where stepped),planned,
P116,pt,PT FAQ,4,Are gym inductions worth doing?,are-gym-inductions-worth-doing,gym induction worth it,,,Informational,longtail-unevidenced,"FAQ micro-post: 60-word direct answer first, then depth; FAQPage schema; AI-citation format",guide,1500,Free personal fitness assessment,See coaching options,/coaching,ai-generate,relevant candid coaching moment matching the question,"photo + title band, brand dark/chartreuse, 1200x630",Are gym inductions worth doing? | Suth Performance,"FAQ micro-post: 60-word direct answer first, then depth. From the Elite 15 HYROX coaching team at Suth Performance.",Article + BreadcrumbList (+HowTo where stepped),planned,
P117,pt,PT FAQ,4,Personal trainer or physio: who do I need?,personal-trainer-or-physio-who-do-i-need,personal trainer or physiotherapist,,,Informational,longtail-unevidenced,"FAQ micro-post: 60-word direct answer first, then depth; FAQPage schema; AI-citation format",guide,1500,Free personal fitness assessment,See coaching options,/coaching,ai-generate,relevant candid coaching moment matching the question,"photo + title band, brand dark/chartreuse, 1200x630",Personal trainer or physio: who do I need? | Suth Performance,"FAQ micro-post: 60-word direct answer first, then depth. From the Elite 15 HYROX coaching team at Suth Performance.",Article + BreadcrumbList (+HowTo where stepped),planned,
P118,pt,Beginner FAQ,4,How long should a workout be?,how-long-should-a-workout-be,how long should a workout be,,,Informational,longtail-unevidenced,"FAQ micro-post: 50-word direct answer (snippet/AI-citation target), then coach-level depth; FAQPage schema",glossary,450,Free personal fitness assessment,Book a free call with Ben,/get-fit,ai-generate,candid gym or home-training moment matching the question,"photo + title band, brand dark/chartreuse, 1200x630",How long should a workout be? | Suth Performance,"FAQ micro-post: 50-word direct answer (snippet/AI-citation target), then coach-level depth. From the Elite 15 HYROX coaching team at Suth Performance.",DefinedTerm + Article + BreadcrumbList,planned,
P119,pt,Beginner FAQ,4,Should you work out every day?,should-you-work-out-every-day,should i workout every day,,,Informational,longtail-unevidenced,"FAQ micro-post: 50-word direct answer (snippet/AI-citation target), then coach-level depth; FAQPage schema",glossary,450,Free personal fitness assessment,Book a free call with Ben,/get-fit,ai-generate,candid gym or home-training moment matching the question,"photo + title band, brand dark/chartreuse, 1200x630",Should you work out every day? | Suth Performance,"FAQ micro-post: 50-word direct answer (snippet/AI-citation target), then coach-level depth. From the Elite 15 HYROX coaching team at Suth Performance.",DefinedTerm + Article + BreadcrumbList,planned,
P120,pt,Beginner FAQ,4,Is it better to work out in the morning or evening?,is-it-better-to-work-out-in-the-morning-or-evening,best time to workout,,,Informational,longtail-unevidenced,"FAQ micro-post: 50-word direct answer (snippet/AI-citation target), then coach-level depth; FAQPage schema",glossary,450,Free personal fitness assessment,Book a free call with Ben,/get-fit,ai-generate,candid gym or home-training moment matching the question,"photo + title band, brand dark/chartreuse, 1200x630",Is it better to work out in the morning or evening? | Suth Performance,"FAQ micro-post: 50-word direct answer (snippet/AI-citation target), then coach-level depth. From the Elite 15 HYROX coaching team at Suth Performance.",DefinedTerm + Article + BreadcrumbList,planned,
P121,pt,Beginner FAQ,4,Should you eat before a workout?,should-you-eat-before-a-workout,eat before workout,,,Informational,longtail-unevidenced,"FAQ micro-post: 50-word direct answer (snippet/AI-citation target), then coach-level depth; FAQPage schema",glossary,450,Free personal fitness assessment,Book a free call with Ben,/get-fit,ai-generate,candid gym or home-training moment matching the question,"photo + title band, brand dark/chartreuse, 1200x630",Should you eat before a workout? | Suth Performance,"FAQ micro-post: 50-word direct answer (snippet/AI-citation target), then coach-level depth. From the Elite 15 HYROX coaching team at Suth Performance.",DefinedTerm + Article + BreadcrumbList,planned,
P122,pt,Beginner FAQ,4,What should you eat after a workout?,what-should-you-eat-after-a-workout,what to eat after workout,,,Informational,longtail-unevidenced,"FAQ micro-post: 50-word direct answer (snippet/AI-citation target), then coach-level depth; FAQPage schema",glossary,450,Free personal fitness assessment,Book a free call with Ben,/get-fit,ai-generate,candid gym or home-training moment matching the question,"photo + title band, brand dark/chartreuse, 1200x630",What should you eat after a workout? | Suth Performance,"FAQ micro-post: 50-word direct answer (snippet/AI-citation target), then coach-level depth. From the Elite 15 HYROX coaching team at Suth Performance.",DefinedTerm + Article + BreadcrumbList,planned,
P123,pt,Beginner FAQ,4,How much water should you drink when training?,how-much-water-should-you-drink-when-training,water intake exercise,,,Informational,longtail-unevidenced,"FAQ micro-post: 50-word direct answer (snippet/AI-citation target), then coach-level depth; FAQPage schema",glossary,450,Free personal fitness assessment,Book a free call with Ben,/get-fit,ai-generate,candid gym or home-training moment matching the question,"photo + title band, brand dark/chartreuse, 1200x630",How much water should you drink when training? | Suth Performance,"FAQ micro-post: 50-word direct answer (snippet/AI-citation target), then coach-level depth. From the Elite 15 HYROX coaching team at Suth Performance.",DefinedTerm + Article + BreadcrumbList,planned,
P124,pt,Beginner FAQ,4,Is it normal to be sore after every workout?,is-it-normal-to-be-sore-after-every-workout,sore after every workout,,,Informational,longtail-unevidenced,"FAQ micro-post: 50-word direct answer (snippet/AI-citation target), then coach-level depth; FAQPage schema",glossary,450,Free personal fitness assessment,Book a free call with Ben,/get-fit,ai-generate,candid gym or home-training moment matching the question,"photo + title band, brand dark/chartreuse, 1200x630",Is it normal to be sore after every workout? | Suth Performance,"FAQ micro-post: 50-word direct answer (snippet/AI-citation target), then coach-level depth. From the Elite 15 HYROX coaching team at Suth Performance.",DefinedTerm + Article + BreadcrumbList,planned,
P125,pt,Beginner FAQ,4,Should you work out when sore?,should-you-work-out-when-sore,workout when sore,,,Informational,longtail-unevidenced,"FAQ micro-post: 50-word direct answer (snippet/AI-citation target), then coach-level depth; FAQPage schema",glossary,450,Free personal fitness assessment,Book a free call with Ben,/get-fit,ai-generate,candid gym or home-training moment matching the question,"photo + title band, brand dark/chartreuse, 1200x630",Should you work out when sore? | Suth Performance,"FAQ micro-post: 50-word direct answer (snippet/AI-citation target), then coach-level depth. From the Elite 15 HYROX coaching team at Suth Performance.",DefinedTerm + Article + BreadcrumbList,planned,
P126,pt,Beginner FAQ,4,Should you exercise with a cold?,should-you-exercise-with-a-cold,exercise with a cold,,,Informational,longtail-unevidenced,"FAQ micro-post: 50-word direct answer (snippet/AI-citation target), then coach-level depth; FAQPage schema",glossary,450,Free personal fitness assessment,Book a free call with Ben,/get-fit,ai-generate,candid gym or home-training moment matching the question,"photo + title band, brand dark/chartreuse, 1200x630",Should you exercise with a cold? | Suth Performance,"FAQ micro-post: 50-word direct answer (snippet/AI-citation target), then coach-level depth. From the Elite 15 HYROX coaching team at Suth Performance.",DefinedTerm + Article + BreadcrumbList,planned,
P127,pt,Beginner FAQ,4,How many rest days do you need a week?,how-many-rest-days-do-you-need-a-week,how many rest days,,,Informational,longtail-unevidenced,"FAQ micro-post: 50-word direct answer (snippet/AI-citation target), then coach-level depth; FAQPage schema",glossary,450,Free personal fitness assessment,Book a free call with Ben,/get-fit,ai-generate,candid gym or home-training moment matching the question,"photo + title band, brand dark/chartreuse, 1200x630",How many rest days do you need a week? | Suth Performance,"FAQ micro-post: 50-word direct answer (snippet/AI-citation target), then coach-level depth. From the Elite 15 HYROX coaching team at Suth Performance.",DefinedTerm + Article + BreadcrumbList,planned,
P128,pt,Beginner FAQ,4,"Do you need to warm up? (Yes, but not how you think)",do-you-need-to-warm-up-yes-but-not-how-you-think,do i need to warm up,,,Informational,longtail-unevidenced,"FAQ micro-post: 50-word direct answer (snippet/AI-citation target), then coach-level depth; FAQPage schema",glossary,450,Free personal fitness assessment,Book a free call with Ben,/get-fit,ai-generate,candid gym or home-training moment matching the question,"photo + title band, brand dark/chartreuse, 1200x630","Do you need to warm up? (Yes, but not how you think) | Suth Performance","FAQ micro-post: 50-word direct answer (snippet/AI-citation target), then coach-level depth. From the Elite 15 HYROX coaching team at Suth Performance.",DefinedTerm + Article + BreadcrumbList,planned,
P129,pt,Beginner FAQ,4,Is stretching before exercise bad?,is-stretching-before-exercise-bad,stretching before workout,,,Informational,longtail-unevidenced,"FAQ micro-post: 50-word direct answer (snippet/AI-citation target), then coach-level depth; FAQPage schema",glossary,450,Free personal fitness assessment,Book a free call with Ben,/get-fit,ai-generate,candid gym or home-training moment matching the question,"photo + title band, brand dark/chartreuse, 1200x630",Is stretching before exercise bad? | Suth Performance,"FAQ micro-post: 50-word direct answer (snippet/AI-citation target), then coach-level depth. From the Elite 15 HYROX coaching team at Suth Performance.",DefinedTerm + Article + BreadcrumbList,planned,
P130,pt,Beginner FAQ,4,How much cardio is too much?,how-much-cardio-is-too-much,how much cardio,,,Informational,longtail-unevidenced,"FAQ micro-post: 50-word direct answer (snippet/AI-citation target), then coach-level depth; FAQPage schema",glossary,450,Free personal fitness assessment,Book a free call with Ben,/get-fit,ai-generate,candid gym or home-training moment matching the question,"photo + title band, brand dark/chartreuse, 1200x630",How much cardio is too much? | Suth Performance,"FAQ micro-post: 50-word direct answer (snippet/AI-citation target), then coach-level depth. From the Elite 15 HYROX coaching team at Suth Performance.",DefinedTerm + Article + BreadcrumbList,planned,
P131,pt,Beginner FAQ,4,Do you need supplements as a beginner?,do-you-need-supplements-as-a-beginner,supplements for beginners,,,Informational,longtail-unevidenced,"FAQ micro-post: 50-word direct answer (snippet/AI-citation target), then coach-level depth; FAQPage schema",glossary,450,Free personal fitness assessment,Book a free call with Ben,/get-fit,ai-generate,candid gym or home-training moment matching the question,"photo + title band, brand dark/chartreuse, 1200x630",Do you need supplements as a beginner? | Suth Performance,"FAQ micro-post: 50-word direct answer (snippet/AI-citation target), then coach-level depth. From the Elite 15 HYROX coaching team at Suth Performance.",DefinedTerm + Article + BreadcrumbList,planned,
P132,pt,Beginner FAQ,4,Is creatine worth it?,is-creatine-worth-it,is creatine worth it,,,Informational,longtail-unevidenced,"FAQ micro-post: 50-word direct answer (snippet/AI-citation target), then coach-level depth; FAQPage schema",glossary,450,Free personal fitness assessment,Book a free call with Ben,/get-fit,ai-generate,candid gym or home-training moment matching the question,"photo + title band, brand dark/chartreuse, 1200x630",Is creatine worth it? | Suth Performance,"FAQ micro-post: 50-word direct answer (snippet/AI-citation target), then coach-level depth. From the Elite 15 HYROX coaching team at Suth Performance.",DefinedTerm + Article + BreadcrumbList,planned,
P133,pt,Beginner FAQ,4,Do fat burners work?,do-fat-burners-work,do fat burners work,,,Informational,longtail-unevidenced,"FAQ micro-post: 50-word direct answer (snippet/AI-citation target), then coach-level depth; FAQPage schema",glossary,450,Free personal fitness assessment,Book a free call with Ben,/get-fit,ai-generate,candid gym or home-training moment matching the question,"photo + title band, brand dark/chartreuse, 1200x630",Do fat burners work? | Suth Performance,"FAQ micro-post: 50-word direct answer (snippet/AI-citation target), then coach-level depth. From the Elite 15 HYROX coaching team at Suth Performance.",DefinedTerm + Article + BreadcrumbList,planned,
P134,pt,Beginner FAQ,4,Are protein shakes necessary?,are-protein-shakes-necessary,are protein shakes necessary,,,Informational,longtail-unevidenced,"FAQ micro-post: 50-word direct answer (snippet/AI-citation target), then coach-level depth; FAQPage schema",glossary,450,Free personal fitness assessment,Book a free call with Ben,/get-fit,ai-generate,candid gym or home-training moment matching the question,"photo + title band, brand dark/chartreuse, 1200x630",Are protein shakes necessary? | Suth Performance,"FAQ micro-post: 50-word direct answer (snippet/AI-citation target), then coach-level depth. From the Elite 15 HYROX coaching team at Suth Performance.",DefinedTerm + Article + BreadcrumbList,planned,
P135,pt,Beginner FAQ,4,Should women lift heavy weights?,should-women-lift-heavy-weights,should women lift heavy,,,Informational,longtail-unevidenced,"FAQ micro-post: 50-word direct answer (snippet/AI-citation target), then coach-level depth; FAQPage schema",glossary,450,Free personal fitness assessment,Book a free call with Ben,/get-fit,ai-generate,candid gym or home-training moment matching the question,"photo + title band, brand dark/chartreuse, 1200x630",Should women lift heavy weights? | Suth Performance,"FAQ micro-post: 50-word direct answer (snippet/AI-citation target), then coach-level depth. From the Elite 15 HYROX coaching team at Suth Performance.",DefinedTerm + Article + BreadcrumbList,planned,
P136,pt,Beginner FAQ,4,Will lifting weights make women bulky?,will-lifting-weights-make-women-bulky,will lifting make me bulky,,,Informational,longtail-unevidenced,"FAQ micro-post: 50-word direct answer (snippet/AI-citation target), then coach-level depth; FAQPage schema",glossary,450,Free personal fitness assessment,Book a free call with Ben,/get-fit,ai-generate,candid gym or home-training moment matching the question,"photo + title band, brand dark/chartreuse, 1200x630",Will lifting weights make women bulky? | Suth Performance,"FAQ micro-post: 50-word direct answer (snippet/AI-citation target), then coach-level depth. From the Elite 15 HYROX coaching team at Suth Performance.",DefinedTerm + Article + BreadcrumbList,planned,
P137,pt,Beginner FAQ,4,Can you spot-reduce belly fat?,can-you-spot-reduce-belly-fat,how to lose belly fat,,,Informational,longtail-unevidenced,"FAQ micro-post: 50-word direct answer (snippet/AI-citation target), then coach-level depth; FAQPage schema",glossary,450,Free personal fitness assessment,Book a free call with Ben,/get-fit,ai-generate,candid gym or home-training moment matching the question,"photo + title band, brand dark/chartreuse, 1200x630",Can you spot-reduce belly fat? | Suth Performance,"FAQ micro-post: 50-word direct answer (snippet/AI-citation target), then coach-level depth. From the Elite 15 HYROX coaching team at Suth Performance.",DefinedTerm + Article + BreadcrumbList,planned,
P138,pt,Beginner FAQ,4,How many steps a day do you actually need?,how-many-steps-a-day-do-you-actually-need,how many steps a day,,,Informational,longtail-unevidenced,"FAQ micro-post: 50-word direct answer (snippet/AI-citation target), then coach-level depth; FAQPage schema",glossary,450,Free personal fitness assessment,Book a free call with Ben,/get-fit,ai-generate,candid gym or home-training moment matching the question,"photo + title band, brand dark/chartreuse, 1200x630",How many steps a day do you actually need? | Suth Performance,"FAQ micro-post: 50-word direct answer (snippet/AI-citation target), then coach-level depth. From the Elite 15 HYROX coaching team at Suth Performance.",DefinedTerm + Article + BreadcrumbList,planned,
P139,pt,Beginner FAQ,4,Is walking enough exercise?,is-walking-enough-exercise,is walking enough exercise,,,Informational,longtail-unevidenced,"FAQ micro-post: 50-word direct answer (snippet/AI-citation target), then coach-level depth; FAQPage schema",glossary,450,Free personal fitness assessment,Book a free call with Ben,/get-fit,ai-generate,candid gym or home-training moment matching the question,"photo + title band, brand dark/chartreuse, 1200x630",Is walking enough exercise? | Suth Performance,"FAQ micro-post: 50-word direct answer (snippet/AI-citation target), then coach-level depth. From the Elite 15 HYROX coaching team at Suth Performance.",DefinedTerm + Article + BreadcrumbList,planned,
P140,pt,Beginner FAQ,4,What is a good resting heart rate?,what-is-a-good-resting-heart-rate,good resting heart rate,,,Informational,longtail-unevidenced,"FAQ micro-post: 50-word direct answer (snippet/AI-citation target), then coach-level depth; FAQPage schema",glossary,450,Free personal fitness assessment,Book a free call with Ben,/get-fit,ai-generate,candid gym or home-training moment matching the question,"photo + title band, brand dark/chartreuse, 1200x630",What is a good resting heart rate? | Suth Performance,"FAQ micro-post: 50-word direct answer (snippet/AI-citation target), then coach-level depth. From the Elite 15 HYROX coaching team at Suth Performance.",DefinedTerm + Article + BreadcrumbList,planned,
P141,pt,Beginner FAQ,4,How do you breathe when lifting?,how-do-you-breathe-when-lifting,breathing when lifting,,,Informational,longtail-unevidenced,"FAQ micro-post: 50-word direct answer (snippet/AI-citation target), then coach-level depth; FAQPage schema",glossary,450,Free personal fitness assessment,Book a free call with Ben,/get-fit,ai-generate,candid gym or home-training moment matching the question,"photo + title band, brand dark/chartreuse, 1200x630",How do you breathe when lifting? | Suth Performance,"FAQ micro-post: 50-word direct answer (snippet/AI-citation target), then coach-level depth. From the Elite 15 HYROX coaching team at Suth Performance.",DefinedTerm + Article + BreadcrumbList,planned,
P142,pt,Beginner FAQ,4,What weight should a beginner start with?,what-weight-should-a-beginner-start-with,what weight to start lifting,,,Informational,longtail-unevidenced,"FAQ micro-post: 50-word direct answer (snippet/AI-citation target), then coach-level depth; FAQPage schema",glossary,450,Free personal fitness assessment,Book a free call with Ben,/get-fit,ai-generate,candid gym or home-training moment matching the question,"photo + title band, brand dark/chartreuse, 1200x630",What weight should a beginner start with? | Suth Performance,"FAQ micro-post: 50-word direct answer (snippet/AI-citation target), then coach-level depth. From the Elite 15 HYROX coaching team at Suth Performance.",DefinedTerm + Article + BreadcrumbList,planned,
P143,pt,Beginner FAQ,4,How many reps and sets should beginners do?,how-many-reps-and-sets-should-beginners-do,how many reps and sets,,,Informational,longtail-unevidenced,"FAQ micro-post: 50-word direct answer (snippet/AI-citation target), then coach-level depth; FAQPage schema",glossary,450,Free personal fitness assessment,Book a free call with Ben,/get-fit,ai-generate,candid gym or home-training moment matching the question,"photo + title band, brand dark/chartreuse, 1200x630",How many reps and sets should beginners do? | Suth Performance,"FAQ micro-post: 50-word direct answer (snippet/AI-citation target), then coach-level depth. From the Elite 15 HYROX coaching team at Suth Performance.",DefinedTerm + Article + BreadcrumbList,planned,
P144,pt,Beginner FAQ,4,How long between sets should you rest?,how-long-between-sets-should-you-rest,rest between sets,,,Informational,longtail-unevidenced,"FAQ micro-post: 50-word direct answer (snippet/AI-citation target), then coach-level depth; FAQPage schema",glossary,450,Free personal fitness assessment,Book a free call with Ben,/get-fit,ai-generate,candid gym or home-training moment matching the question,"photo + title band, brand dark/chartreuse, 1200x630",How long between sets should you rest? | Suth Performance,"FAQ micro-post: 50-word direct answer (snippet/AI-citation target), then coach-level depth. From the Elite 15 HYROX coaching team at Suth Performance.",DefinedTerm + Article + BreadcrumbList,planned,
P145,pt,Beginner FAQ,4,Free weights or machines for beginners?,free-weights-or-machines-for-beginners,free weights vs machines,,,Informational,longtail-unevidenced,"FAQ micro-post: 50-word direct answer (snippet/AI-citation target), then coach-level depth; FAQPage schema",glossary,450,Free personal fitness assessment,Book a free call with Ben,/get-fit,ai-generate,candid gym or home-training moment matching the question,"photo + title band, brand dark/chartreuse, 1200x630",Free weights or machines for beginners? | Suth Performance,"FAQ micro-post: 50-word direct answer (snippet/AI-citation target), then coach-level depth. From the Elite 15 HYROX coaching team at Suth Performance.",DefinedTerm + Article + BreadcrumbList,planned,
P146,pt,Beginner FAQ,4,Is a gym membership worth it?,is-a-gym-membership-worth-it,is gym membership worth it,,,Informational,longtail-unevidenced,"FAQ micro-post: 50-word direct answer (snippet/AI-citation target), then coach-level depth; FAQPage schema",glossary,450,Free personal fitness assessment,Book a free call with Ben,/get-fit,ai-generate,candid gym or home-training moment matching the question,"photo + title band, brand dark/chartreuse, 1200x630",Is a gym membership worth it? | Suth Performance,"FAQ micro-post: 50-word direct answer (snippet/AI-citation target), then coach-level depth. From the Elite 15 HYROX coaching team at Suth Performance.",DefinedTerm + Article + BreadcrumbList,planned,
P147,pt,Beginner FAQ,4,Home gym or gym membership: which is cheaper?,home-gym-or-gym-membership-which-is-cheaper,home gym vs gym membership,,,Informational,longtail-unevidenced,"FAQ micro-post: 50-word direct answer (snippet/AI-citation target), then coach-level depth; FAQPage schema",glossary,450,Free personal fitness assessment,Book a free call with Ben,/get-fit,ai-generate,candid gym or home-training moment matching the question,"photo + title band, brand dark/chartreuse, 1200x630",Home gym or gym membership: which is cheaper? | Suth Performance,"FAQ micro-post: 50-word direct answer (snippet/AI-citation target), then coach-level depth. From the Elite 15 HYROX coaching team at Suth Performance.",DefinedTerm + Article + BreadcrumbList,planned,
P148,pt,Beginner FAQ,4,What is a calorie deficit in practice?,what-is-a-calorie-deficit-in-practice,what is a calorie deficit,,,Informational,longtail-unevidenced,"FAQ micro-post: 50-word direct answer (snippet/AI-citation target), then coach-level depth; FAQPage schema",glossary,450,Free personal fitness assessment,Book a free call with Ben,/get-fit,ai-generate,candid gym or home-training moment matching the question,"photo + title band, brand dark/chartreuse, 1200x630",What is a calorie deficit in practice? | Suth Performance,"FAQ micro-post: 50-word direct answer (snippet/AI-citation target), then coach-level depth. From the Elite 15 HYROX coaching team at Suth Performance.",DefinedTerm + Article + BreadcrumbList,planned,
P149,pt,Beginner FAQ,4,How accurate are calorie trackers on watches?,how-accurate-are-calorie-trackers-on-watches,are calorie trackers accurate,,,Informational,longtail-unevidenced,"FAQ micro-post: 50-word direct answer (snippet/AI-citation target), then coach-level depth; FAQPage schema",glossary,450,Free personal fitness assessment,Book a free call with Ben,/get-fit,ai-generate,candid gym or home-training moment matching the question,"photo + title band, brand dark/chartreuse, 1200x630",How accurate are calorie trackers on watches? | Suth Performance,"FAQ micro-post: 50-word direct answer (snippet/AI-citation target), then coach-level depth. From the Elite 15 HYROX coaching team at Suth Performance.",DefinedTerm + Article + BreadcrumbList,planned,
P150,pt,Beginner FAQ,4,Should you weigh yourself daily?,should-you-weigh-yourself-daily,should i weigh myself daily,,,Informational,longtail-unevidenced,"FAQ micro-post: 50-word direct answer (snippet/AI-citation target), then coach-level depth; FAQPage schema",glossary,450,Free personal fitness assessment,Book a free call with Ben,/get-fit,ai-generate,candid gym or home-training moment matching the question,"photo + title band, brand dark/chartreuse, 1200x630",Should you weigh yourself daily? | Suth Performance,"FAQ micro-post: 50-word direct answer (snippet/AI-citation target), then coach-level depth. From the Elite 15 HYROX coaching team at Suth Performance.",DefinedTerm + Article + BreadcrumbList,planned,
P151,pt,Beginner FAQ,4,Why am I gaining weight while exercising?,why-am-i-gaining-weight-while-exercising,gaining weight while exercising,,,Informational,longtail-unevidenced,"FAQ micro-post: 50-word direct answer (snippet/AI-citation target), then coach-level depth; FAQPage schema",glossary,450,Free personal fitness assessment,Book a free call with Ben,/get-fit,ai-generate,candid gym or home-training moment matching the question,"photo + title band, brand dark/chartreuse, 1200x630",Why am I gaining weight while exercising? | Suth Performance,"FAQ micro-post: 50-word direct answer (snippet/AI-citation target), then coach-level depth. From the Elite 15 HYROX coaching team at Suth Performance.",DefinedTerm + Article + BreadcrumbList,planned,
P152,pt,Beginner FAQ,4,How long does it take to get fit?,how-long-does-it-take-to-get-fit,how long to get fit,,,Informational,longtail-unevidenced,"FAQ micro-post: 50-word direct answer (snippet/AI-citation target), then coach-level depth; FAQPage schema",glossary,450,Free personal fitness assessment,Book a free call with Ben,/get-fit,ai-generate,candid gym or home-training moment matching the question,"photo + title band, brand dark/chartreuse, 1200x630",How long does it take to get fit? | Suth Performance,"FAQ micro-post: 50-word direct answer (snippet/AI-citation target), then coach-level depth. From the Elite 15 HYROX coaching team at Suth Performance.",DefinedTerm + Article + BreadcrumbList,planned,
P153,pt,Beginner FAQ,4,How long does it take to lose fitness?,how-long-does-it-take-to-lose-fitness,how quickly do you lose fitness,,,Informational,longtail-unevidenced,"FAQ micro-post: 50-word direct answer (snippet/AI-citation target), then coach-level depth; FAQPage schema",glossary,450,Free personal fitness assessment,Book a free call with Ben,/get-fit,ai-generate,candid gym or home-training moment matching the question,"photo + title band, brand dark/chartreuse, 1200x630",How long does it take to lose fitness? | Suth Performance,"FAQ micro-post: 50-word direct answer (snippet/AI-citation target), then coach-level depth. From the Elite 15 HYROX coaching team at Suth Performance.",DefinedTerm + Article + BreadcrumbList,planned,
P154,pt,Beginner FAQ,4,Can you get fit at home without equipment?,can-you-get-fit-at-home-without-equipment,get fit at home,,,Informational,longtail-unevidenced,"FAQ micro-post: 50-word direct answer (snippet/AI-citation target), then coach-level depth; FAQPage schema",glossary,450,Free personal fitness assessment,Book a free call with Ben,/get-fit,ai-generate,candid gym or home-training moment matching the question,"photo + title band, brand dark/chartreuse, 1200x630",Can you get fit at home without equipment? | Suth Performance,"FAQ micro-post: 50-word direct answer (snippet/AI-citation target), then coach-level depth. From the Elite 15 HYROX coaching team at Suth Performance.",DefinedTerm + Article + BreadcrumbList,planned,
P155,pt,Beginner FAQ,4,What's the best exercise for beginners?,whats-the-best-exercise-for-beginners,best exercise for beginners,,,Informational,longtail-unevidenced,"FAQ micro-post: 50-word direct answer (snippet/AI-citation target), then coach-level depth; FAQPage schema",glossary,450,Free personal fitness assessment,Book a free call with Ben,/get-fit,ai-generate,candid gym or home-training moment matching the question,"photo + title band, brand dark/chartreuse, 1200x630",What's the best exercise for beginners? | Suth Performance,"FAQ micro-post: 50-word direct answer (snippet/AI-citation target), then coach-level depth. From the Elite 15 HYROX coaching team at Suth Performance.",DefinedTerm + Article + BreadcrumbList,planned,
P156,pt,Beginner FAQ,4,Do you have to run to get fit?,do-you-have-to-run-to-get-fit,do i have to run,,,Informational,longtail-unevidenced,"FAQ micro-post: 50-word direct answer (snippet/AI-citation target), then coach-level depth; FAQPage schema",glossary,450,Free personal fitness assessment,Book a free call with Ben,/get-fit,ai-generate,candid gym or home-training moment matching the question,"photo + title band, brand dark/chartreuse, 1200x630",Do you have to run to get fit? | Suth Performance,"FAQ micro-post: 50-word direct answer (snippet/AI-citation target), then coach-level depth. From the Elite 15 HYROX coaching team at Suth Performance.",DefinedTerm + Article + BreadcrumbList,planned,
P157,pt,Beginner FAQ,4,Is HIIT good for beginners?,is-hiit-good-for-beginners,hiit for beginners,,,Informational,longtail-unevidenced,"FAQ micro-post: 50-word direct answer (snippet/AI-citation target), then coach-level depth; FAQPage schema",glossary,450,Free personal fitness assessment,Book a free call with Ben,/get-fit,ai-generate,candid gym or home-training moment matching the question,"photo + title band, brand dark/chartreuse, 1200x630",Is HIIT good for beginners? | Suth Performance,"FAQ micro-post: 50-word direct answer (snippet/AI-citation target), then coach-level depth. From the Elite 15 HYROX coaching team at Suth Performance.",DefinedTerm + Article + BreadcrumbList,planned,
P158,pt,Goal Training,3,How to build muscle: the beginner's evidence guide,how-to-build-muscle-the-beginners-evidence-guide,how to build muscle,,,Informational,longtail-unevidenced,hypertrophy pillar; volume/progression/protein basics,guide,1500,Free personal fitness assessment,Book a free call with Ben,/strength,own-photo,v2/video-farmers.jpg,"photo + title band, brand dark/chartreuse, 1200x630",How to build muscle: the beginner's evidence guide | Suth Performance,hypertrophy pillar. From the Elite 15 HYROX coaching team at Suth Performance.,Article + BreadcrumbList (+HowTo where stepped),planned,
P159,pt,Goal Training,3,How to get stronger without getting bigger,how-to-get-stronger-without-getting-bigger,get stronger not bigger,,,Informational,longtail-unevidenced,neural vs hypertrophy; weight-class + aesthetic audience,guide,1500,Free personal fitness assessment,Book a free call with Ben,/strength,ai-generate,"lean athlete heavy single, focused","photo + title band, brand dark/chartreuse, 1200x630",How to get stronger without getting bigger | Suth Performance,neural vs hypertrophy. From the Elite 15 HYROX coaching team at Suth Performance.,Article + BreadcrumbList (+HowTo where stepped),planned,
P160,pt,Goal Training,3,"Building a stronger back: rows, pulls and posture",building-a-stronger-back-rows-pulls-and-posture,back workout,,,Informational,longtail-unevidenced,body-part library; desk-worker crosslink,guide,1500,Free personal fitness assessment,Book a free call with Ben,/strength,ai-generate,cable row execution side profile,"photo + title band, brand dark/chartreuse, 1200x630","Building a stronger back: rows, pulls and posture | Suth Performance",body-part library. From the Elite 15 HYROX coaching team at Suth Performance.,Article + BreadcrumbList (+HowTo where stepped),planned,
P161,pt,Goal Training,3,Leg day for people who hate leg day,leg-day-for-people-who-hate-leg-day,leg workout,,,Informational,longtail-unevidenced,body-part library; humour + programming,guide,1500,Free personal fitness assessment,Book a free call with Ben,/strength,ai-generate,"squat rack setup, chalk, honest effort","photo + title band, brand dark/chartreuse, 1200x630",Leg day for people who hate leg day | Suth Performance,body-part library. From the Elite 15 HYROX coaching team at Suth Performance.,Article + BreadcrumbList (+HowTo where stepped),planned,
P162,pt,Goal Training,3,Arms without ego: training that actually adds size,arms-without-ego-training-that-actually-adds-size,arm workout,,,Informational,longtail-unevidenced,body-part library; beginner-realistic,guide,1500,Free personal fitness assessment,Book a free call with Ben,/strength,ai-generate,"dumbbell curl mid-set, gym mirror context","photo + title band, brand dark/chartreuse, 1200x630",Arms without ego: training that actually adds size | Suth Performance,body-part library. From the Elite 15 HYROX coaching team at Suth Performance.,Article + BreadcrumbList (+HowTo where stepped),planned,
P163,pt,Goal Training,3,Shoulder health: build them without wrecking them,shoulder-health-build-them-without-wrecking-them,shoulder workout,,,Informational,longtail-unevidenced,injury-aware body-part content,guide,1500,Free personal fitness assessment,Book a free call with Ben,/strength,ai-generate,"band work on rig, warmup context","photo + title band, brand dark/chartreuse, 1200x630",Shoulder health: build them without wrecking them | Suth Performance,injury-aware body-part content. From the Elite 15 HYROX coaching team at Suth Performance.,Article + BreadcrumbList (+HowTo where stepped),planned,
P164,pt,Goal Training,3,Glute training that isn't just hip thrusts,glute-training-that-isnt-just-hip-thrusts,glute workout,,,Informational,longtail-unevidenced,high-volume search topic; evidence-based,guide,1500,Free personal fitness assessment,Book a free call with Ben,/strength,ai-generate,"hip hinge with barbell, technical framing","photo + title band, brand dark/chartreuse, 1200x630",Glute training that isn't just hip thrusts | Suth Performance,high-volume search topic. From the Elite 15 HYROX coaching team at Suth Performance.,Article + BreadcrumbList (+HowTo where stepped),planned,
P165,pt,Goal Training,3,Core strength for real life: carries and anti-rotation,core-strength-for-real-life-carries-and-anti-rotation,core workout,,,Informational,longtail-unevidenced,functional framing; HYROX crossover,guide,1500,Free personal fitness assessment,Book a free call with Ben,/strength,own-photo,v2/video-farmers.jpg,"photo + title band, brand dark/chartreuse, 1200x630",Core strength for real life: carries and anti-rotation | Suth Performance,functional framing. From the Elite 15 HYROX coaching team at Suth Performance.,Article + BreadcrumbList (+HowTo where stepped),planned,
P166,pt,Goal Training,3,Building endurance from scratch,building-endurance-from-scratch,how to build endurance,,,Informational,longtail-unevidenced,aerobic base for beginners; zone-2 lite,guide,1500,Free personal fitness assessment,Book a free call with Ben,/strength,ai-generate,"steady run on canal path, sustainable pace","photo + title band, brand dark/chartreuse, 1200x630",Building endurance from scratch | Suth Performance,aerobic base for beginners. From the Elite 15 HYROX coaching team at Suth Performance.,Article + BreadcrumbList (+HowTo where stepped),planned,
P167,pt,Goal Training,3,Improving flexibility as an adult,improving-flexibility-as-an-adult,how to improve flexibility,,,Informational,longtail-unevidenced,mobility for stiff beginners; 10-min routines,guide,1500,Free personal fitness assessment,Book a free call with Ben,/strength,ai-generate,"hamstring stretch on mat, home living room","photo + title band, brand dark/chartreuse, 1200x630",Improving flexibility as an adult | Suth Performance,mobility for stiff beginners. From the Elite 15 HYROX coaching team at Suth Performance.,Article + BreadcrumbList (+HowTo where stepped),planned,
P168,pt,Goal Training,3,Posture: what training can and can't fix,posture-what-training-can-and-cant-fix,how to improve posture,,,Informational,longtail-unevidenced,myth-correction + practical strength answer,guide,1500,Free personal fitness assessment,Book a free call with Ben,/strength,ai-generate,"desk setup with standing break, office","photo + title band, brand dark/chartreuse, 1200x630",Posture: what training can and can't fix | Suth Performance,myth-correction + practical strength answer. From the Elite 15 HYROX coaching team at Suth Performance.,Article + BreadcrumbList (+HowTo where stepped),planned,
P169,pt,Goal Training,3,Balance training and why it matters after 50,balance-training-and-why-it-matters-after-50,balance exercises,,,Informational,longtail-unevidenced,senior cluster crosslink; falls-prevention evidence,guide,1500,Free personal fitness assessment,Book a free call with Ben,/strength,ai-generate,single-leg balance work with rail support,"photo + title band, brand dark/chartreuse, 1200x630",Balance training and why it matters after 50 | Suth Performance,senior cluster crosslink. From the Elite 15 HYROX coaching team at Suth Performance.,Article + BreadcrumbList (+HowTo where stepped),planned,
P170,pt,Everyday Nutrition,3,How much protein do you need a day?,how-much-protein-do-you-need-a-day,how much protein per day,,,Informational,longtail-unevidenced,top nutrition question; bodyweight table; snippet target,guide,1500,Free personal fitness assessment,Book a free call with Ben,/get-fit,data-graphic,daily protein targets by bodyweight and goal,"headline stat rendered as branded card, 1200x630",How much protein do you need a day? | Suth Performance,top nutrition question. From the Elite 15 HYROX coaching team at Suth Performance.,Article + BreadcrumbList (+HowTo where stepped),planned,
P171,pt,Everyday Nutrition,3,Meal prep for people who hate meal prep,meal-prep-for-people-who-hate-meal-prep,meal prep for beginners,,,Informational,longtail-unevidenced,practical anti-perfectionism; 3-component method,guide,1500,Free personal fitness assessment,Book a free call with Ben,/get-fit,ai-generate,"simple batch cook containers, real kitchen","photo + title band, brand dark/chartreuse, 1200x630",Meal prep for people who hate meal prep | Suth Performance,practical anti-perfectionism. From the Elite 15 HYROX coaching team at Suth Performance.,Article + BreadcrumbList (+HowTo where stepped),planned,
P172,pt,Everyday Nutrition,3,Eating out while training: the ordering playbook,eating-out-while-training-the-ordering-playbook,eating out on a diet,,,Informational,longtail-unevidenced,sustainability angle; social-life-preserved framing,guide,1500,Free personal fitness assessment,Book a free call with Ben,/get-fit,ai-generate,"restaurant table with balanced plate, friends blurred","photo + title band, brand dark/chartreuse, 1200x630",Eating out while training: the ordering playbook | Suth Performance,sustainability angle. From the Elite 15 HYROX coaching team at Suth Performance.,Article + BreadcrumbList (+HowTo where stepped),planned,
P173,pt,Everyday Nutrition,3,Alcohol and training: the honest trade-offs,alcohol-and-training-the-honest-trade-offs,alcohol and fitness,,,Informational,longtail-unevidenced,evidence without moralising; UK-relevant,guide,1500,Free personal fitness assessment,Book a free call with Ben,/get-fit,ai-generate,"pub scene, glass on table, gym bag beside chair","photo + title band, brand dark/chartreuse, 1200x630",Alcohol and training: the honest trade-offs | Suth Performance,evidence without moralising. From the Elite 15 HYROX coaching team at Suth Performance.,Article + BreadcrumbList (+HowTo where stepped),planned,
P174,pt,Everyday Nutrition,3,Do you need breakfast to train?,do-you-need-breakfast-to-train,breakfast before workout,,,Informational,longtail-unevidenced,myth question; fasted-training evidence,guide,1500,Free personal fitness assessment,Book a free call with Ben,/get-fit,ai-generate,"early kitchen, toast and coffee, gym kit on","photo + title band, brand dark/chartreuse, 1200x630",Do you need breakfast to train? | Suth Performance,myth question. From the Elite 15 HYROX coaching team at Suth Performance.,Article + BreadcrumbList (+HowTo where stepped),planned,
P175,pt,Everyday Nutrition,3,Snacks that actually support training,snacks-that-actually-support-training,healthy snacks,,,Informational,longtail-unevidenced,practical list; protein-forward,guide,1500,Free personal fitness assessment,Book a free call with Ben,/get-fit,ai-generate,"snack options laid out on counter, realistic","photo + title band, brand dark/chartreuse, 1200x630",Snacks that actually support training | Suth Performance,practical list. From the Elite 15 HYROX coaching team at Suth Performance.,Article + BreadcrumbList (+HowTo where stepped),planned,
P176,pt,Everyday Nutrition,3,Cooking for a family while eating for a goal,cooking-for-a-family-while-eating-for-a-goal,healthy family meals,,,Informational,longtail-unevidenced,life-stage practical; parents crosslink,guide,1500,Free personal fitness assessment,Book a free call with Ben,/get-fit,ai-generate,"family dinner table, shared meal, warm","photo + title band, brand dark/chartreuse, 1200x630",Cooking for a family while eating for a goal | Suth Performance,life-stage practical. From the Elite 15 HYROX coaching team at Suth Performance.,Article + BreadcrumbList (+HowTo where stepped),planned,
P177,pt,Everyday Nutrition,3,Supermarket shopping for training: the basket method,supermarket-shopping-for-training-the-basket-method,healthy food shopping list,,,Informational,longtail-unevidenced,budget + practical; UK supermarket context,guide,1500,Free personal fitness assessment,Book a free call with Ben,/get-fit,ai-generate,"trolley with staples, supermarket aisle","photo + title band, brand dark/chartreuse, 1200x630",Supermarket shopping for training: the basket method | Suth Performance,budget + practical. From the Elite 15 HYROX coaching team at Suth Performance.,Article + BreadcrumbList (+HowTo where stepped),planned,
P178,pt,Everyday Nutrition,3,Vegetarian and vegan training nutrition,vegetarian-and-vegan-training-nutrition,vegan fitness nutrition,,,Informational,longtail-unevidenced,underserved combination; protein strategies,guide,1500,Free personal fitness assessment,Book a free call with Ben,/get-fit,ai-generate,"plant-based protein spread, colourful plate","photo + title band, brand dark/chartreuse, 1200x630",Vegetarian and vegan training nutrition | Suth Performance,underserved combination. From the Elite 15 HYROX coaching team at Suth Performance.,Article + BreadcrumbList (+HowTo where stepped),planned,
P179,pt,Everyday Nutrition,3,Eating for shift work: fuelling a broken clock,eating-for-shift-work-fuelling-a-broken-clock,shift work nutrition,,,Informational,longtail-unevidenced,niche; shift-worker cluster crosslink,guide,1500,Free personal fitness assessment,Book a free call with Ben,/get-fit,ai-generate,"night-shift meal in staff room, honest","photo + title band, brand dark/chartreuse, 1200x630",Eating for shift work: fuelling a broken clock | Suth Performance,niche. From the Elite 15 HYROX coaching team at Suth Performance.,Article + BreadcrumbList (+HowTo where stepped),planned,
P180,pt,Location Editorial,4,"Getting fit in Nottingham: gyms, parks and online coaching compared",getting-fit-in-nottingham-gyms-parks-and-online-coaching-compared,personal trainer nottingham,,,Informational,longtail-unevidenced,Local editorial supporting /personal-trainer/nottingham; genuinely useful local content that also runs the online argument,guide,1500,Free personal fitness assessment,Book a free call with Ben,/personal-trainer,ai-generate,"Nottingham recognisable park or waterfront with runner, natural","photo + title band, brand dark/chartreuse, 1200x630","Getting fit in Nottingham: gyms, parks and online coaching compared | Suth Performance",Local editorial supporting /personal-trainer/nottingham. From the Elite 15 HYROX coaching team at Suth Performance.,Article + BreadcrumbList (+HowTo where stepped),planned,
P181,pt,Location Editorial,4,"Getting fit in Southampton: gyms, parks and online coaching compared",getting-fit-in-southampton-gyms-parks-and-online-coaching-compared,personal trainer southampton,260,12,Commercial,semrush,Local editorial supporting /personal-trainer/southampton; genuinely useful local content that also runs the online argument,guide,1500,Free personal fitness assessment,Book a free call with Ben,/personal-trainer,ai-generate,"Southampton recognisable park or waterfront with runner, natural","photo + title band, brand dark/chartreuse, 1200x630","Getting fit in Southampton: gyms, parks and online coaching compared | Suth Performance",Local editorial supporting /personal-trainer/southampton. From the Elite 15 HYROX coaching team at Suth Performance.,Article + BreadcrumbList (+HowTo where stepped),planned,
P182,pt,Location Editorial,4,"Getting fit in Brighton: gyms, parks and online coaching compared",getting-fit-in-brighton-gyms-parks-and-online-coaching-compared,personal trainer brighton,320,15,Commercial,semrush,Local editorial supporting /personal-trainer/brighton; genuinely useful local content that also runs the online argument,guide,1500,Free personal fitness assessment,Book a free call with Ben,/personal-trainer,ai-generate,"Brighton recognisable park or waterfront with runner, natural","photo + title band, brand dark/chartreuse, 1200x630","Getting fit in Brighton: gyms, parks and online coaching compared | Suth Performance",Local editorial supporting /personal-trainer/brighton. From the Elite 15 HYROX coaching team at Suth Performance.,Article + BreadcrumbList (+HowTo where stepped),planned,
P183,pt,Location Editorial,4,"Getting fit in Cambridge: gyms, parks and online coaching compared",getting-fit-in-cambridge-gyms-parks-and-online-coaching-compared,personal trainer cambridge,320,15,Commercial,semrush,Local editorial supporting /personal-trainer/cambridge; genuinely useful local content that also runs the online argument,guide,1500,Free personal fitness assessment,Book a free call with Ben,/personal-trainer,ai-generate,"Cambridge recognisable park or waterfront with runner, natural","photo + title band, brand dark/chartreuse, 1200x630","Getting fit in Cambridge: gyms, parks and online coaching compared | Suth Performance",Local editorial supporting /personal-trainer/cambridge. From the Elite 15 HYROX coaching team at Suth Performance.,Article + BreadcrumbList (+HowTo where stepped),planned,
P184,pt,Location Editorial,4,"Getting fit in York: gyms, parks and online coaching compared",getting-fit-in-york-gyms-parks-and-online-coaching-compared,personal trainer york,260,14,Commercial,semrush,Local editorial supporting /personal-trainer/york; genuinely useful local content that also runs the online argument,guide,1500,Free personal fitness assessment,Book a free call with Ben,/personal-trainer,ai-generate,"York recognisable park or waterfront with runner, natural","photo + title band, brand dark/chartreuse, 1200x630","Getting fit in York: gyms, parks and online coaching compared | Suth Performance",Local editorial supporting /personal-trainer/york. From the Elite 15 HYROX coaching team at Suth Performance.,Article + BreadcrumbList (+HowTo where stepped),planned,
P185,pt,Location Editorial,4,"Getting fit in Norwich: gyms, parks and online coaching compared",getting-fit-in-norwich-gyms-parks-and-online-coaching-compared,personal trainer norwich,,,Informational,longtail-unevidenced,Local editorial supporting /personal-trainer/norwich; genuinely useful local content that also runs the online argument,guide,1500,Free personal fitness assessment,Book a free call with Ben,/personal-trainer,ai-generate,"Norwich recognisable park or waterfront with runner, natural","photo + title band, brand dark/chartreuse, 1200x630","Getting fit in Norwich: gyms, parks and online coaching compared | Suth Performance",Local editorial supporting /personal-trainer/norwich. From the Elite 15 HYROX coaching team at Suth Performance.,Article + BreadcrumbList (+HowTo where stepped),planned,
P186,pt,Location Editorial,4,"Getting fit in Aberdeen: gyms, parks and online coaching compared",getting-fit-in-aberdeen-gyms-parks-and-online-coaching-compared,personal trainer aberdeen,210,12,Commercial,semrush,Local editorial supporting /personal-trainer/aberdeen; genuinely useful local content that also runs the online argument,guide,1500,Free personal fitness assessment,Book a free call with Ben,/personal-trainer,ai-generate,"Aberdeen recognisable park or waterfront with runner, natural","photo + title band, brand dark/chartreuse, 1200x630","Getting fit in Aberdeen: gyms, parks and online coaching compared | Suth Performance",Local editorial supporting /personal-trainer/aberdeen. From the Elite 15 HYROX coaching team at Suth Performance.,Article + BreadcrumbList (+HowTo where stepped),planned,
P187,pt,Location Editorial,4,"Getting fit in Coventry: gyms, parks and online coaching compared",getting-fit-in-coventry-gyms-parks-and-online-coaching-compared,personal trainer coventry,,,Informational,longtail-unevidenced,Local editorial supporting /personal-trainer/coventry; genuinely useful local content that also runs the online argument,guide,1500,Free personal fitness assessment,Book a free call with Ben,/personal-trainer,ai-generate,"Coventry recognisable park or waterfront with runner, natural","photo + title band, brand dark/chartreuse, 1200x630","Getting fit in Coventry: gyms, parks and online coaching compared | Suth Performance",Local editorial supporting /personal-trainer/coventry. From the Elite 15 HYROX coaching team at Suth Performance.,Article + BreadcrumbList (+HowTo where stepped),planned,
P188,pt,Location Editorial,4,"Getting fit in Reading: gyms, parks and online coaching compared",getting-fit-in-reading-gyms-parks-and-online-coaching-compared,personal trainer reading,,,Informational,longtail-unevidenced,Local editorial supporting /personal-trainer/reading; genuinely useful local content that also runs the online argument,guide,1500,Free personal fitness assessment,Book a free call with Ben,/personal-trainer,ai-generate,"Reading recognisable park or waterfront with runner, natural","photo + title band, brand dark/chartreuse, 1200x630","Getting fit in Reading: gyms, parks and online coaching compared | Suth Performance",Local editorial supporting /personal-trainer/reading. From the Elite 15 HYROX coaching team at Suth Performance.,Article + BreadcrumbList (+HowTo where stepped),planned,
P189,pt,Location Editorial,4,"Getting fit in Watford: gyms, parks and online coaching compared",getting-fit-in-watford-gyms-parks-and-online-coaching-compared,personal trainer watford,210,12,Commercial,semrush,Local editorial supporting /personal-trainer/watford; genuinely useful local content that also runs the online argument,guide,1500,Free personal fitness assessment,Book a free call with Ben,/personal-trainer,ai-generate,"Watford recognisable park or waterfront with runner, natural","photo + title band, brand dark/chartreuse, 1200x630","Getting fit in Watford: gyms, parks and online coaching compared | Suth Performance",Local editorial supporting /personal-trainer/watford. From the Elite 15 HYROX coaching team at Suth Performance.,Article + BreadcrumbList (+HowTo where stepped),planned,
P190,pt,Location Editorial,4,"Getting fit in Northampton: gyms, parks and online coaching compared",getting-fit-in-northampton-gyms-parks-and-online-coaching-compared,personal trainer northampton,320,11,Commercial,semrush,Local editorial supporting /personal-trainer/northampton; genuinely useful local content that also runs the online argument,guide,1500,Free personal fitness assessment,Book a free call with Ben,/personal-trainer,ai-generate,"Northampton recognisable park or waterfront with runner, natural","photo + title band, brand dark/chartreuse, 1200x630","Getting fit in Northampton: gyms, parks and online coaching compared | Suth Performance",Local editorial supporting /personal-trainer/northampton. From the Elite 15 HYROX coaching team at Suth Performance.,Article + BreadcrumbList (+HowTo where stepped),planned,
P191,pt,Location Editorial,4,"Getting fit in Bournemouth: gyms, parks and online coaching compared",getting-fit-in-bournemouth-gyms-parks-and-online-coaching-compared,personal trainer bournemouth,390,11,Commercial,semrush,Local editorial supporting /personal-trainer/bournemouth; genuinely useful local content that also runs the online argument,guide,1500,Free personal fitness assessment,Book a free call with Ben,/personal-trainer,ai-generate,"Bournemouth recognisable park or waterfront with runner, natural","photo + title band, brand dark/chartreuse, 1200x630","Getting fit in Bournemouth: gyms, parks and online coaching compared | Suth Performance",Local editorial supporting /personal-trainer/bournemouth. From the Elite 15 HYROX coaching team at Suth Performance.,Article + BreadcrumbList (+HowTo where stepped),planned,
P192,pt,Location Editorial,4,"Getting fit in Exeter: gyms, parks and online coaching compared",getting-fit-in-exeter-gyms-parks-and-online-coaching-compared,personal trainer exeter,,,Informational,longtail-unevidenced,Local editorial supporting /personal-trainer/exeter; genuinely useful local content that also runs the online argument,guide,1500,Free personal fitness assessment,Book a free call with Ben,/personal-trainer,ai-generate,"Exeter recognisable park or waterfront with runner, natural","photo + title band, brand dark/chartreuse, 1200x630","Getting fit in Exeter: gyms, parks and online coaching compared | Suth Performance",Local editorial supporting /personal-trainer/exeter. From the Elite 15 HYROX coaching team at Suth Performance.,Article + BreadcrumbList (+HowTo where stepped),planned,
P193,pt,Location Editorial,4,"Getting fit in Oxford: gyms, parks and online coaching compared",getting-fit-in-oxford-gyms-parks-and-online-coaching-compared,personal trainer oxford,,,Informational,longtail-unevidenced,Local editorial supporting /personal-trainer/oxford; genuinely useful local content that also runs the online argument,guide,1500,Free personal fitness assessment,Book a free call with Ben,/personal-trainer,ai-generate,"Oxford recognisable park or waterfront with runner, natural","photo + title band, brand dark/chartreuse, 1200x630","Getting fit in Oxford: gyms, parks and online coaching compared | Suth Performance",Local editorial supporting /personal-trainer/oxford. From the Elite 15 HYROX coaching team at Suth Performance.,Article + BreadcrumbList (+HowTo where stepped),planned,
P194,pt,Location Editorial,4,"Getting fit in Bath: gyms, parks and online coaching compared",getting-fit-in-bath-gyms-parks-and-online-coaching-compared,personal trainer bath,,,Informational,longtail-unevidenced,Local editorial supporting /personal-trainer/bath; genuinely useful local content that also runs the online argument,guide,1500,Free personal fitness assessment,Book a free call with Ben,/personal-trainer,ai-generate,"Bath recognisable park or waterfront with runner, natural","photo + title band, brand dark/chartreuse, 1200x630","Getting fit in Bath: gyms, parks and online coaching compared | Suth Performance",Local editorial supporting /personal-trainer/bath. From the Elite 15 HYROX coaching team at Suth Performance.,Article + BreadcrumbList (+HowTo where stepped),planned,
P195,pt,Location Editorial,4,"Getting fit in Canterbury: gyms, parks and online coaching compared",getting-fit-in-canterbury-gyms-parks-and-online-coaching-compared,personal trainer canterbury,170,9,Commercial,semrush,Local editorial supporting /personal-trainer/canterbury; genuinely useful local content that also runs the online argument,guide,1500,Free personal fitness assessment,Book a free call with Ben,/personal-trainer,ai-generate,"Canterbury recognisable park or waterfront with runner, natural","photo + title band, brand dark/chartreuse, 1200x630","Getting fit in Canterbury: gyms, parks and online coaching compared | Suth Performance",Local editorial supporting /personal-trainer/canterbury. From the Elite 15 HYROX coaching team at Suth Performance.,Article + BreadcrumbList (+HowTo where stepped),planned,
P196,pt,Location Editorial,4,"Getting fit in Portsmouth: gyms, parks and online coaching compared",getting-fit-in-portsmouth-gyms-parks-and-online-coaching-compared,personal trainer portsmouth,,,Informational,longtail-unevidenced,Local editorial supporting /personal-trainer/portsmouth; genuinely useful local content that also runs the online argument,guide,1500,Free personal fitness assessment,Book a free call with Ben,/personal-trainer,ai-generate,"Portsmouth recognisable park or waterfront with runner, natural","photo + title band, brand dark/chartreuse, 1200x630","Getting fit in Portsmouth: gyms, parks and online coaching compared | Suth Performance",Local editorial supporting /personal-trainer/portsmouth. From the Elite 15 HYROX coaching team at Suth Performance.,Article + BreadcrumbList (+HowTo where stepped),planned,
P197,pt,Location Editorial,4,"Getting fit in Poole: gyms, parks and online coaching compared",getting-fit-in-poole-gyms-parks-and-online-coaching-compared,personal trainer poole,170,13,Commercial,semrush,Local editorial supporting /personal-trainer/poole; genuinely useful local content that also runs the online argument,guide,1500,Free personal fitness assessment,Book a free call with Ben,/personal-trainer,ai-generate,"Poole recognisable park or waterfront with runner, natural","photo + title band, brand dark/chartreuse, 1200x630","Getting fit in Poole: gyms, parks and online coaching compared | Suth Performance",Local editorial supporting /personal-trainer/poole. From the Elite 15 HYROX coaching team at Suth Performance.,Article + BreadcrumbList (+HowTo where stepped),planned,
P198,pt,Consumer Guides,3,Best gym chains in the UK compared (2026),best-gym-chains-in-the-uk-compared-2026,best gym uk,,,Informational,longtail-unevidenced,consumer comparison; PureGym/Gym Group/DW; huge search,guide,1500,Free personal fitness assessment,Book a free call with Ben,/coaching,data-graphic,UK gym chain comparison table,"headline stat rendered as branded card, 1200x630",Best gym chains in the UK compared (2026) | Suth Performance,consumer comparison. From the Elite 15 HYROX coaching team at Suth Performance.,Article + BreadcrumbList (+HowTo where stepped),planned,
P199,pt,Consumer Guides,3,PureGym vs The Gym Group: which suits your training?,puregym-vs-the-gym-group-which-suits-your-training,puregym vs gym group,,,Informational,longtail-unevidenced,head-to-head; equipment reality for hybrid training,guide,1500,Free personal fitness assessment,Book a free call with Ben,/coaching,ai-generate,budget gym floor equipment overview,"photo + title band, brand dark/chartreuse, 1200x630",PureGym vs The Gym Group: which suits your training? | Suth Performance,head-to-head. From the Elite 15 HYROX coaching team at Suth Performance.,Article + BreadcrumbList (+HowTo where stepped),planned,
P200,pt,Consumer Guides,3,Best fitness apps 2026: what each is actually for,best-fitness-apps-2026-what-each-is-actually-for,best fitness app,,,Informational,longtail-unevidenced,app landscape; we appear honestly among them,guide,1500,Free personal fitness assessment,Book a free call with Ben,/coaching,data-graphic,fitness app comparison by use case,"headline stat rendered as branded card, 1200x630",Best fitness apps 2026: what each is actually for | Suth Performance,app landscape. From the Elite 15 HYROX coaching team at Suth Performance.,Article + BreadcrumbList (+HowTo where stepped),planned,
P201,pt,Consumer Guides,3,Best free workout apps that don't nag you to pay,best-free-workout-apps-that-dont-nag-you-to-pay,free workout app,,,Informational,longtail-unevidenced,free-intent capture; honest freemium map,guide,1500,Free personal fitness assessment,Book a free call with Ben,/coaching,data-graphic,free app feature comparison,"headline stat rendered as branded card, 1200x630",Best free workout apps that don't nag you to pay | Suth Performance,free-intent capture. From the Elite 15 HYROX coaching team at Suth Performance.,Article + BreadcrumbList (+HowTo where stepped),planned,
P202,pt,Consumer Guides,3,Fitness trackers compared: what data actually helps,fitness-trackers-compared-what-data-actually-helps,best fitness tracker,,,Informational,longtail-unevidenced,wearable buying guide; data-literacy angle,guide,1500,Free personal fitness assessment,Book a free call with Ben,/coaching,ai-generate,"three watches on desk, screens showing metrics","photo + title band, brand dark/chartreuse, 1200x630",Fitness trackers compared: what data actually helps | Suth Performance,wearable buying guide. From the Elite 15 HYROX coaching team at Suth Performance.,Article + BreadcrumbList (+HowTo where stepped),planned,
P203,pt,Consumer Guides,3,"Home gym essentials: what to buy first, second, third",home-gym-essentials-what-to-buy-first-second-third,home gym essentials,,,Informational,longtail-unevidenced,budget-tiered build; big commercial intent,guide,1500,Free personal fitness assessment,Book a free call with Ben,/coaching,ai-generate,"compact home gym corner, tidy and achievable","photo + title band, brand dark/chartreuse, 1200x630","Home gym essentials: what to buy first, second, third | Suth Performance",budget-tiered build. From the Elite 15 HYROX coaching team at Suth Performance.,Article + BreadcrumbList (+HowTo where stepped),planned,
P204,pt,Consumer Guides,3,Are gym contracts worth it? Rolling vs annual,are-gym-contracts-worth-it-rolling-vs-annual,gym contract,,,Informational,longtail-unevidenced,consumer-rights angle; UK-specific,guide,1500,Free personal fitness assessment,Book a free call with Ben,/coaching,ai-generate,contract paperwork on gym reception desk,"photo + title band, brand dark/chartreuse, 1200x630",Are gym contracts worth it? Rolling vs annual | Suth Performance,consumer-rights angle. From the Elite 15 HYROX coaching team at Suth Performance.,Article + BreadcrumbList (+HowTo where stepped),planned,
P205,pt,Consumer Guides,3,Personal training vs group classes vs apps: a buyer's map,personal-training-vs-group-classes-vs-apps-a-buyers-map,personal training vs classes,,,Informational,longtail-unevidenced,category-decision post; our ladder maps onto it,guide,1500,Free personal fitness assessment,Book a free call with Ben,/coaching,data-graphic,training option decision matrix,"headline stat rendered as branded card, 1200x630",Personal training vs group classes vs apps: a buyer's map | Suth Performance,category-decision post. From the Elite 15 HYROX coaching team at Suth Performance.,Article + BreadcrumbList (+HowTo where stepped),planned,
P206,pt,Consumer Guides,3,What to look for in a gym if you're training for a race,what-to-look-for-in-a-gym-if-youre-training-for-a-race,choosing a gym,,,Informational,longtail-unevidenced,equipment-checklist angle; HYROX crossover,guide,1500,Free personal fitness assessment,Book a free call with Ben,/coaching,ai-generate,"gym equipment audit view, sled and rig visible","photo + title band, brand dark/chartreuse, 1200x630",What to look for in a gym if you're training for a race | Suth Performance,equipment-checklist angle. From the Elite 15 HYROX coaching team at Suth Performance.,Article + BreadcrumbList (+HowTo where stepped),planned,
P207,pt,Consumer Guides,3,"Fitness qualifications explained (for people hiring, not becoming)",fitness-qualifications-explained-for-people-hiring-not-becoming,personal trainer qualifications,,,Informational,longtail-unevidenced,"buyer-side framing only — vetting a coach, NOT course content",guide,1500,Free personal fitness assessment,Book a free call with Ben,/coaching,data-graphic,credential checklist for hiring a coach,"headline stat rendered as branded card, 1200x630","Fitness qualifications explained (for people hiring, not becoming) | Suth Performance","buyer-side framing only — vetting a coach, NOT course content. From the Elite 15 HYROX coaching team at Suth Performance.",Article + BreadcrumbList (+HowTo where stepped),planned,
P208,pt,Process & Proof,3,What results can you expect in 12 weeks?,what-results-can-you-expect-in-12-weeks,12 week transformation,,,Informational,longtail-unevidenced,honest expectation-setting; no fake before/afters (hard rule 1),guide,1500,Free personal fitness assessment,Book a free call with Ben,/coaching,data-graphic,realistic 12-week outcome ranges,"headline stat rendered as branded card, 1200x630",What results can you expect in 12 weeks? | Suth Performance,honest expectation-setting. From the Elite 15 HYROX coaching team at Suth Performance.,Article + BreadcrumbList (+HowTo where stepped),planned,
P209,pt,Process & Proof,3,How to take progress photos that actually tell the truth,how-to-take-progress-photos-that-actually-tell-the-truth,progress photos,,,Informational,longtail-unevidenced,method post; lighting/consistency; self-tracking,guide,1500,Free personal fitness assessment,Book a free call with Ben,/coaching,ai-generate,"phone on tripod in bedroom, neutral setup","photo + title band, brand dark/chartreuse, 1200x630",How to take progress photos that actually tell the truth | Suth Performance,method post. From the Elite 15 HYROX coaching team at Suth Performance.,Article + BreadcrumbList (+HowTo where stepped),planned,
P210,pt,Process & Proof,3,Measuring progress without a scale,measuring-progress-without-a-scale,how to measure progress fitness,,,Informational,longtail-unevidenced,non-scale markers; Hub logging synergy,guide,1500,Free personal fitness assessment,Book a free call with Ben,/coaching,own-photo,v2/bento-progress.jpg,"photo + title band, brand dark/chartreuse, 1200x630",Measuring progress without a scale | Suth Performance,non-scale markers. From the Elite 15 HYROX coaching team at Suth Performance.,Article + BreadcrumbList (+HowTo where stepped),planned,
P211,pt,Process & Proof,3,Plateaus: why progress stalls and the 5 fixes,plateaus-why-progress-stalls-and-the-5-fixes,training plateau,,,Informational,longtail-unevidenced,problem-intent; programming education,guide,1500,Free personal fitness assessment,Book a free call with Ben,/coaching,ai-generate,"athlete resting on bench between sets, thinking","photo + title band, brand dark/chartreuse, 1200x630",Plateaus: why progress stalls and the 5 fixes | Suth Performance,problem-intent. From the Elite 15 HYROX coaching team at Suth Performance.,Article + BreadcrumbList (+HowTo where stepped),planned,
P212,pt,Process & Proof,3,How coaches actually write a training programme,how-coaches-actually-write-a-training-programme,how to write a training program,,,Informational,longtail-unevidenced,transparency content; sells the skill by showing it,guide,1500,Free personal fitness assessment,Book a free call with Ben,/coaching,ai-generate,coach writing plan at desk with laptop and notes,"photo + title band, brand dark/chartreuse, 1200x630",How coaches actually write a training programme | Suth Performance,transparency content. From the Elite 15 HYROX coaching team at Suth Performance.,Article + BreadcrumbList (+HowTo where stepped),planned,
P213,pt,Process & Proof,3,What a good check-in looks like (with a real example),what-a-good-check-in-looks-like-with-a-real-example,coaching check in,,,Informational,longtail-unevidenced,process transparency; online coaching CTA,guide,1500,Free personal fitness assessment,Book a free call with Ben,/coaching,ai-generate,coach reviewing client data on screen,"photo + title band, brand dark/chartreuse, 1200x630",What a good check-in looks like (with a real example) | Suth Performance,process transparency. From the Elite 15 HYROX coaching team at Suth Performance.,Article + BreadcrumbList (+HowTo where stepped),planned,
P214,pt,Process & Proof,3,Deload weeks for normal people,deload-weeks-for-normal-people,deload week,,,Informational,longtail-unevidenced,recovery education for non-athletes,guide,1500,Free personal fitness assessment,Book a free call with Ben,/coaching,data-graphic,training load with deload visual,"headline stat rendered as branded card, 1200x630",Deload weeks for normal people | Suth Performance,recovery education for non-athletes. From the Elite 15 HYROX coaching team at Suth Performance.,Article + BreadcrumbList (+HowTo where stepped),planned,
P215,pt,Process & Proof,3,Why your last programme failed (it probably wasn't you),why-your-last-programme-failed-it-probably-wasnt-you,why diets fail,,,Informational,longtail-unevidenced,empathy + systems argument; strong coaching CTA,guide,1500,Free personal fitness assessment,Book a free call with Ben,/coaching,ai-generate,"abandoned gym plan on fridge, honest scene","photo + title band, brand dark/chartreuse, 1200x630",Why your last programme failed (it probably wasn't you) | Suth Performance,empathy + systems argument. From the Elite 15 HYROX coaching team at Suth Performance.,Article + BreadcrumbList (+HowTo where stepped),planned,
P216,pt,Location Editorial,4,Getting fit in Leicester: your options compared,getting-fit-in-leicester-your-options-compared,personal trainer leicester,,,Informational,longtail-unevidenced,"Local editorial supporting /personal-trainer/leicester; gyms, parks, costs, and the online alternative",guide,1500,Free personal fitness assessment,Book a free call with Ben,/personal-trainer,ai-generate,"Leicester recognisable outdoor training location, natural documentary","photo + title band, brand dark/chartreuse, 1200x630",Getting fit in Leicester: your options compared | Suth Performance,Local editorial supporting /personal-trainer/leicester. From the Elite 15 HYROX coaching team at Suth Performance.,Article + BreadcrumbList (+HowTo where stepped),planned,
P217,pt,Location Editorial,4,Getting fit in Sheffield: your options compared,getting-fit-in-sheffield-your-options-compared,personal trainer sheffield,,,Informational,longtail-unevidenced,"Local editorial supporting /personal-trainer/sheffield; gyms, parks, costs, and the online alternative",guide,1500,Free personal fitness assessment,Book a free call with Ben,/personal-trainer,ai-generate,"Sheffield recognisable outdoor training location, natural documentary","photo + title band, brand dark/chartreuse, 1200x630",Getting fit in Sheffield: your options compared | Suth Performance,Local editorial supporting /personal-trainer/sheffield. From the Elite 15 HYROX coaching team at Suth Performance.,Article + BreadcrumbList (+HowTo where stepped),planned,
P218,pt,Location Editorial,4,Getting fit in Leeds: your options compared,getting-fit-in-leeds-your-options-compared,personal trainer leeds,,,Informational,longtail-unevidenced,"Local editorial supporting /personal-trainer/leeds; gyms, parks, costs, and the online alternative",guide,1500,Free personal fitness assessment,Book a free call with Ben,/personal-trainer,ai-generate,"Leeds recognisable outdoor training location, natural documentary","photo + title band, brand dark/chartreuse, 1200x630",Getting fit in Leeds: your options compared | Suth Performance,Local editorial supporting /personal-trainer/leeds. From the Elite 15 HYROX coaching team at Suth Performance.,Article + BreadcrumbList (+HowTo where stepped),planned,
P219,pt,Location Editorial,4,Getting fit in Liverpool: your options compared,getting-fit-in-liverpool-your-options-compared,personal trainer liverpool,,,Informational,longtail-unevidenced,"Local editorial supporting /personal-trainer/liverpool; gyms, parks, costs, and the online alternative",guide,1500,Free personal fitness assessment,Book a free call with Ben,/personal-trainer,ai-generate,"Liverpool recognisable outdoor training location, natural documentary","photo + title band, brand dark/chartreuse, 1200x630",Getting fit in Liverpool: your options compared | Suth Performance,Local editorial supporting /personal-trainer/liverpool. From the Elite 15 HYROX coaching team at Suth Performance.,Article + BreadcrumbList (+HowTo where stepped),planned,
P220,pt,Location Editorial,4,Getting fit in Newcastle: your options compared,getting-fit-in-newcastle-your-options-compared,personal trainer newcastle,,,Informational,longtail-unevidenced,"Local editorial supporting /personal-trainer/newcastle; gyms, parks, costs, and the online alternative",guide,1500,Free personal fitness assessment,Book a free call with Ben,/personal-trainer,ai-generate,"Newcastle recognisable outdoor training location, natural documentary","photo + title band, brand dark/chartreuse, 1200x630",Getting fit in Newcastle: your options compared | Suth Performance,Local editorial supporting /personal-trainer/newcastle. From the Elite 15 HYROX coaching team at Suth Performance.,Article + BreadcrumbList (+HowTo where stepped),planned,
P221,pt,Location Editorial,4,Getting fit in Glasgow: your options compared,getting-fit-in-glasgow-your-options-compared,personal trainer glasgow,,,Informational,longtail-unevidenced,"Local editorial supporting /personal-trainer/glasgow; gyms, parks, costs, and the online alternative",guide,1500,Free personal fitness assessment,Book a free call with Ben,/personal-trainer,ai-generate,"Glasgow recognisable outdoor training location, natural documentary","photo + title band, brand dark/chartreuse, 1200x630",Getting fit in Glasgow: your options compared | Suth Performance,Local editorial supporting /personal-trainer/glasgow. From the Elite 15 HYROX coaching team at Suth Performance.,Article + BreadcrumbList (+HowTo where stepped),planned,
P222,pt,Location Editorial,4,Getting fit in Edinburgh: your options compared,getting-fit-in-edinburgh-your-options-compared,personal trainer edinburgh,,,Informational,longtail-unevidenced,"Local editorial supporting /personal-trainer/edinburgh; gyms, parks, costs, and the online alternative",guide,1500,Free personal fitness assessment,Book a free call with Ben,/personal-trainer,ai-generate,"Edinburgh recognisable outdoor training location, natural documentary","photo + title band, brand dark/chartreuse, 1200x630",Getting fit in Edinburgh: your options compared | Suth Performance,Local editorial supporting /personal-trainer/edinburgh. From the Elite 15 HYROX coaching team at Suth Performance.,Article + BreadcrumbList (+HowTo where stepped),planned,
P223,pt,Location Editorial,4,Getting fit in Swansea: your options compared,getting-fit-in-swansea-your-options-compared,personal trainer swansea,,,Informational,longtail-unevidenced,"Local editorial supporting /personal-trainer/swansea; gyms, parks, costs, and the online alternative",guide,1500,Free personal fitness assessment,Book a free call with Ben,/personal-trainer,ai-generate,"Swansea recognisable outdoor training location, natural documentary","photo + title band, brand dark/chartreuse, 1200x630",Getting fit in Swansea: your options compared | Suth Performance,Local editorial supporting /personal-trainer/swansea. From the Elite 15 HYROX coaching team at Suth Performance.,Article + BreadcrumbList (+HowTo where stepped),planned,
P224,pt,Location Editorial,4,Getting fit in Derby: your options compared,getting-fit-in-derby-your-options-compared,personal trainer derby,,,Informational,longtail-unevidenced,"Local editorial supporting /personal-trainer/derby; gyms, parks, costs, and the online alternative",guide,1500,Free personal fitness assessment,Book a free call with Ben,/personal-trainer,ai-generate,"Derby recognisable outdoor training location, natural documentary","photo + title band, brand dark/chartreuse, 1200x630",Getting fit in Derby: your options compared | Suth Performance,Local editorial supporting /personal-trainer/derby. From the Elite 15 HYROX coaching team at Suth Performance.,Article + BreadcrumbList (+HowTo where stepped),planned,
P225,pt,Location Editorial,4,Getting fit in Plymouth: your options compared,getting-fit-in-plymouth-your-options-compared,personal trainer plymouth,,,Informational,longtail-unevidenced,"Local editorial supporting /personal-trainer/plymouth; gyms, parks, costs, and the online alternative",guide,1500,Free personal fitness assessment,Book a free call with Ben,/personal-trainer,ai-generate,"Plymouth recognisable outdoor training location, natural documentary","photo + title band, brand dark/chartreuse, 1200x630",Getting fit in Plymouth: your options compared | Suth Performance,Local editorial supporting /personal-trainer/plymouth. From the Elite 15 HYROX coaching team at Suth Performance.,Article + BreadcrumbList (+HowTo where stepped),planned,
P226,pt,Location Editorial,4,Getting fit in Milton Keynes: your options compared,getting-fit-in-milton-keynes-your-options-compared,personal trainer milton keynes,,,Informational,longtail-unevidenced,"Local editorial supporting /personal-trainer/milton-keynes; gyms, parks, costs, and the online alternative",guide,1500,Free personal fitness assessment,Book a free call with Ben,/personal-trainer,ai-generate,"Milton Keynes recognisable outdoor training location, natural documentary","photo + title band, brand dark/chartreuse, 1200x630",Getting fit in Milton Keynes: your options compared | Suth Performance,Local editorial supporting /personal-trainer/milton-keynes. From the Elite 15 HYROX coaching team at Suth Performance.,Article + BreadcrumbList (+HowTo where stepped),planned,
P227,pt,Location Editorial,4,Getting fit in Luton: your options compared,getting-fit-in-luton-your-options-compared,personal trainer luton,,,Informational,longtail-unevidenced,"Local editorial supporting /personal-trainer/luton; gyms, parks, costs, and the online alternative",guide,1500,Free personal fitness assessment,Book a free call with Ben,/personal-trainer,ai-generate,"Luton recognisable outdoor training location, natural documentary","photo + title band, brand dark/chartreuse, 1200x630",Getting fit in Luton: your options compared | Suth Performance,Local editorial supporting /personal-trainer/luton. From the Elite 15 HYROX coaching team at Suth Performance.,Article + BreadcrumbList (+HowTo where stepped),planned,
P228,pt,Location Editorial,4,Getting fit in Slough: your options compared,getting-fit-in-slough-your-options-compared,personal trainer slough,140,9,Commercial,semrush,"Local editorial supporting /personal-trainer/slough; gyms, parks, costs, and the online alternative",guide,1500,Free personal fitness assessment,Book a free call with Ben,/personal-trainer,ai-generate,"Slough recognisable outdoor training location, natural documentary","photo + title band, brand dark/chartreuse, 1200x630",Getting fit in Slough: your options compared | Suth Performance,Local editorial supporting /personal-trainer/slough. From the Elite 15 HYROX coaching team at Suth Performance.,Article + BreadcrumbList (+HowTo where stepped),planned,
P229,pt,Location Editorial,4,Getting fit in Croydon: your options compared,getting-fit-in-croydon-your-options-compared,personal trainer croydon,170,13,Commercial,semrush,"Local editorial supporting /personal-trainer/croydon; gyms, parks, costs, and the online alternative",guide,1500,Free personal fitness assessment,Book a free call with Ben,/personal-trainer,ai-generate,"Croydon recognisable outdoor training location, natural documentary","photo + title band, brand dark/chartreuse, 1200x630",Getting fit in Croydon: your options compared | Suth Performance,Local editorial supporting /personal-trainer/croydon. From the Elite 15 HYROX coaching team at Suth Performance.,Article + BreadcrumbList (+HowTo where stepped),planned,
P230,pt,Location Editorial,4,Getting fit in Chelmsford: your options compared,getting-fit-in-chelmsford-your-options-compared,personal trainer chelmsford,110,12,Commercial,semrush,"Local editorial supporting /personal-trainer/chelmsford; gyms, parks, costs, and the online alternative",guide,1500,Free personal fitness assessment,Book a free call with Ben,/personal-trainer,ai-generate,"Chelmsford recognisable outdoor training location, natural documentary","photo + title band, brand dark/chartreuse, 1200x630",Getting fit in Chelmsford: your options compared | Suth Performance,Local editorial supporting /personal-trainer/chelmsford. From the Elite 15 HYROX coaching team at Suth Performance.,Article + BreadcrumbList (+HowTo where stepped),planned,
P231,pt,Location Editorial,4,Getting fit in Bedford: your options compared,getting-fit-in-bedford-your-options-compared,personal trainer bedford,170,11,Commercial,semrush,"Local editorial supporting /personal-trainer/bedford; gyms, parks, costs, and the online alternative",guide,1500,Free personal fitness assessment,Book a free call with Ben,/personal-trainer,ai-generate,"Bedford recognisable outdoor training location, natural documentary","photo + title band, brand dark/chartreuse, 1200x630",Getting fit in Bedford: your options compared | Suth Performance,Local editorial supporting /personal-trainer/bedford. From the Elite 15 HYROX coaching team at Suth Performance.,Article + BreadcrumbList (+HowTo where stepped),planned,
P232,pt,Location Editorial,4,Getting fit in Worcester: your options compared,getting-fit-in-worcester-your-options-compared,personal trainer worcester,140,13,Commercial,semrush,"Local editorial supporting /personal-trainer/worcester; gyms, parks, costs, and the online alternative",guide,1500,Free personal fitness assessment,Book a free call with Ben,/personal-trainer,ai-generate,"Worcester recognisable outdoor training location, natural documentary","photo + title band, brand dark/chartreuse, 1200x630",Getting fit in Worcester: your options compared | Suth Performance,Local editorial supporting /personal-trainer/worcester. From the Elite 15 HYROX coaching team at Suth Performance.,Article + BreadcrumbList (+HowTo where stepped),planned,
P233,pt,Location Editorial,4,Getting fit in Redhill: your options compared,getting-fit-in-redhill-your-options-compared,personal trainer redhill,90,9,Commercial,semrush,"Local editorial supporting /personal-trainer/redhill; gyms, parks, costs, and the online alternative",guide,1500,Free personal fitness assessment,Book a free call with Ben,/personal-trainer,ai-generate,"Redhill recognisable outdoor training location, natural documentary","photo + title band, brand dark/chartreuse, 1200x630",Getting fit in Redhill: your options compared | Suth Performance,Local editorial supporting /personal-trainer/redhill. From the Elite 15 HYROX coaching team at Suth Performance.,Article + BreadcrumbList (+HowTo where stepped),planned,
P234,pt,Location Editorial,4,Getting fit in Ilford: your options compared,getting-fit-in-ilford-your-options-compared,personal trainer ilford,90,9,Commercial,semrush,"Local editorial supporting /personal-trainer/ilford; gyms, parks, costs, and the online alternative",guide,1500,Free personal fitness assessment,Book a free call with Ben,/personal-trainer,ai-generate,"Ilford recognisable outdoor training location, natural documentary","photo + title band, brand dark/chartreuse, 1200x630",Getting fit in Ilford: your options compared | Suth Performance,Local editorial supporting /personal-trainer/ilford. From the Elite 15 HYROX coaching team at Suth Performance.,Article + BreadcrumbList (+HowTo where stepped),planned,
P235,pt,Location Editorial,4,Getting fit in Southend-on-Sea: your options compared,getting-fit-in-southend-on-sea-your-options-compared,personal trainer southend-on-sea,,,Informational,longtail-unevidenced,"Local editorial supporting /personal-trainer/southend-on-sea; gyms, parks, costs, and the online alternative",guide,1500,Free personal fitness assessment,Book a free call with Ben,/personal-trainer,ai-generate,"Southend-on-Sea recognisable outdoor training location, natural documentary","photo + title band, brand dark/chartreuse, 1200x630",Getting fit in Southend-on-Sea: your options compared | Suth Performance,Local editorial supporting /personal-trainer/southend-on-sea. From the Elite 15 HYROX coaching team at Suth Performance.,Article + BreadcrumbList (+HowTo where stepped),planned,
P236,pt,Location Editorial,4,Getting fit in Bradford: your options compared,getting-fit-in-bradford-your-options-compared,personal trainer bradford,,,Informational,longtail-unevidenced,"Local editorial supporting /personal-trainer/bradford; gyms, parks, costs, and the online alternative",guide,1500,Free personal fitness assessment,Book a free call with Ben,/personal-trainer,ai-generate,"Bradford recognisable outdoor training location, natural documentary","photo + title band, brand dark/chartreuse, 1200x630",Getting fit in Bradford: your options compared | Suth Performance,Local editorial supporting /personal-trainer/bradford. From the Elite 15 HYROX coaching team at Suth Performance.,Article + BreadcrumbList (+HowTo where stepped),planned,
P237,pt,Location Editorial,4,Getting fit in Preston: your options compared,getting-fit-in-preston-your-options-compared,personal trainer preston,,,Informational,longtail-unevidenced,"Local editorial supporting /personal-trainer/preston; gyms, parks, costs, and the online alternative",guide,1500,Free personal fitness assessment,Book a free call with Ben,/personal-trainer,ai-generate,"Preston recognisable outdoor training location, natural documentary","photo + title band, brand dark/chartreuse, 1200x630",Getting fit in Preston: your options compared | Suth Performance,Local editorial supporting /personal-trainer/preston. From the Elite 15 HYROX coaching team at Suth Performance.,Article + BreadcrumbList (+HowTo where stepped),planned,
P238,pt,Location Editorial,4,Getting fit in Middlesbrough: your options compared,getting-fit-in-middlesbrough-your-options-compared,personal trainer middlesbrough,,,Informational,longtail-unevidenced,"Local editorial supporting /personal-trainer/middlesbrough; gyms, parks, costs, and the online alternative",guide,1500,Free personal fitness assessment,Book a free call with Ben,/personal-trainer,ai-generate,"Middlesbrough recognisable outdoor training location, natural documentary","photo + title band, brand dark/chartreuse, 1200x630",Getting fit in Middlesbrough: your options compared | Suth Performance,Local editorial supporting /personal-trainer/middlesbrough. From the Elite 15 HYROX coaching team at Suth Performance.,Article + BreadcrumbList (+HowTo where stepped),planned,
P239,pt,Location Editorial,4,Getting fit in Swindon: your options compared,getting-fit-in-swindon-your-options-compared,personal trainer swindon,,,Informational,longtail-unevidenced,"Local editorial supporting /personal-trainer/swindon; gyms, parks, costs, and the online alternative",guide,1500,Free personal fitness assessment,Book a free call with Ben,/personal-trainer,ai-generate,"Swindon recognisable outdoor training location, natural documentary","photo + title band, brand dark/chartreuse, 1200x630",Getting fit in Swindon: your options compared | Suth Performance,Local editorial supporting /personal-trainer/swindon. From the Elite 15 HYROX coaching team at Suth Performance.,Article + BreadcrumbList (+HowTo where stepped),planned,
P240,pt,Pain & Injury,3,"Lower back pain and exercise: what helps, what hurts",lower-back-pain-and-exercise-what-helps-what-hurts,lower back pain exercise,,,Informational,longtail-unevidenced,"huge search topic; evidence-based, physio-signposted",guide,1500,Free personal fitness assessment,Book a free call with Ben,/recovery,ai-generate,"person doing gentle hinge with coach watching, careful","photo + title band, brand dark/chartreuse, 1200x630","Lower back pain and exercise: what helps, what hurts | Suth Performance",huge search topic. From the Elite 15 HYROX coaching team at Suth Performance.,Article + BreadcrumbList (+HowTo where stepped),planned,
P241,pt,Pain & Injury,3,Knee pain when squatting: causes and fixes,knee-pain-when-squatting-causes-and-fixes,knee pain squatting,,,Informational,longtail-unevidenced,symptom-intent; technique vs load diagnosis,guide,1500,Free personal fitness assessment,Book a free call with Ben,/recovery,ai-generate,"squat depth assessment side view, coach hand cue","photo + title band, brand dark/chartreuse, 1200x630",Knee pain when squatting: causes and fixes | Suth Performance,symptom-intent. From the Elite 15 HYROX coaching team at Suth Performance.,Article + BreadcrumbList (+HowTo where stepped),planned,
P242,pt,Pain & Injury,3,Shoulder pain from pressing: the assessment,shoulder-pain-from-pressing-the-assessment,shoulder pain pressing,,,Informational,longtail-unevidenced,symptom-intent; scaling options,guide,1500,Free personal fitness assessment,Book a free call with Ben,/recovery,ai-generate,"shoulder mobility screen with band, studio","photo + title band, brand dark/chartreuse, 1200x630",Shoulder pain from pressing: the assessment | Suth Performance,symptom-intent. From the Elite 15 HYROX coaching team at Suth Performance.,Article + BreadcrumbList (+HowTo where stepped),planned,
P243,pt,Pain & Injury,3,Training with arthritis: what the evidence supports,training-with-arthritis-what-the-evidence-supports,exercise with arthritis,,,Informational,longtail-unevidenced,"senior cluster crosslink; evidence-cited, conservative",guide,1500,Free personal fitness assessment,Book a free call with Ben,/recovery,ai-generate,"older adult on stationary bike, comfortable and capable","photo + title band, brand dark/chartreuse, 1200x630",Training with arthritis: what the evidence supports | Suth Performance,senior cluster crosslink. From the Elite 15 HYROX coaching team at Suth Performance.,Article + BreadcrumbList (+HowTo where stepped),planned,
P244,pt,Pain & Injury,3,Exercising with high blood pressure: safe starting points,exercising-with-high-blood-pressure-safe-starting-points,exercise high blood pressure,,,Informational,longtail-unevidenced,medical-adjacent; GP-clearance framing throughout,guide,1500,Free personal fitness assessment,Book a free call with Ben,/recovery,ai-generate,blood pressure monitor beside trainers on table,"photo + title band, brand dark/chartreuse, 1200x630",Exercising with high blood pressure: safe starting points | Suth Performance,medical-adjacent. From the Elite 15 HYROX coaching team at Suth Performance.,Article + BreadcrumbList (+HowTo where stepped),planned,
P245,pt,Pain & Injury,3,"Training with diabetes: timing, fuel and safety",training-with-diabetes-timing-fuel-and-safety,exercise and diabetes,,,Informational,longtail-unevidenced,"medical-adjacent; conservative, sourced",guide,1500,Free personal fitness assessment,Book a free call with Ben,/recovery,ai-generate,"glucose monitor and gym bag, morning routine","photo + title band, brand dark/chartreuse, 1200x630","Training with diabetes: timing, fuel and safety | Suth Performance",medical-adjacent. From the Elite 15 HYROX coaching team at Suth Performance.,Article + BreadcrumbList (+HowTo where stepped),planned,
P246,pt,Pain & Injury,3,Exercise and asthma: training with your lungs in mind,exercise-and-asthma-training-with-your-lungs-in-mind,exercise induced asthma,,,Informational,longtail-unevidenced,condition-specific; inhaler-aware practical advice,guide,1500,Free personal fitness assessment,Book a free call with Ben,/recovery,ai-generate,"runner with inhaler in pocket, park path","photo + title band, brand dark/chartreuse, 1200x630",Exercise and asthma: training with your lungs in mind | Suth Performance,condition-specific. From the Elite 15 HYROX coaching team at Suth Performance.,Article + BreadcrumbList (+HowTo where stepped),planned,
P247,pt,Pain & Injury,3,Hypermobility and strength training,hypermobility-and-strength-training,hypermobility exercise,,,Informational,longtail-unevidenced,underserved condition; stability-first programming,guide,1500,Free personal fitness assessment,Book a free call with Ben,/recovery,ai-generate,controlled tempo work with light dumbbells,"photo + title band, brand dark/chartreuse, 1200x630",Hypermobility and strength training | Suth Performance,underserved condition. From the Elite 15 HYROX coaching team at Suth Performance.,Article + BreadcrumbList (+HowTo where stepped),planned,
P248,pt,Pain & Injury,3,Returning to training after surgery,returning-to-training-after-surgery,exercise after surgery,,,Informational,longtail-unevidenced,return-journey; clinician-handoff honesty,guide,1500,Free personal fitness assessment,Book a free call with Ben,/recovery,ai-generate,"physio-style gentle rehab session, clinic-adjacent gym","photo + title band, brand dark/chartreuse, 1200x630",Returning to training after surgery | Suth Performance,return-journey. From the Elite 15 HYROX coaching team at Suth Performance.,Article + BreadcrumbList (+HowTo where stepped),planned,
P249,pt,Pain & Injury,3,Is it muscle soreness or an injury? How to tell,is-it-muscle-soreness-or-an-injury-how-to-tell,muscle soreness vs injury,,,Informational,longtail-unevidenced,decision-tree post; genuinely useful triage,guide,1500,Free personal fitness assessment,Book a free call with Ben,/recovery,data-graphic,soreness vs injury decision tree,"headline stat rendered as branded card, 1200x630",Is it muscle soreness or an injury? How to tell | Suth Performance,decision-tree post. From the Elite 15 HYROX coaching team at Suth Performance.,Article + BreadcrumbList (+HowTo where stepped),planned,
P250,pt,Pain & Injury,3,Training around a niggle without making it worse,training-around-a-niggle-without-making-it-worse,training with niggle,,,Informational,longtail-unevidenced,practical modification matrix,guide,1500,Free personal fitness assessment,Book a free call with Ben,/recovery,ai-generate,"athlete adjusting exercise selection, thoughtful","photo + title band, brand dark/chartreuse, 1200x630",Training around a niggle without making it worse | Suth Performance,practical modification matrix. From the Elite 15 HYROX coaching team at Suth Performance.,Article + BreadcrumbList (+HowTo where stepped),planned,
P251,pt,Pain & Injury,3,Warm-ups that actually reduce injury risk,warm-ups-that-actually-reduce-injury-risk,warm up to prevent injury,,,Informational,longtail-unevidenced,evidence vs ritual; RAMP protocol,guide,1500,Free personal fitness assessment,Book a free call with Ben,/recovery,ai-generate,dynamic warmup sequence on gym floor,"photo + title band, brand dark/chartreuse, 1200x630",Warm-ups that actually reduce injury risk | Suth Performance,evidence vs ritual. From the Elite 15 HYROX coaching team at Suth Performance.,Article + BreadcrumbList (+HowTo where stepped),planned,
P252,pt,Women's Fitness,3,Strength training for women: the complete starting guide,strength-training-for-women-the-complete-starting-guide,strength training for women,,,Informational,longtail-unevidenced,women's pillar; myth-clearing + programme,pillar,2500,Free personal fitness assessment,Book a free call with Ben,/get-fit,ai-generate,"woman deadlift setup, strong and unposed, real gym","photo + title band, brand dark/chartreuse, 1200x630",Strength training for women: the complete starting guide | Suth Performance,women's pillar. From the Elite 15 HYROX coaching team at Suth Performance.,Article + FAQPage + BreadcrumbList,planned,
P253,pt,Women's Fitness,3,Training with your cycle: a practical framework,training-with-your-cycle-a-practical-framework,training menstrual cycle,,,Informational,longtail-unevidenced,evidence-cited; practical not prescriptive,guide,1500,Free personal fitness assessment,Book a free call with Ben,/get-fit,data-graphic,cycle phase training adjustments,"headline stat rendered as branded card, 1200x630",Training with your cycle: a practical framework | Suth Performance,evidence-cited. From the Elite 15 HYROX coaching team at Suth Performance.,Article + BreadcrumbList (+HowTo where stepped),planned,
P254,pt,Women's Fitness,3,Pelvic floor and lifting: what every woman should know,pelvic-floor-and-lifting-what-every-woman-should-know,pelvic floor exercise lifting,,,Informational,longtail-unevidenced,"underserved, high-trust; specialist-reviewed",guide,1500,Free personal fitness assessment,Book a free call with Ben,/get-fit,ai-generate,"core breathing work on mat, calm studio","photo + title band, brand dark/chartreuse, 1200x630",Pelvic floor and lifting: what every woman should know | Suth Performance,"underserved, high-trust. From the Elite 15 HYROX coaching team at Suth Performance.",Article + BreadcrumbList (+HowTo where stepped),planned,
P255,pt,Women's Fitness,3,Perimenopause and strength: why now matters most,perimenopause-and-strength-why-now-matters-most,perimenopause exercise,,,Informational,longtail-unevidenced,life-stage; bone/muscle evidence,guide,1500,Free personal fitness assessment,Book a free call with Ben,/get-fit,ai-generate,"mid-life woman with barbell, confident","photo + title band, brand dark/chartreuse, 1200x630",Perimenopause and strength: why now matters most | Suth Performance,life-stage. From the Elite 15 HYROX coaching team at Suth Performance.,Article + BreadcrumbList (+HowTo where stepped),planned,
P256,pt,Women's Fitness,3,"Women's protein needs: the numbers, honestly",womens-protein-needs-the-numbers-honestly,protein for women,,,Informational,longtail-unevidenced,counters under-eating; evidence tables,guide,1500,Free personal fitness assessment,Book a free call with Ben,/get-fit,data-graphic,protein targets for women by weight and goal,"headline stat rendered as branded card, 1200x630","Women's protein needs: the numbers, honestly | Suth Performance",counters under-eating. From the Elite 15 HYROX coaching team at Suth Performance.,Article + BreadcrumbList (+HowTo where stepped),planned,
P257,pt,Women's Fitness,3,"Training while breastfeeding: energy, timing and safety",training-while-breastfeeding-energy-timing-and-safety,exercise while breastfeeding,,,Informational,longtail-unevidenced,sensitive life-stage; sourced guidance,guide,1500,Free personal fitness assessment,Book a free call with Ben,/get-fit,ai-generate,"mother with baby carrier walking, active recovery","photo + title band, brand dark/chartreuse, 1200x630","Training while breastfeeding: energy, timing and safety | Suth Performance",sensitive life-stage. From the Elite 15 HYROX coaching team at Suth Performance.,Article + BreadcrumbList (+HowTo where stepped),planned,
P258,pt,Women's Fitness,3,Female-specific injury risks and prevention,female-specific-injury-risks-and-prevention,women injury prevention training,,,Informational,longtail-unevidenced,ACL/bone-density evidence; practical prevention,guide,1500,Free personal fitness assessment,Book a free call with Ben,/get-fit,ai-generate,"landing mechanics drill, coach observing","photo + title band, brand dark/chartreuse, 1200x630",Female-specific injury risks and prevention | Suth Performance,ACL/bone-density evidence. From the Elite 15 HYROX coaching team at Suth Performance.,Article + BreadcrumbList (+HowTo where stepped),planned,
P259,pt,Women's Fitness,3,Gym intimidation and the free-weights area,gym-intimidation-and-the-free-weights-area,women gym intimidation,,,Informational,longtail-unevidenced,empathy + tactics; gym-anxiety sibling,guide,1500,Free personal fitness assessment,Book a free call with Ben,/get-fit,ai-generate,"woman confidently in free weights area, natural","photo + title band, brand dark/chartreuse, 1200x630",Gym intimidation and the free-weights area | Suth Performance,empathy + tactics. From the Elite 15 HYROX coaching team at Suth Performance.,Article + BreadcrumbList (+HowTo where stepped),planned,
P260,pt,Lifestyle & Context,4,Sleep and fitness: the free performance multiplier,sleep-and-fitness-the-free-performance-multiplier,sleep and exercise,,,Informational,longtail-unevidenced,evidence-based; wearable-era relevance,guide,1500,Free personal fitness assessment,Book a free call with Ben,/get-fit,ai-generate,"dark bedroom, watch charging, calm","photo + title band, brand dark/chartreuse, 1200x630",Sleep and fitness: the free performance multiplier | Suth Performance,evidence-based. From the Elite 15 HYROX coaching team at Suth Performance.,Article + BreadcrumbList (+HowTo where stepped),planned,
P261,pt,Lifestyle & Context,4,"Stress, cortisol and training: separating fact from fear",stress-cortisol-and-training-separating-fact-from-fear,stress and exercise,,,Informational,longtail-unevidenced,myth-correction; evidence-cited,guide,1500,Free personal fitness assessment,Book a free call with Ben,/get-fit,ai-generate,"person walking outdoors decompressing, dusk","photo + title band, brand dark/chartreuse, 1200x630","Stress, cortisol and training: separating fact from fear | Suth Performance",myth-correction. From the Elite 15 HYROX coaching team at Suth Performance.,Article + BreadcrumbList (+HowTo where stepped),planned,
P262,pt,Lifestyle & Context,4,Training and mental health: what actually helps,training-and-mental-health-what-actually-helps,exercise for mental health,,,Informational,longtail-unevidenced,"sensitive, non-clinical, sourced; signposts support",guide,1500,Free personal fitness assessment,Book a free call with Ben,/get-fit,ai-generate,"group run at dusk, connection and calm","photo + title band, brand dark/chartreuse, 1200x630",Training and mental health: what actually helps | Suth Performance,"sensitive, non-clinical, sourced. From the Elite 15 HYROX coaching team at Suth Performance.",Article + BreadcrumbList (+HowTo where stepped),planned,
P263,pt,Lifestyle & Context,4,Fitting fitness around childcare,fitting-fitness-around-childcare,exercise with kids,,,Informational,longtail-unevidenced,practical life-stage; micro-session strategies,guide,1500,Free personal fitness assessment,Book a free call with Ben,/get-fit,ai-generate,"parent training with toddler playing nearby, real","photo + title band, brand dark/chartreuse, 1200x630",Fitting fitness around childcare | Suth Performance,practical life-stage. From the Elite 15 HYROX coaching team at Suth Performance.,Article + BreadcrumbList (+HowTo where stepped),planned,
P264,pt,Lifestyle & Context,4,Training with a long commute,training-with-a-long-commute,exercise with long commute,,,Informational,longtail-unevidenced,time-scarcity niche; commute-integration ideas,guide,1500,Free personal fitness assessment,Book a free call with Ben,/get-fit,ai-generate,"cyclist commuter with pannier, city morning","photo + title band, brand dark/chartreuse, 1200x630",Training with a long commute | Suth Performance,time-scarcity niche. From the Elite 15 HYROX coaching team at Suth Performance.,Article + BreadcrumbList (+HowTo where stepped),planned,
P265,pt,Lifestyle & Context,4,Fitness on a tight budget: everything free that works,fitness-on-a-tight-budget-everything-free-that-works,exercise on a budget,,,Informational,longtail-unevidenced,access-first; cost-of-living relevant,guide,1500,Free personal fitness assessment,Book a free call with Ben,/get-fit,ai-generate,"park bench workout, no equipment, honest","photo + title band, brand dark/chartreuse, 1200x630",Fitness on a tight budget: everything free that works | Suth Performance,access-first. From the Elite 15 HYROX coaching team at Suth Performance.,Article + BreadcrumbList (+HowTo where stepped),planned,
P266,pt,Lifestyle & Context,4,Training in a small flat: the 2m² workout,training-in-a-small-flat-the-2m2-workout,small space workout,,,Informational,longtail-unevidenced,urban-living constraint; equipment-minimal,guide,1500,Free personal fitness assessment,Book a free call with Ben,/get-fit,ai-generate,"tiny flat floor workout, mat and bands","photo + title band, brand dark/chartreuse, 1200x630",Training in a small flat: the 2m² workout | Suth Performance,urban-living constraint. From the Elite 15 HYROX coaching team at Suth Performance.,Article + BreadcrumbList (+HowTo where stepped),planned,
P267,pt,Lifestyle & Context,4,"Winter training in the UK: dark, wet and still doable",winter-training-in-the-uk-dark-wet-and-still-doable,winter training uk,,,Informational,longtail-unevidenced,seasonal; UK-specific; kit and mindset,guide,1500,Free personal fitness assessment,Book a free call with Ben,/get-fit,ai-generate,"runner in rain under streetlight, determined","photo + title band, brand dark/chartreuse, 1200x630","Winter training in the UK: dark, wet and still doable | Suth Performance",seasonal. From the Elite 15 HYROX coaching team at Suth Performance.,Article + BreadcrumbList (+HowTo where stepped),planned,
P268,pt,Lifestyle & Context,4,Training while travelling for work,training-while-travelling-for-work,workout while travelling,,,Informational,longtail-unevidenced,professional niche; hotel-gym reality,guide,1500,Free personal fitness assessment,Book a free call with Ben,/get-fit,ai-generate,"hotel gym at night, suitcase, laptop bag","photo + title band, brand dark/chartreuse, 1200x630",Training while travelling for work | Suth Performance,professional niche. From the Elite 15 HYROX coaching team at Suth Performance.,Article + BreadcrumbList (+HowTo where stepped),planned,
P269,pt,Lifestyle & Context,4,Social life vs training goals: the compatible version,social-life-vs-training-goals-the-compatible-version,training and social life,,,Informational,longtail-unevidenced,sustainability angle; anti-all-or-nothing,guide,1500,Free personal fitness assessment,Book a free call with Ben,/get-fit,ai-generate,"friends at pub, one with gym bag, relaxed","photo + title band, brand dark/chartreuse, 1200x630",Social life vs training goals: the compatible version | Suth Performance,sustainability angle. From the Elite 15 HYROX coaching team at Suth Performance.,Article + BreadcrumbList (+HowTo where stepped),planned,
P270,pt,Beginner to HYROX Bridge,2,From first gym session to first race: the 12-month path,from-first-gym-session-to-first-race-the-12-month-path,beginner to hyrox,,,Informational,longtail-unevidenced,THE strategic bridge post — beginners become race athletes,pillar,2500,Free personal fitness assessment,Book a free call with Ben,/get-fit,own-photo,track/diverse-pool,"photo + title band, brand dark/chartreuse, 1200x630",From first gym session to first race: the 12-month path | Suth Performance,THE strategic bridge post — beginners become race athletes. From the Elite 15 HYROX coaching team at Suth Performance.,Article + FAQPage + BreadcrumbList,planned,
P271,pt,Beginner to HYROX Bridge,2,Are you fit enough to try a fitness race?,are-you-fit-enough-to-try-a-fitness-race,fit enough for fitness race,,,Informational,longtail-unevidenced,readiness assessment; quiz CTA; fear-reduction,guide,1500,Free personal fitness assessment,Book a free call with Ben,/get-fit,data-graphic,readiness self-assessment checklist,"headline stat rendered as branded card, 1200x630",Are you fit enough to try a fitness race? | Suth Performance,readiness assessment. From the Elite 15 HYROX coaching team at Suth Performance.,Article + BreadcrumbList (+HowTo where stepped),planned,
P272,pt,Beginner to HYROX Bridge,2,Why a race goal beats a weight goal,why-a-race-goal-beats-a-weight-goal,fitness goal setting,,,Informational,longtail-unevidenced,motivation-science; converts fat-loss audience to event training,guide,1500,Free personal fitness assessment,Book a free call with Ben,/get-fit,ai-generate,"race bib pinned beside scale in bin, symbolic but tasteful","photo + title band, brand dark/chartreuse, 1200x630",Why a race goal beats a weight goal | Suth Performance,motivation-science. From the Elite 15 HYROX coaching team at Suth Performance.,Article + BreadcrumbList (+HowTo where stepped),planned,
P273,pt,Beginner to HYROX Bridge,2,"Your first fitness event: 5k, HYROX or something else?",your-first-fitness-event-5k-hyrox-or-something-else,first fitness event,,,Informational,longtail-unevidenced,event chooser for beginners; low-pressure framing,guide,1500,Free personal fitness assessment,Book a free call with Ben,/get-fit,data-graphic,event chooser decision tree,"headline stat rendered as branded card, 1200x630","Your first fitness event: 5k, HYROX or something else? | Suth Performance",event chooser for beginners. From the Elite 15 HYROX coaching team at Suth Performance.,Article + BreadcrumbList (+HowTo where stepped),planned,
P274,pt,Beginner to HYROX Bridge,2,What functional fitness actually means,what-functional-fitness-actually-means,functional fitness,,,Informational,longtail-unevidenced,definition post; category education; hybrid crosslink,guide,1500,Free personal fitness assessment,Book a free call with Ben,/get-fit,own-photo,v2/station-fresh.jpg,"photo + title band, brand dark/chartreuse, 1200x630",What functional fitness actually means | Suth Performance,definition post. From the Elite 15 HYROX coaching team at Suth Performance.,Article + BreadcrumbList (+HowTo where stepped),planned,
P275,pt,Beginner to HYROX Bridge,2,Group training vs solo: which keeps you consistent?,group-training-vs-solo-which-keeps-you-consistent,group training vs solo,,,Informational,longtail-unevidenced,adherence evidence; community angle,guide,1500,Free personal fitness assessment,Book a free call with Ben,/get-fit,ai-generate,"small group session, camaraderie, gym floor","photo + title band, brand dark/chartreuse, 1200x630",Group training vs solo: which keeps you consistent? | Suth Performance,adherence evidence. From the Elite 15 HYROX coaching team at Suth Performance.,Article + BreadcrumbList (+HowTo where stepped),planned,
P276,pt,Getting Started,2,How to choose your first fitness goal,how-to-choose-your-first-fitness-goal,how to set fitness goals,,,Informational,longtail-unevidenced,goal-setting framework; feeds the assessment quiz,guide,1500,Free personal fitness assessment,Book a free call with Ben,/get-fit,data-graphic,goal selection decision aid,"headline stat rendered as branded card, 1200x630",How to choose your first fitness goal | Suth Performance,goal-setting framework. From the Elite 15 HYROX coaching team at Suth Performance.,Article + BreadcrumbList (+HowTo where stepped),planned,
P277,pt,Getting Started,2,Do you need a fitness assessment before starting?,do-you-need-a-fitness-assessment-before-starting,fitness assessment,,,Informational,longtail-unevidenced,our free assessment as the answer; genuinely useful either way,guide,1500,Free personal fitness assessment,Book a free call with Ben,/get-fit,own-photo,v2/metrics-fresh.jpg,"photo + title band, brand dark/chartreuse, 1200x630",Do you need a fitness assessment before starting? | Suth Performance,our free assessment as the answer. From the Elite 15 HYROX coaching team at Suth Performance.,Article + BreadcrumbList (+HowTo where stepped),planned,
P278,pt,Getting Started,2,What is a fitness baseline and how to measure yours,what-is-a-fitness-baseline-and-how-to-measure-yours,fitness baseline test,,,Informational,longtail-unevidenced,self-test protocol; repeatable; logging synergy,guide,1500,Free personal fitness assessment,Book a free call with Ben,/get-fit,data-graphic,baseline test battery card,"headline stat rendered as branded card, 1200x630",What is a fitness baseline and how to measure yours | Suth Performance,self-test protocol. From the Elite 15 HYROX coaching team at Suth Performance.,Article + BreadcrumbList (+HowTo where stepped),planned,
P279,pt,Getting Started,2,How to read a training programme (if you've never had one),how-to-read-a-training-programme-if-youve-never-had-one,how to follow a workout plan,,,Informational,longtail-unevidenced,programme-literacy; sets and reps notation decoded,guide,1500,Free personal fitness assessment,Book a free call with Ben,/get-fit,ai-generate,printed plan on gym bench with pen marks,"photo + title band, brand dark/chartreuse, 1200x630",How to read a training programme (if you've never had one) | Suth Performance,programme-literacy. From the Elite 15 HYROX coaching team at Suth Performance.,Article + BreadcrumbList (+HowTo where stepped),planned,
P280,pt,Getting Started,2,Gym kit for beginners: what you actually need to buy,gym-kit-for-beginners-what-you-actually-need-to-buy,gym clothes for beginners,,,Informational,longtail-unevidenced,low-barrier practical; anti-overspend honesty,guide,1500,Free personal fitness assessment,Book a free call with Ben,/get-fit,ai-generate,"simple kit laid out on bed, unbranded","photo + title band, brand dark/chartreuse, 1200x630",Gym kit for beginners: what you actually need to buy | Suth Performance,low-barrier practical. From the Elite 15 HYROX coaching team at Suth Performance.,Article + BreadcrumbList (+HowTo where stepped),planned,
P281,pt,Getting Started,2,"Your first week: exactly what to do, day by day",your-first-week-exactly-what-to-do-day-by-day,first week gym plan,,,Informational,longtail-unevidenced,day-one hand-holding; highest beginner intent,guide,1500,Free personal fitness assessment,Book a free call with Ben,/get-fit,data-graphic,day-by-day first week plan,"headline stat rendered as branded card, 1200x630","Your first week: exactly what to do, day by day | Suth Performance",day-one hand-holding. From the Elite 15 HYROX coaching team at Suth Performance.,Article + BreadcrumbList (+HowTo where stepped),planned,
P282,pt,Getting Started,2,Solo gym or class? Choosing your entry point,solo-gym-or-class-choosing-your-entry-point,gym class or gym floor,,,Informational,longtail-unevidenced,entry-mode decision; anxiety-aware,guide,1500,Free personal fitness assessment,Book a free call with Ben,/get-fit,ai-generate,"class studio door vs gym floor, choice framing","photo + title band, brand dark/chartreuse, 1200x630",Solo gym or class? Choosing your entry point | Suth Performance,entry-mode decision. From the Elite 15 HYROX coaching team at Suth Performance.,Article + BreadcrumbList (+HowTo where stepped),planned,
P283,pt,Getting Started,2,What to do if you've never exercised at all,what-to-do-if-youve-never-exercised-at-all,never exercised where to start,,,Informational,longtail-unevidenced,true-zero starting point; walk-first protocol,guide,1500,Free personal fitness assessment,Book a free call with Ben,/get-fit,ai-generate,"front door trainers, first walk, hopeful","photo + title band, brand dark/chartreuse, 1200x630",What to do if you've never exercised at all | Suth Performance,true-zero starting point. From the Elite 15 HYROX coaching team at Suth Performance.,Article + BreadcrumbList (+HowTo where stepped),planned,
P284,pt,Myths & Evidence,3,10 fitness myths that won't die,10-fitness-myths-that-wont-die,fitness myths,,,Informational,longtail-unevidenced,myth-bust listicle; share magnet; evidence-cited,guide,1500,Free personal fitness assessment,Book a free call with Ben,/get-fit,data-graphic,myth vs evidence comparison cards,"headline stat rendered as branded card, 1200x630",10 fitness myths that won't die | Suth Performance,myth-bust listicle. From the Elite 15 HYROX coaching team at Suth Performance.,Article + BreadcrumbList (+HowTo where stepped),planned,
P285,pt,Myths & Evidence,3,Does sweating mean you burned more fat?,does-sweating-mean-you-burned-more-fat,does sweating burn fat,,,Informational,longtail-unevidenced,specific myth; physiology explained simply,guide,1500,Free personal fitness assessment,Book a free call with Ben,/get-fit,ai-generate,"sweat towel on bench, honest post-session","photo + title band, brand dark/chartreuse, 1200x630",Does sweating mean you burned more fat? | Suth Performance,specific myth. From the Elite 15 HYROX coaching team at Suth Performance.,Article + BreadcrumbList (+HowTo where stepped),planned,
P286,pt,Myths & Evidence,3,Is soreness a sign of a good workout?,is-soreness-a-sign-of-a-good-workout,is soreness good,,,Informational,longtail-unevidenced,adherence-damaging myth corrected,guide,1500,Free personal fitness assessment,Book a free call with Ben,/get-fit,ai-generate,"athlete stretching next day, mild discomfort","photo + title band, brand dark/chartreuse, 1200x630",Is soreness a sign of a good workout? | Suth Performance,adherence-damaging myth corrected. From the Elite 15 HYROX coaching team at Suth Performance.,Article + BreadcrumbList (+HowTo where stepped),planned,
P287,pt,Myths & Evidence,3,Do you need to 'shock the muscle'?,do-you-need-to-shock-the-muscle,muscle confusion,,,Informational,longtail-unevidenced,programming myth; progressive-overload counter,guide,1500,Free personal fitness assessment,Book a free call with Ben,/get-fit,data-graphic,consistency vs variety outcome comparison,"headline stat rendered as branded card, 1200x630",Do you need to 'shock the muscle'? | Suth Performance,programming myth. From the Elite 15 HYROX coaching team at Suth Performance.,Article + BreadcrumbList (+HowTo where stepped),planned,
P288,pt,Myths & Evidence,3,Is fasted cardio better for fat loss?,is-fasted-cardio-better-for-fat-loss,fasted cardio,,,Informational,longtail-unevidenced,evidence review; practical verdict,guide,1500,Free personal fitness assessment,Book a free call with Ben,/get-fit,ai-generate,"early morning run, empty streets, dawn","photo + title band, brand dark/chartreuse, 1200x630",Is fasted cardio better for fat loss? | Suth Performance,evidence review. From the Elite 15 HYROX coaching team at Suth Performance.,Article + BreadcrumbList (+HowTo where stepped),planned,
P289,pt,Myths & Evidence,3,Do detoxes and cleanses do anything?,do-detoxes-and-cleanses-do-anything,detox for weight loss,,,Informational,longtail-unevidenced,consumer-protection; liver physiology,guide,1500,Free personal fitness assessment,Book a free call with Ben,/get-fit,ai-generate,"juice bottles beside real food, contrast","photo + title band, brand dark/chartreuse, 1200x630",Do detoxes and cleanses do anything? | Suth Performance,consumer-protection. From the Elite 15 HYROX coaching team at Suth Performance.,Article + BreadcrumbList (+HowTo where stepped),planned,
P290,pt,Myths & Evidence,3,Are carbs the enemy?,are-carbs-the-enemy,are carbs bad,,,Informational,longtail-unevidenced,nutrition myth; performance-fuel framing,guide,1500,Free personal fitness assessment,Book a free call with Ben,/get-fit,ai-generate,"rice pasta oats on counter, unashamed","photo + title band, brand dark/chartreuse, 1200x630",Are carbs the enemy? | Suth Performance,nutrition myth. From the Elite 15 HYROX coaching team at Suth Performance.,Article + BreadcrumbList (+HowTo where stepped),planned,
P291,pt,Myths & Evidence,3,Can you turn fat into muscle?,can-you-turn-fat-into-muscle,turn fat into muscle,,,Informational,longtail-unevidenced,biology myth; recomp explained properly,guide,1500,Free personal fitness assessment,Book a free call with Ben,/get-fit,data-graphic,fat loss and muscle gain as separate processes,"headline stat rendered as branded card, 1200x630",Can you turn fat into muscle? | Suth Performance,biology myth. From the Elite 15 HYROX coaching team at Suth Performance.,Article + BreadcrumbList (+HowTo where stepped),planned,
P292,pt,Myths & Evidence,3,Is running bad for your knees?,is-running-bad-for-your-knees,is running bad for knees,,,Informational,longtail-unevidenced,big evidence-backed myth-bust; running crosslink,guide,1500,Free personal fitness assessment,Book a free call with Ben,/get-fit,ai-generate,"runner on path, knees healthy, mid-stride","photo + title band, brand dark/chartreuse, 1200x630",Is running bad for your knees? | Suth Performance,big evidence-backed myth-bust. From the Elite 15 HYROX coaching team at Suth Performance.,Article + BreadcrumbList (+HowTo where stepped),planned,
P293,pt,Myths & Evidence,3,Do you lose muscle if you stop training for two weeks?,do-you-lose-muscle-if-you-stop-training-for-two-weeks,muscle loss detraining,,,Informational,longtail-unevidenced,reassurance content; detraining evidence,guide,1500,Free personal fitness assessment,Book a free call with Ben,/get-fit,ai-generate,"person returning to gym after break, calm","photo + title band, brand dark/chartreuse, 1200x630",Do you lose muscle if you stop training for two weeks? | Suth Performance,reassurance content. From the Elite 15 HYROX coaching team at Suth Performance.,Article + BreadcrumbList (+HowTo where stepped),planned,
P294,pt,Coaching Philosophy,4,Why we don't do before-and-after photos,why-we-dont-do-before-and-after-photos,before and after photos fitness,,,Informational,longtail-unevidenced,brand-values content; honesty as differentiation (hard rule 1 as marketing),guide,1500,Free personal fitness assessment,Book a free call with Ben,/coaching,own-photo,v2/honesty-fresh.jpg,"photo + title band, brand dark/chartreuse, 1200x630",Why we don't do before-and-after photos | Suth Performance,brand-values content. From the Elite 15 HYROX coaching team at Suth Performance.,Article + BreadcrumbList (+HowTo where stepped),planned,
P295,pt,Coaching Philosophy,4,The problem with 75 Hard and extreme challenges,problem-with-75-hard-and-extreme-challenges,75 hard review,,,Informational,longtail-unevidenced,high-search critique; sustainable-alternative offer,guide,1500,Free personal fitness assessment,Book a free call with Ben,/coaching,ai-generate,"calendar with crossed-off days, exhaustion implied","photo + title band, brand dark/chartreuse, 1200x630",The problem with 75 Hard and extreme challenges | Suth Performance,high-search critique. From the Elite 15 HYROX coaching team at Suth Performance.,Article + BreadcrumbList (+HowTo where stepped),planned,
P296,pt,Coaching Philosophy,4,Discipline vs motivation: the more useful frame,discipline-vs-motivation-the-more-useful-frame,discipline vs motivation,,,Informational,longtail-unevidenced,philosophy content; habit crosslink,guide,1500,Free personal fitness assessment,Book a free call with Ben,/coaching,ai-generate,"early alarm and kit ready, quiet resolve","photo + title band, brand dark/chartreuse, 1200x630",Discipline vs motivation: the more useful frame | Suth Performance,philosophy content. From the Elite 15 HYROX coaching team at Suth Performance.,Article + BreadcrumbList (+HowTo where stepped),planned,
P297,pt,Coaching Philosophy,4,What a coach actually changes (it isn't the exercises),what-a-coach-actually-changes-it-isnt-the-exercises,what does a coach do,,,Informational,longtail-unevidenced,differentiation content; adherence and decisions,guide,1500,Free personal fitness assessment,Book a free call with Ben,/coaching,own-photo,v2/about-coaching.jpg,"photo + title band, brand dark/chartreuse, 1200x630",What a coach actually changes (it isn't the exercises) | Suth Performance,differentiation content. From the Elite 15 HYROX coaching team at Suth Performance.,Article + BreadcrumbList (+HowTo where stepped),planned,
P298,pt,Coaching Philosophy,4,"Training for life, not for a date",training-for-life-not-for-a-date,sustainable fitness,,,Informational,longtail-unevidenced,anti-crash-diet positioning; long-term coaching case,guide,1500,Free personal fitness assessment,Book a free call with Ben,/coaching,ai-generate,"person training in their forties, unhurried","photo + title band, brand dark/chartreuse, 1200x630","Training for life, not for a date | Suth Performance",anti-crash-diet positioning. From the Elite 15 HYROX coaching team at Suth Performance.,Article + BreadcrumbList (+HowTo where stepped),planned,
P299,pt,Coaching Philosophy,4,Why most fitness advice online is wrong for you,why-most-fitness-advice-online-is-wrong-for-you,fitness advice online,,,Informational,longtail-unevidenced,personalisation argument; assessment CTA,guide,1500,Free personal fitness assessment,Book a free call with Ben,/coaching,ai-generate,"phone with conflicting fitness content, confusion","photo + title band, brand dark/chartreuse, 1200x630",Why most fitness advice online is wrong for you | Suth Performance,personalisation argument. From the Elite 15 HYROX coaching team at Suth Performance.,Article + BreadcrumbList (+HowTo where stepped),planned,
P300,pt,Coaching Philosophy,4,Rest is training: the case for doing less sometimes,rest-is-training-the-case-for-doing-less-sometimes,rest days importance,,,Informational,longtail-unevidenced,recovery philosophy; overtraining crosslink,guide,1500,Free personal fitness assessment,Book a free call with Ben,/coaching,ai-generate,"empty gym bag on rest day, book and coffee","photo + title band, brand dark/chartreuse, 1200x630",Rest is training: the case for doing less sometimes | Suth Performance,recovery philosophy. From the Elite 15 HYROX coaching team at Suth Performance.,Article + BreadcrumbList (+HowTo where stepped),planned,
P301,pt,Corporate & Group,4,Corporate wellness that employees actually use,corporate-wellness-that-employees-actually-use,corporate wellness programme,,,Informational,longtail-unevidenced,B2B lead content; partner-programme CTA,guide,1500,Free personal fitness assessment,Book a free call with Ben,/coaching,ai-generate,"office team lunchtime session, genuine participation","photo + title band, brand dark/chartreuse, 1200x630",Corporate wellness that employees actually use | Suth Performance,B2B lead content. From the Elite 15 HYROX coaching team at Suth Performance.,Article + BreadcrumbList (+HowTo where stepped),planned,
P302,pt,Corporate & Group,4,Setting up a workplace fitness challenge,setting-up-a-workplace-fitness-challenge,workplace fitness challenge,,,Informational,longtail-unevidenced,practical B2B playbook; relay crosslink,guide,1500,Free personal fitness assessment,Book a free call with Ben,/coaching,data-graphic,8-week workplace challenge structure,"headline stat rendered as branded card, 1200x630",Setting up a workplace fitness challenge | Suth Performance,practical B2B playbook. From the Elite 15 HYROX coaching team at Suth Performance.,Article + BreadcrumbList (+HowTo where stepped),planned,
P303,pt,Corporate & Group,4,Training a team for a fitness event together,training-a-team-for-a-fitness-event-together,team fitness event training,,,Informational,longtail-unevidenced,corporate relay funnel; group coaching CTA,guide,1500,Free personal fitness assessment,Book a free call with Ben,/coaching,ai-generate,workplace team training together after hours,"photo + title band, brand dark/chartreuse, 1200x630",Training a team for a fitness event together | Suth Performance,corporate relay funnel. From the Elite 15 HYROX coaching team at Suth Performance.,Article + BreadcrumbList (+HowTo where stepped),planned,
P304,pt,Corporate & Group,4,Group coaching vs individual: what teams should choose,group-coaching-vs-individual-what-teams-should-choose,group coaching for teams,,,Informational,longtail-unevidenced,B2B service comparison,guide,1500,Free personal fitness assessment,Book a free call with Ben,/coaching,data-graphic,group vs individual coaching for teams,"headline stat rendered as branded card, 1200x630",Group coaching vs individual: what teams should choose | Suth Performance,B2B service comparison. From the Elite 15 HYROX coaching team at Suth Performance.,Article + BreadcrumbList (+HowTo where stepped),planned,
P305,pt,Coaching Transparency,1,What online coaching actually costs in the UK (2026 price bands),what-online-coaching-actually-costs-in-the-uk-2026-price-bands,online coaching cost uk,,,Informational,longtail-unevidenced,GAP: only marketplaces publish prices; no coaching brand does. Publishing ours openly is both differentiation and the strongest trust signal available,pillar,2500,Free personal fitness assessment,Book a free call with Ben,/how-much-is-a-personal-trainer,data-graphic,UK online coaching price bands by tier,"headline stat rendered as branded card, 1200x630",What online coaching actually costs in the UK (2026 price bands) | Suth Performance,GAP: only marketplaces publish prices. From the Elite 15 HYROX coaching team at Suth Performance.,Article + FAQPage + BreadcrumbList,planned,
P306,pt,Coaching Transparency,1,£40/hr PT vs £129/month coaching: the cost-of-contact maths,40hr-pt-vs-129month-coaching-the-cost-of-contact-maths,personal trainer vs online coach cost,,,Informational,longtail-unevidenced,"GAP: nobody does this arithmetic. It is the conversion argument in numbers, and it favours us honestly",guide,1500,Free personal fitness assessment,Book a free call with Ben,/how-much-is-a-personal-trainer,data-graphic,"cost per week of coach contact, both models","headline stat rendered as branded card, 1200x630",£40/hr PT vs £129/month coaching: the cost-of-contact maths | Suth Performance,"GAP: nobody does this arithmetic. It is the conversion argument in numbers, and it favours us honestly. From the Elite 15 HYROX coaching team at Suth Performa",Article + BreadcrumbList (+HowTo where stepped),planned,
P307,pt,Coaching Transparency,1,"What you get for £100, £200 and £300 a month in online coaching",what-you-get-for-100-200-and-300-a-month-in-online-coaching,online coaching tiers,,,Informational,longtail-unevidenced,GAP: tier explainer unwritten anywhere in the UK; sets expectations before the call,guide,1500,Free personal fitness assessment,Book a free call with Ben,/how-much-is-a-personal-trainer,data-graphic,what each price tier includes,"headline stat rendered as branded card, 1200x630","What you get for £100, £200 and £300 a month in online coaching | Suth Performance",GAP: tier explainer unwritten anywhere in the UK. From the Elite 15 HYROX coaching team at Suth Performance.,Article + BreadcrumbList (+HowTo where stepped),planned,
P308,pt,Coaching Transparency,2,Why online coaches charge monthly instead of per session,why-online-coaches-charge-monthly-instead-of-per-session,why online coaching monthly,,,Informational,longtail-unevidenced,GAP: billing-model explainer with zero UK coverage; removes a real objection,guide,1500,Free personal fitness assessment,Book a free call with Ben,/how-much-is-a-personal-trainer,ai-generate,calendar with continuous coaching marked vs isolated sessions,"photo + title band, brand dark/chartreuse, 1200x630",Why online coaches charge monthly instead of per session | Suth Performance,GAP: billing-model explainer with zero UK coverage. From the Elite 15 HYROX coaching team at Suth Performance.,Article + BreadcrumbList (+HowTo where stepped),planned,
P309,pt,Coaching Transparency,2,The cheapest legitimate ways to get properly coached in the UK,cheapest-legitimate-ways-to-get-properly-coached-in-the-uk,cheap online coaching uk,,,Informational,longtail-unevidenced,"GAP: the budget ladder (group, 12-week block, check-in-only) is unwritten; captures price-sensitive searchers honestly",guide,1500,Free personal fitness assessment,Book a free call with Ben,/how-much-is-a-personal-trainer,data-graphic,coaching options by budget ladder,"headline stat rendered as branded card, 1200x630",The cheapest legitimate ways to get properly coached in the UK | Suth Performance,"GAP: the budget ladder (group, 12-week block, check-in-only) is unwritten. From the Elite 15 HYROX coaching team at Suth Performance.",Article + BreadcrumbList (+HowTo where stepped),planned,
P310,pt,Coaching Transparency,2,"Coaching contracts: cancellation, pausing and refunds explained",coaching-contracts-cancellation-pausing-and-refunds-explained,personal training contract cancellation,,,Informational,longtail-unevidenced,GAP: UK norms completely absent from search; consumer-champion content,guide,1500,Free personal fitness assessment,Book a free call with Ben,/how-much-is-a-personal-trainer,ai-generate,"contract terms on tablet, clear and readable","photo + title band, brand dark/chartreuse, 1200x630","Coaching contracts: cancellation, pausing and refunds explained | Suth Performance",GAP: UK norms completely absent from search. From the Elite 15 HYROX coaching team at Suth Performance.,Article + BreadcrumbList (+HowTo where stepped),planned,
P311,pt,Vetting a Coach,1,Questions to ask an online coach before you pay,questions-to-ask-an-online-coach-before-you-pay,questions to ask online coach,,,Informational,longtail-unevidenced,GAP: the in-person version exists (US only); the ONLINE version does not exist anywhere. Clean first-mover,pillar,2500,Free personal fitness assessment,Book a free call with Ben,/coaching,data-graphic,online coach vetting question checklist,"headline stat rendered as branded card, 1200x630",Questions to ask an online coach before you pay | Suth Performance,GAP: the in-person version exists (US only). From the Elite 15 HYROX coaching team at Suth Performance.,Article + FAQPage + BreadcrumbList,planned,
P312,pt,Vetting a Coach,1,"UK fitness credentials for buyers: Level 3, Level 4, CIMSPA, insurance",uk-fitness-credentials-for-buyers-level-3-level-4-cimspa-insurance,personal trainer qualifications uk,,,Informational,longtail-unevidenced,"GAP: only course sellers cover this, written for students. A buyer-side explainer is unclaimed — and title framing keeps us out of their SERP",guide,1500,Free personal fitness assessment,Book a free call with Ben,/coaching,data-graphic,credential tiers explained for buyers,"headline stat rendered as branded card, 1200x630","UK fitness credentials for buyers: Level 3, Level 4, CIMSPA, insurance | Suth Performance","GAP: only course sellers cover this, written for students. A buyer-side explainer is unclaimed — and title framing keeps us out of their SERP. From the Elite ",Article + BreadcrumbList (+HowTo where stepped),planned,
P313,pt,Vetting a Coach,2,How to spot faked transformation photos,how-to-spot-faked-transformation-photos,fake transformation photos,,,Informational,longtail-unevidenced,GAP: unwritten; consumer-protection content that also explains why we don't use before-and-afters,guide,1500,Free personal fitness assessment,Book a free call with Ben,/coaching,ai-generate,"same person same day different lighting and posture, honest demo","photo + title band, brand dark/chartreuse, 1200x630",How to spot faked transformation photos | Suth Performance,GAP: unwritten. From the Elite 15 HYROX coaching team at Suth Performance.,Article + BreadcrumbList (+HowTo where stepped),planned,
P314,pt,Vetting a Coach,2,Online coaching red flags: 10 signs to keep your money,online-coaching-red-flags-10-signs-to-keep-your-money,online coaching red flags,,,Informational,longtail-unevidenced,GAP: current results are US business-coaching scams; UK fitness version unclaimed,guide,1500,Free personal fitness assessment,Book a free call with Ben,/coaching,ai-generate,sceptical person reading coaching sales page on phone,"photo + title band, brand dark/chartreuse, 1200x630",Online coaching red flags: 10 signs to keep your money | Suth Performance,GAP: current results are US business-coaching scams. From the Elite 15 HYROX coaching team at Suth Performance.,Article + BreadcrumbList (+HowTo where stepped),planned,
P315,pt,Vetting a Coach,3,What a UK coach can and can't legally tell you about food,what-a-uk-coach-can-and-cant-legally-tell-you-about-food,can personal trainer give meal plan,,,Informational,longtail-unevidenced,GAP: scope-of-practice covered only by course sites for trainers; buyers never told. Trust content,guide,1500,Free personal fitness assessment,Book a free call with Ben,/coaching,data-graphic,coach vs dietitian scope boundaries,"headline stat rendered as branded card, 1200x630",What a UK coach can and can't legally tell you about food | Suth Performance,GAP: scope-of-practice covered only by course sites for trainers. From the Elite 15 HYROX coaching team at Suth Performance.,Article + BreadcrumbList (+HowTo where stepped),planned,
P316,pt,Vetting a Coach,3,How to leave a coach who isn't working out,how-to-leave-a-coach-who-isnt-working-out,how to quit personal trainer,,,Informational,longtail-unevidenced,GAP: awkward-topic content nobody writes; genuine goodwill and search demand,guide,1500,Free personal fitness assessment,Book a free call with Ben,/coaching,ai-generate,"polite conversation at gym reception, respectful","photo + title band, brand dark/chartreuse, 1200x630",How to leave a coach who isn't working out | Suth Performance,GAP: awkward-topic content nobody writes. From the Elite 15 HYROX coaching team at Suth Performance.,Article + BreadcrumbList (+HowTo where stepped),planned,
P317,pt,Expectations,1,What 12 weeks of online coaching realistically looks like,what-12-weeks-of-online-coaching-realistically-looks-like,12 weeks online coaching,,,Informational,longtail-unevidenced,GAP: week-by-week reality with real numbers; nobody publishes the actual experience,pillar,2500,Free personal fitness assessment,Book a free call with Ben,/coaching,data-graphic,week-by-week coaching timeline,"headline stat rendered as branded card, 1200x630",What 12 weeks of online coaching realistically looks like | Suth Performance,GAP: week-by-week reality with real numbers. From the Elite 15 HYROX coaching team at Suth Performance.,Article + FAQPage + BreadcrumbList,planned,
P318,pt,Expectations,2,Month 1 vs month 3 vs month 6 of coaching,month-1-vs-month-3-vs-month-6-of-coaching,coaching progress timeline,,,Informational,longtail-unevidenced,GAP: longitudinal expectation-setting; reduces early churn,guide,1500,Free personal fitness assessment,Book a free call with Ben,/coaching,data-graphic,progress and experience by month,"headline stat rendered as branded card, 1200x630",Month 1 vs month 3 vs month 6 of coaching | Suth Performance,GAP: longitudinal expectation-setting. From the Elite 15 HYROX coaching team at Suth Performance.,Article + BreadcrumbList (+HowTo where stepped),planned,
P319,pt,Expectations,2,Six weeks in and seeing nothing? What's actually happening,six-weeks-in-and-seeing-nothing-whats-actually-happening,no results after 6 weeks,,,Informational,longtail-unevidenced,"GAP: plateau/expectation management written for buyers, not trainers; high-frustration search moment",guide,1500,Free personal fitness assessment,Book a free call with Ben,/coaching,ai-generate,"person mid-training block, unglamorous middle phase","photo + title band, brand dark/chartreuse, 1200x630",Six weeks in and seeing nothing? What's actually happening | Suth Performance,"GAP: plateau/expectation management written for buyers, not trainers. From the Elite 15 HYROX coaching team at Suth Performance.",Article + BreadcrumbList (+HowTo where stepped),planned,
P320,pt,Expectations,2,What happens after coaching ends,what-happens-after-coaching-ends,after personal training ends,,,Informational,longtail-unevidenced,GAP: nobody markets offboarding. Graduation planning is a trust differentiator and a retention tool,guide,1500,Free personal fitness assessment,Book a free call with Ben,/coaching,ai-generate,"person training independently and confidently, gym floor","photo + title band, brand dark/chartreuse, 1200x630",What happens after coaching ends | Suth Performance,GAP: nobody markets offboarding. Graduation planning is a trust differentiator and a retention tool. From the Elite 15 HYROX coaching team at Suth Performance,Article + BreadcrumbList (+HowTo where stepped),planned,
P321,pt,Expectations,3,How online coaches actually check your form,how-online-coaches-actually-check-your-form,online coaching form check,,,Informational,longtail-unevidenced,GAP: process opacity is a top objection; screenshots of the real review flow answer it,guide,1500,Free personal fitness assessment,Book a free call with Ben,/coaching,ai-generate,coach annotating client lift video on screen,"photo + title band, brand dark/chartreuse, 1200x630",How online coaches actually check your form | Suth Performance,GAP: process opacity is a top objection. From the Elite 15 HYROX coaching team at Suth Performance.,Article + BreadcrumbList (+HowTo where stepped),planned,
P322,pt,Expectations,3,What a coaching check-in actually contains,what-a-coaching-check-in-actually-contains,coaching check in example,,,Informational,longtail-unevidenced,GAP: process transparency; showing the real artefact sells the service,guide,1500,Free personal fitness assessment,Book a free call with Ben,/coaching,data-graphic,anonymised check-in structure,"headline stat rendered as branded card, 1200x630",What a coaching check-in actually contains | Suth Performance,GAP: process transparency. From the Elite 15 HYROX coaching team at Suth Performance.,Article + BreadcrumbList (+HowTo where stepped),planned,
P323,pt,Life-Situation Coaching,1,Training while on GLP-1 medication: keeping muscle on Mounjaro or Wegovy,training-while-on-glp-1-medication-keeping-muscle-on-mounjaro-or-wegov,exercise on mounjaro,,,Informational,longtail-unevidenced,"GAP: huge and rising UK search demand, near-zero coach-authored content. Muscle retention is the real clinical concern. Needs careful sourcing and clinical review",pillar,2500,Free personal fitness assessment,Book a free call with Ben,/get-fit,ai-generate,"person meal-prepping protein-forward food, calm kitchen","photo + title band, brand dark/chartreuse, 1200x630",Training while on GLP-1 medication: keeping muscle on Mounjaro or Wegovy | Suth Performance,"GAP: huge and rising UK search demand, near-zero coach-authored content. Muscle retention is the real clinical concern. Needs careful sourcing and clinical re",Article + FAQPage + BreadcrumbList,planned,
P324,pt,Life-Situation Coaching,2,Coaching for new parents: the first 12 months,coaching-for-new-parents-the-first-12-months,fitness for new parents uk,,,Informational,longtail-unevidenced,GAP: UK results are all buggy-fitness classes; no coaching angle exists,guide,1500,Free personal fitness assessment,Book a free call with Ben,/get-fit,ai-generate,"parent training at home during nap, realistic","photo + title band, brand dark/chartreuse, 1200x630",Coaching for new parents: the first 12 months | Suth Performance,GAP: UK results are all buggy-fitness classes. From the Elite 15 HYROX coaching team at Suth Performance.,Article + BreadcrumbList (+HowTo where stepped),planned,
P325,pt,Life-Situation Coaching,2,Training on NHS and emergency-service shift patterns,training-on-nhs-and-emergency-service-shift-patterns,shift worker fitness nhs,,,Informational,longtail-unevidenced,GAP: only two big publishers touch night-shift training; no coaching brand serves it,guide,1500,Free personal fitness assessment,Book a free call with Ben,/get-fit,ai-generate,"paramedic or nurse leaving shift with gym bag, dawn","photo + title band, brand dark/chartreuse, 1200x630",Training on NHS and emergency-service shift patterns | Suth Performance,GAP: only two big publishers touch night-shift training. From the Elite 15 HYROX coaching team at Suth Performance.,Article + BreadcrumbList (+HowTo where stepped),planned,
P326,pt,Life-Situation Coaching,2,Coming back to training after 50 (and a long layoff),coming-back-to-training-after-50-and-a-long-layoff,getting back into exercise after 50,,,Informational,longtail-unevidenced,GAP: distinct from 'senior fitness'; current UK pages are London studio service pages,guide,1500,Free personal fitness assessment,Book a free call with Ben,/get-fit,ai-generate,"50s person restarting confidently in gym, capable","photo + title band, brand dark/chartreuse, 1200x630",Coming back to training after 50 (and a long layoff) | Suth Performance,GAP: distinct from 'senior fitness'. From the Elite 15 HYROX coaching team at Suth Performance.,Article + BreadcrumbList (+HowTo where stepped),planned,
P327,pt,Life-Situation Coaching,2,Coaching through perimenopause and menopause,coaching-through-perimenopause-and-menopause,menopause personal trainer,,,Informational,longtail-unevidenced,GAP: insurers and clinics own this clinically; nobody owns the coaching side,guide,1500,Free personal fitness assessment,Book a free call with Ben,/get-fit,ai-generate,"woman strength training, mid-life, strong and unbothered","photo + title band, brand dark/chartreuse, 1200x630",Coaching through perimenopause and menopause | Suth Performance,GAP: insurers and clinics own this clinically. From the Elite 15 HYROX coaching team at Suth Performance.,Article + BreadcrumbList (+HowTo where stepped),planned,
P328,pt,Life-Situation Coaching,2,"Men 35-50: desk job, kids, and getting back in shape",men-35-50-desk-job-kids-and-getting-back-in-shape,getting fit 40 year old man,,,Informational,longtail-unevidenced,GAP: served only by tiny personal blogs; no scaled UK content brand,guide,1500,Free personal fitness assessment,Book a free call with Ben,/get-fit,ai-generate,"man in 40s training in garage gym after work, honest","photo + title band, brand dark/chartreuse, 1200x630","Men 35-50: desk job, kids, and getting back in shape | Suth Performance",GAP: served only by tiny personal blogs. From the Elite 15 HYROX coaching team at Suth Performance.,Article + BreadcrumbList (+HowTo where stepped),planned,
P329,pt,Life-Situation Coaching,3,Post-physio: bridging discharge and normal training,post-physio-bridging-discharge-and-normal-training,after physio what next,,,Informational,longtail-unevidenced,GAP: the handover between physio discharge and training is uncovered from both sides,guide,1500,Free personal fitness assessment,Book a free call with Ben,/get-fit,ai-generate,rehab exercises transitioning to gym work,"photo + title band, brand dark/chartreuse, 1200x630",Post-physio: bridging discharge and normal training | Suth Performance,GAP: the handover between physio discharge and training is uncovered from both sides. From the Elite 15 HYROX coaching team at Suth Performance.,Article + BreadcrumbList (+HowTo where stepped),planned,
P330,pt,Life-Situation Coaching,3,Training with gym anxiety: the coached route in,training-with-gym-anxiety-the-coached-route-in,gym anxiety help,,,Informational,longtail-unevidenced,GAP: gym-anxiety content exists everywhere but never links to a coaching solution,guide,1500,Free personal fitness assessment,Book a free call with Ben,/get-fit,ai-generate,"supportive first session, quiet corner of gym","photo + title band, brand dark/chartreuse, 1200x630",Training with gym anxiety: the coached route in | Suth Performance,GAP: gym-anxiety content exists everywhere but never links to a coaching solution. From the Elite 15 HYROX coaching team at Suth Performance.,Article + BreadcrumbList (+HowTo where stepped),planned,
P331,pt,Life-Situation Coaching,3,Remote and hybrid workers: when your day has no shape,remote-and-hybrid-workers-when-your-day-has-no-shape,working from home fitness,,,Informational,longtail-unevidenced,GAP: nobody has written the no-commute-structure fitness post; large post-2020 audience,guide,1500,Free personal fitness assessment,Book a free call with Ben,/get-fit,ai-generate,"home office with kit in corner, midday break","photo + title band, brand dark/chartreuse, 1200x630",Remote and hybrid workers: when your day has no shape | Suth Performance,GAP: nobody has written the no-commute-structure fitness post. From the Elite 15 HYROX coaching team at Suth Performance.,Article + BreadcrumbList (+HowTo where stepped),planned,
P332,pt,Life-Situation Coaching,4,Finished Couch to 5k? Here's what most people do next,finished-couch-to-5k-heres-what-most-people-do-next,what to do after couch to 5k,,,Informational,longtail-unevidenced,"GAP: documented low completion rate leaves a large, identifiable stranded audience with nowhere to go",guide,1500,Free personal fitness assessment,Book a free call with Ben,/get-fit,ai-generate,runner past the 5k stage looking at next goal,"photo + title band, brand dark/chartreuse, 1200x630",Finished Couch to 5k? Here's what most people do next | Suth Performance,"GAP: documented low completion rate leaves a large, identifiable stranded audience with nowhere to go. From the Elite 15 HYROX coaching team at Suth Performan",Article + BreadcrumbList (+HowTo where stepped),planned,
P333,pt,Online Coaching,1,Can a total beginner use online coaching? (Everyone says no),can-a-total-beginner-use-online-coaching-everyone-says-no,online coaching for complete beginners,,,Informational,longtail-unevidenced,GAP: every existing article claims online is for intermediates. That objection is unanswered anywhere and it blocks our largest segment,guide,1500,Book a free call with Ben,Free personal fitness assessment,/coaching,own-photo,track/diverse-pool,"photo + title band, brand dark/chartreuse, 1200x630",Can a total beginner use online coaching? (Everyone says no) | Suth Performance,GAP: every existing article claims online is for intermediates. That objection is unanswered anywhere and it blocks our largest segment. From the Elite 15 HYR,Article + BreadcrumbList (+HowTo where stepped),planned,
P334,pt,Online Coaching,2,"Hybrid coaching explained (for clients, not trainers)",hybrid-coaching-explained-for-clients-not-trainers,hybrid coaching,,,Informational,longtail-unevidenced,GAP: all hybrid content is written for trainers by coach-software firms; the client-facing version is unwritten,guide,1500,Book a free call with Ben,Free personal fitness assessment,/coaching,data-graphic,hybrid model explained,"headline stat rendered as branded card, 1200x630","Hybrid coaching explained (for clients, not trainers) | Suth Performance",GAP: all hybrid content is written for trainers by coach-software firms. From the Elite 15 HYROX coaching team at Suth Performance.,Article + BreadcrumbList (+HowTo where stepped),planned,
P335,pt,Online Coaching,3,Self-serve plan or full coaching: which do you actually need?,self-serve-plan-or-full-coaching-which-do-you-actually-need,training plan vs coaching,,,Informational,longtail-unevidenced,GAP: the tiered-product decision page; sells both our tiers honestly,guide,1500,Book a free call with Ben,Free personal fitness assessment,/coaching,data-graphic,plan vs coaching decision aid,"headline stat rendered as branded card, 1200x630",Self-serve plan or full coaching: which do you actually need? | Suth Performance,GAP: the tiered-product decision page. From the Elite 15 HYROX coaching team at Suth Performance.,Article + BreadcrumbList (+HowTo where stepped),planned,
P336,pt,Tools,1,Personal trainer cost calculator: what your goal will actually cost,personal-trainer-cost-calculator-what-your-goal-will-actually-cost,personal trainer cost calculator,,,Informational,longtail-unevidenced,GAP: no UK brand owns a PT cost calculator. Link-earning asset currently defaulting to marketplaces,pillar,2500,Free personal fitness assessment,Book a free call with Ben,/coaching,data-graphic,interactive cost calculator preview,"headline stat rendered as branded card, 1200x630",Personal trainer cost calculator: what your goal will actually cost | Suth Performance,GAP: no UK brand owns a PT cost calculator. Link-earning asset currently defaulting to marketplaces. From the Elite 15 HYROX coaching team at Suth Performance,Article + FAQPage + BreadcrumbList,planned,
P337,pt,Tools,2,Which coaching model suits you? A 2-minute quiz,which-coaching-model-suits-you-a-2-minute-quiz,which coaching is right for me,,,Informational,longtail-unevidenced,GAP: no UK coaching-model quiz exists; doubles as a funnel entry into the assessment,guide,1500,Free personal fitness assessment,Book a free call with Ben,/coaching,data-graphic,quiz decision paths preview,"headline stat rendered as branded card, 1200x630",Which coaching model suits you? A 2-minute quiz | Suth Performance,GAP: no UK coaching-model quiz exists. From the Elite 15 HYROX coaching team at Suth Performance.,Article + BreadcrumbList (+HowTo where stepped),planned,
P338,pt,Tools,2,UK personal trainer price index by region,uk-personal-trainer-price-index-by-region,personal trainer prices by region uk,,,Informational,longtail-unevidenced,GAP: regional price index is a link magnet; supports every location page,guide,1500,Free personal fitness assessment,Book a free call with Ben,/coaching,data-graphic,regional price index map,"headline stat rendered as branded card, 1200x630",UK personal trainer price index by region | Suth Performance,GAP: regional price index is a link magnet. From the Elite 15 HYROX coaching team at Suth Performance.,Article + BreadcrumbList (+HowTo where stepped),planned,
